nama_paket,nama_kapal,kategori,harga,harga_numeric,durasi,kapasitas,destinasi,fasilitas,layanan,fitur,deskripsi,image_url,link,sumber,content,combined_text,processed_text
Komodo Tour PackagePapiton Duwa,PackagePapiton Duwa,OPEN_TRIP,IDR 9.000.000,9000000,3D2N,12 Guests,"komodo, padar, pink beach, labuan bajo, kelor","bar, ac, bathroom, cabin, snorkeling equipment","snorkeling, trekking, private charter, open trip","ac, snorkeling, labuan bajo, bar, snorkeling equipment, komodo, cabin, padar, pink beach, bathroom, private charter, trekking, kelor, open trip",PackagePapiton Duwa adalah kapal phinisi mewah yang menawarkan pengalaman berlayar eksklusif di Komodo Island. Dilengkapi fasilitas premium dan pelayanan profesional.,https://phinisitrip.com/wp-content/uploads/2025/08/phinisitrip.webp,https://phinisitrip.com/komodo-tour-package-papiton-duwa/,phinisitrip.com,"Komodo Tour PackagePapiton Duwa OPEN_TRIP 3D2N 12 Guests ac, snorkeling, labuan bajo, bar, snorkeling equipment, komodo, cabin, padar, pink beach, bathroom, private charter, trekking, kelor, open trip","PackagePapiton Duwa OPEN_TRIP IDR 9.000.000 komodo, padar, pink beach, labuan bajo, kelor ac, snorkeling, labuan bajo, bar, snorkeling equipment, komodo, cabin, padar, pink beach, bathroom, private charter, trekking, kelor, open trip PackagePapiton Duwa adalah kapal phinisi mewah yang menawarkan pengalaman berlayar eksklusif di Komodo Island. Dilengkapi fasilitas premium dan pelayanan profesional.",packagepapiton duwa opentrip komodo padar pink beach labu bajo kelor ac snorkeling labu bajo bar snorkeling equipment komodo cabin padar pink beach bathroom private charter trekking kelor open trip packagepapiton duwa mewah tawar alam layar eksklusif komodo island lengkap fasilitas premium layan profesional
Komodo Tour PackageSingkolo,PackageSingkolo,OPEN_TRIP,"IDR 4,300,000",4300000,3D2N,13 Guests,"komodo, padar, pink beach, labuan bajo, kelor","sun deck, bar, ac, bathroom, cabin, snorkeling equipment","snorkeling, trekking, private charter, open trip, kayak","ac, snorkeling, kayak, labuan bajo, bar, sun deck, snorkeling equipment, cabin, komodo, padar, pink beach, bathroom, private charter, trekking, kelor, open trip",PackageSingkolo adalah kapal phinisi mewah yang menawarkan pengalaman berlayar eksklusif di Komodo Island. Dilengkapi fasilitas premium dan pelayanan profesional.,https://phinisitrip.com/wp-content/uploads/2025/08/phinisitrip.webp,https://phinisitrip.com/komodo-tour-package-singkolo/,phinisitrip.com,"Komodo Tour PackageSingkolo OPEN_TRIP 3D2N 13 Guests ac, snorkeling, kayak, labuan bajo, bar, sun deck, snorkeling equipment, cabin, komodo, padar, pink beach, bathroom, private charter, trekking, kelor, open trip","PackageSingkolo OPEN_TRIP IDR 4,300,000 komodo, padar, pink beach, labuan bajo, kelor ac, snorkeling, kayak, labuan bajo, bar, sun deck, snorkeling equipment, cabin, komodo, padar, pink beach, bathroom, private charter, trekking, kelor, open trip PackageSingkolo adalah kapal phinisi mewah yang menawarkan pengalaman berlayar eksklusif di Komodo Island. Dilengkapi fasilitas premium dan pelayanan profesional.",packagesingkolo opentrip komodo padar pink beach labu bajo kelor ac snorkeling kayak labu bajo bar sun deck snorkeling equipment cabin komodo padar pink beach bathroom private charter trekking kelor open trip packagesingkolo mewah tawar alam layar eksklusif komodo island lengkap fasilitas premium layan profesional
Komodo Tour PackageNK Jaya 1,PackageNK Jaya 1,OPEN_TRIP,"IDR 4,500,000",4500000,3D2N,14 Guests,"komodo, padar, pink beach, labuan bajo, kelor","jacuzzi, ac, bathroom, cabin, snorkeling equipment","snorkeling, trekking, private charter, open trip","ac, snorkeling, labuan bajo, snorkeling equipment, komodo, cabin, padar, pink beach, trekking, bathroom, private charter, jacuzzi, kelor, open trip",PackageNK Jaya 1 adalah kapal phinisi mewah yang menawarkan pengalaman berlayar eksklusif di Komodo Island. Dilengkapi fasilitas premium dan pelayanan profesional.,https://phinisitrip.com/wp-content/uploads/2025/08/phinisitrip.webp,https://phinisitrip.com/komodo-tour-package-nk-jaya-1/,phinisitrip.com,"Komodo Tour PackageNK Jaya 1 OPEN_TRIP 3D2N 14 Guests ac, snorkeling, labuan bajo, snorkeling equipment, komodo, cabin, padar, pink beach, trekking, bathroom, private charter, jacuzzi, kelor, open trip","PackageNK Jaya 1 OPEN_TRIP IDR 4,500,000 komodo, padar, pink beach, labuan bajo, kelor ac, snorkeling, labuan bajo, snorkeling equipment, komodo, cabin, padar, pink beach, trekking, bathroom, private charter, jacuzzi, kelor, open trip PackageNK Jaya 1 adalah kapal phinisi mewah yang menawarkan pengalaman berlayar eksklusif di Komodo Island. Dilengkapi fasilitas premium dan pelayanan profesional.",packagenk jaya opentrip komodo padar pink beach labu bajo kelor ac snorkeling labu bajo snorkeling equipment komodo cabin padar pink beach trekking bathroom private charter jacuzzi kelor open trip packagenk jaya mewah tawar alam layar eksklusif komodo island lengkap fasilitas premium layan profesional
Komodo Tour PackageElbark Cruise,PackageElbark Cruise,OPEN_TRIP,IDR 11.500.000,11500000,3D2N,21 Guests,"komodo, padar, pink beach, labuan bajo, kelor","jacuzzi, bar, ac, bathroom, cabin, snorkeling equipment, shower","snorkeling, trekking, private charter, open trip","shower, ac, snorkeling, labuan bajo, bar, snorkeling equipment, komodo, cabin, padar, pink beach, trekking, bathroom, private charter, jacuzzi, kelor, open trip",PackageElbark Cruise adalah kapal phinisi mewah yang menawarkan pengalaman berlayar eksklusif di Komodo Island. Dilengkapi fasilitas premium dan pelayanan profesional.,https://phinisitrip.com/wp-content/uploads/2025/08/phinisitrip.webp,https://phinisitrip.com/komodo-tour-package-elbark-cruise/,phinisitrip.com,"Komodo Tour PackageElbark Cruise OPEN_TRIP 3D2N 21 Guests shower, ac, snorkeling, labuan bajo, bar, snorkeling equipment, komodo, cabin, padar, pink beach, trekking, bathroom, private charter, jacuzzi, kelor, open trip","PackageElbark Cruise OPEN_TRIP IDR 11.500.000 komodo, padar, pink beach, labuan bajo, kelor shower, ac, snorkeling, labuan bajo, bar, snorkeling equipment, komodo, cabin, padar, pink beach, trekking, bathroom, private charter, jacuzzi, kelor, open trip PackageElbark Cruise adalah kapal phinisi mewah yang menawarkan pengalaman berlayar eksklusif di Komodo Island. Dilengkapi fasilitas premium dan pelayanan profesional.",packageelbark cruise opentrip komodo padar pink beach labu bajo kelor shower ac snorkeling labu bajo bar snorkeling equipment komodo cabin padar pink beach trekking bathroom private charter jacuzzi kelor open trip packageelbark cruise mewah tawar alam layar eksklusif komodo island lengkap fasilitas premium layan profesional
Raja Ampat Liveaboards,Raja Ampat Liveaboards,OPEN_TRIP,$ 5.700,5700,5D4N,8 Guests,"komodo, padar, pink beach, labuan bajo","bar, ac, cabin, lounge, shower","snorkeling, diving, private charter, open trip, kayak","shower, ac, lounge, snorkeling, kayak, labuan bajo, bar, komodo, cabin, padar, pink beach, private charter, open trip, diving",Raja Ampat Liveaboards adalah kapal phinisi mewah yang menawarkan pengalaman berlayar eksklusif di Komodo Island. Dilengkapi fasilitas premium dan pelayanan profesional.,https://phinisitrip.com/wp-content/uploads/2025/08/phinisitrip.webp,https://phinisitrip.com/raja-ampat-liveaboards/,phinisitrip.com,"Raja Ampat Liveaboards OPEN_TRIP 5D4N 8 Guests shower, ac, lounge, snorkeling, kayak, labuan bajo, bar, komodo, cabin, padar, pink beach, private charter, open trip, diving","Raja Ampat Liveaboards OPEN_TRIP $ 5.700 komodo, padar, pink beach, labuan bajo shower, ac, lounge, snorkeling, kayak, labuan bajo, bar, komodo, cabin, padar, pink beach, private charter, open trip, diving Raja Ampat Liveaboards adalah kapal phinisi mewah yang menawarkan pengalaman berlayar eksklusif di Komodo Island. Dilengkapi fasilitas premium dan pelayanan profesional.",raja ampat liveaboards opentrip komodo padar pink beach labu bajo shower ac lounge snorkeling kayak labu bajo bar komodo cabin padar pink beach private charter open trip diving raja ampat liveaboards mewah tawar alam layar eksklusif komodo island lengkap fasilitas premium layan profesional
Komodo Tour PackageLanakila Cruise,PackageLanakila Cruise,OPEN_TRIP,"IDR 5,250,000",5250000,3D2N,16 Guests,"komodo, padar, pink beach, labuan bajo, kelor","sun deck, bar, ac, bathroom, cabin, dining area, snorkeling equipment","snorkeling, trekking, private charter, open trip","ac, dining area, snorkeling, labuan bajo, bar, sun deck, snorkeling equipment, cabin, komodo, padar, pink beach, bathroom, private charter, trekking, kelor, open trip",PackageLanakila Cruise adalah kapal phinisi mewah yang menawarkan pengalaman berlayar eksklusif di Komodo Island. Dilengkapi fasilitas premium dan pelayanan profesional.,https://phinisitrip.com/wp-content/uploads/2025/08/phinisitrip.webp,https://phinisitrip.com/komodo-tour-package-lanakila-cruise/,phinisitrip.com,"Komodo Tour PackageLanakila Cruise OPEN_TRIP 3D2N 16 Guests ac, dining area, snorkeling, labuan bajo, bar, sun deck, snorkeling equipment, cabin, komodo, padar, pink beach, bathroom, private charter, trekking, kelor, open trip","PackageLanakila Cruise OPEN_TRIP IDR 5,250,000 komodo, padar, pink beach, labuan bajo, kelor ac, dining area, snorkeling, labuan bajo, bar, sun deck, snorkeling equipment, cabin, komodo, padar, pink beach, bathroom, private charter, trekking, kelor, open trip PackageLanakila Cruise adalah kapal phinisi mewah yang menawarkan pengalaman berlayar eksklusif di Komodo Island. Dilengkapi fasilitas premium dan pelayanan profesional.",packagelanakila cruise opentrip komodo padar pink beach labu bajo kelor ac ning area snorkeling labu bajo bar sun deck snorkeling equipment cabin komodo padar pink beach bathroom private charter trekking kelor open trip packagelanakila cruise mewah tawar alam layar eksklusif komodo island lengkap fasilitas premium layan profesional
Komodo Tour PackageAmore Phinisi,PackageAmore,OPEN_TRIP,"IDR 3,750,000",3750000,3D2N,17 Guests,"komodo, padar, pink beach, labuan bajo, kelor","bar, ac, bathroom, cabin, snorkeling equipment","snorkeling, trekking, private charter, open trip","ac, snorkeling, labuan bajo, bar, snorkeling equipment, komodo, cabin, padar, pink beach, bathroom, private charter, trekking, kelor, open trip",PackageAmore adalah kapal phinisi mewah yang menawarkan pengalaman berlayar eksklusif di Komodo Island. Dilengkapi fasilitas premium dan pelayanan profesional.,https://phinisitrip.com/wp-content/uploads/2025/08/phinisitrip.webp,https://phinisitrip.com/komodo-tour-package-amore-phinisi/,phinisitrip.com,"Komodo Tour PackageAmore Phinisi OPEN_TRIP 3D2N 17 Guests ac, snorkeling, labuan bajo, bar, snorkeling equipment, komodo, cabin, padar, pink beach, bathroom, private charter, trekking, kelor, open trip","PackageAmore OPEN_TRIP IDR 3,750,000 komodo, padar, pink beach, labuan bajo, kelor ac, snorkeling, labuan bajo, bar, snorkeling equipment, komodo, cabin, padar, pink beach, bathroom, private charter, trekking, kelor, open trip PackageAmore adalah kapal phinisi mewah yang menawarkan pengalaman berlayar eksklusif di Komodo Island. Dilengkapi fasilitas premium dan pelayanan profesional.",packageamore opentrip komodo padar pink beach labu bajo kelor ac snorkeling labu bajo bar snorkeling equipment komodo cabin padar pink beach bathroom private charter trekking kelor open trip packageamore mewah tawar alam layar eksklusif komodo island lengkap fasilitas premium layan profesional
Komodo Tour PackageSIP 1 Liveaboard,PackageSIP 1,OPEN_TRIP,"IDR 3,850,000",3850000,3D2N,12 Guests,"komodo, padar, pink beach, labuan bajo, kelor","bar, ac, bathroom, cabin, snorkeling equipment","snorkeling, trekking, private charter, open trip","ac, snorkeling, labuan bajo, bar, snorkeling equipment, komodo, cabin, padar, pink beach, bathroom, private charter, trekking, kelor, open trip",PackageSIP 1 adalah kapal phinisi mewah yang menawarkan pengalaman berlayar eksklusif di Komodo Island. Dilengkapi fasilitas premium dan pelayanan profesional.,https://phinisitrip.com/wp-content/uploads/2025/08/phinisitrip.webp,https://phinisitrip.com/komodo-tour-package-sip-1-liveaboard/,phinisitrip.com,"Komodo Tour PackageSIP 1 Liveaboard OPEN_TRIP 3D2N 12 Guests ac, snorkeling, labuan bajo, bar, snorkeling equipment, komodo, cabin, padar, pink beach, bathroom, private charter, trekking, kelor, open trip","PackageSIP 1 OPEN_TRIP IDR 3,850,000 komodo, padar, pink beach, labuan bajo, kelor ac, snorkeling, labuan bajo, bar, snorkeling equipment, komodo, cabin, padar, pink beach, bathroom, private charter, trekking, kelor, open trip PackageSIP 1 adalah kapal phinisi mewah yang menawarkan pengalaman berlayar eksklusif di Komodo Island. Dilengkapi fasilitas premium dan pelayanan profesional.",packagesip opentrip komodo padar pink beach labu bajo kelor ac snorkeling labu bajo bar snorkeling equipment komodo cabin padar pink beach bathroom private charter trekking kelor open trip packagesip mewah tawar alam layar eksklusif komodo island lengkap fasilitas premium layan profesional
Komodo Tour PackageAndalucia Phinisi,PackageAndalucia,OPEN_TRIP,"IDR 4,800,000",4800000,3D2N,16 Guests,"komodo, padar, pink beach, labuan bajo, kelor","bar, ac, bathroom, cabin, snorkeling equipment","snorkeling, trekking, private charter, open trip","ac, snorkeling, labuan bajo, bar, snorkeling equipment, komodo, cabin, padar, pink beach, bathroom, private charter, trekking, kelor, open trip",PackageAndalucia adalah kapal phinisi mewah yang menawarkan pengalaman berlayar eksklusif di Komodo Island. Dilengkapi fasilitas premium dan pelayanan profesional.,https://phinisitrip.com/wp-content/uploads/2025/08/phinisitrip.webp,https://phinisitrip.com/komodo-tour-package-andalucia-phinisi/,phinisitrip.com,"Komodo Tour PackageAndalucia Phinisi OPEN_TRIP 3D2N 16 Guests ac, snorkeling, labuan bajo, bar, snorkeling equipment, komodo, cabin, padar, pink beach, bathroom, private charter, trekking, kelor, open trip","PackageAndalucia OPEN_TRIP IDR 4,800,000 komodo, padar, pink beach, labuan bajo, kelor ac, snorkeling, labuan bajo, bar, snorkeling equipment, komodo, cabin, padar, pink beach, bathroom, private charter, trekking, kelor, open trip PackageAndalucia adalah kapal phinisi mewah yang menawarkan pengalaman berlayar eksklusif di Komodo Island. Dilengkapi fasilitas premium dan pelayanan profesional.",packageandalucia opentrip komodo padar pink beach labu bajo kelor ac snorkeling labu bajo bar snorkeling equipment komodo cabin padar pink beach bathroom private charter trekking kelor open trip packageandalucia mewah tawar alam layar eksklusif komodo island lengkap fasilitas premium layan profesional
Komodo Tour PackageSundari Voyages,PackageSundari Voyages,OPEN_TRIP,IDR 7.850.000,7850000,3D2N,20 Guests,"komodo, padar, pink beach, labuan bajo, kelor","sun deck, bar, ac, bathroom, cabin, dining area, snorkeling equipment","snorkeling, diving, trekking, private charter, open trip","ac, dining area, snorkeling, labuan bajo, bar, sun deck, snorkeling equipment, cabin, komodo, padar, pink beach, bathroom, private charter, trekking, diving, kelor, open trip",PackageSundari Voyages adalah kapal phinisi mewah yang menawarkan pengalaman berlayar eksklusif di Komodo Island. Dilengkapi fasilitas premium dan pelayanan profesional.,https://phinisitrip.com/wp-content/uploads/2025/08/phinisitrip.webp,https://phinisitrip.com/komodo-tour-package-sundari-voyages/,phinisitrip.com,"Komodo Tour PackageSundari Voyages OPEN_TRIP 3D2N 20 Guests ac, dining area, snorkeling, labuan bajo, bar, sun deck, snorkeling equipment, cabin, komodo, padar, pink beach, bathroom, private charter, trekking, diving, kelor, open trip","PackageSundari Voyages OPEN_TRIP IDR 7.850.000 komodo, padar, pink beach, labuan bajo, kelor ac, dining area, snorkeling, labuan bajo, bar, sun deck, snorkeling equipment, cabin, komodo, padar, pink beach, bathroom, private charter, trekking, diving, kelor, open trip PackageSundari Voyages adalah kapal phinisi mewah yang menawarkan pengalaman berlayar eksklusif di Komodo Island. Dilengkapi fasilitas premium dan pelayanan profesional.",packagesundari voyages opentrip komodo padar pink beach labu bajo kelor ac ning area snorkeling labu bajo bar sun deck snorkeling equipment cabin komodo padar pink beach bathroom private charter trekking diving kelor open trip packagesundari voyages mewah tawar alam layar eksklusif komodo island lengkap fasilitas premium layan profesional
Komodo Tour PackageLamain Voyage 1,PackageLamain Voyage 1,OPEN_TRIP,IDR 13.500.000,13500000,3D2N,16 Guests,"komodo, padar, pink beach, labuan bajo, kelor","jacuzzi, bar, ac, bathroom, cabin, snorkeling equipment, shower","snorkeling, trekking, private charter, open trip, kayak","shower, ac, snorkeling, kayak, labuan bajo, bar, snorkeling equipment, komodo, cabin, padar, pink beach, trekking, bathroom, private charter, jacuzzi, kelor, open trip",PackageLamain Voyage 1 adalah kapal phinisi mewah yang menawarkan pengalaman berlayar eksklusif di Komodo Island. Dilengkapi fasilitas premium dan pelayanan profesional.,https://phinisitrip.com/wp-content/uploads/2025/08/phinisitrip.webp,https://phinisitrip.com/komodo-tour-package-lamain-voyage-1/,phinisitrip.com,"Komodo Tour PackageLamain Voyage 1 OPEN_TRIP 3D2N 16 Guests shower, ac, snorkeling, kayak, labuan bajo, bar, snorkeling equipment, komodo, cabin, padar, pink beach, trekking, bathroom, private charter, jacuzzi, kelor, open trip","PackageLamain Voyage 1 OPEN_TRIP IDR 13.500.000 komodo, padar, pink beach, labuan bajo, kelor shower, ac, snorkeling, kayak, labuan bajo, bar, snorkeling equipment, komodo, cabin, padar, pink beach, trekking, bathroom, private charter, jacuzzi, kelor, open trip PackageLamain Voyage 1 adalah kapal phinisi mewah yang menawarkan pengalaman berlayar eksklusif di Komodo Island. Dilengkapi fasilitas premium dan pelayanan profesional.",packagelamain voyage opentrip komodo padar pink beach labu bajo kelor shower ac snorkeling kayak labu bajo bar snorkeling equipment komodo cabin padar pink beach trekking bathroom private charter jacuzzi kelor open trip packagelamain voyage mewah tawar alam layar eksklusif komodo island lengkap fasilitas premium layan profesional
Phinisi Labuan Bajo,Labuan Bajo,OPEN_TRIP,"IDR 118,000,000",118000000,2D1N,16 Guests,"komodo, padar, pink beach, labuan bajo, kanawa, kelor","sun deck, bar, ac, cabin, snorkeling equipment","snorkeling, diving, trekking, private charter, open trip","ac, snorkeling, labuan bajo, bar, snorkeling equipment, sun deck, cabin, komodo, padar, pink beach, private charter, trekking, diving, kelor, kanawa, open trip",Labuan Bajo adalah kapal phinisi mewah yang menawarkan pengalaman berlayar eksklusif di Komodo Island. Dilengkapi fasilitas premium dan pelayanan profesional.,https://phinisitrip.com/wp-content/uploads/2025/08/phinisitrip.webp,https://phinisitrip.com/phinisi-labuan-bajo/,phinisitrip.com,"Phinisi Labuan Bajo OPEN_TRIP 2D1N 16 Guests ac, snorkeling, labuan bajo, bar, snorkeling equipment, sun deck, cabin, komodo, padar, pink beach, private charter, trekking, diving, kelor, kanawa, open trip","Labuan Bajo OPEN_TRIP IDR 118,000,000 komodo, padar, pink beach, labuan bajo, kanawa, kelor ac, snorkeling, labuan bajo, bar, snorkeling equipment, sun deck, cabin, komodo, padar, pink beach, private charter, trekking, diving, kelor, kanawa, open trip Labuan Bajo adalah kapal phinisi mewah yang menawarkan pengalaman berlayar eksklusif di Komodo Island. Dilengkapi fasilitas premium dan pelayanan profesional.",labu bajo opentrip komodo padar pink beach labu bajo kanawa kelor ac snorkeling labu bajo bar snorkeling equipment sun deck cabin komodo padar pink beach private charter trekking diving kelor kanawa open trip labu bajo mewah tawar alam layar eksklusif komodo island lengkap fasilitas premium layan profesional
Komodo Tour PackageZada Nara,PackageZada Nara,OPEN_TRIP,IDR 13.000.000,13000000,3D2N,16 Guests,"komodo, padar, pink beach, labuan bajo, kelor","sun deck, bar, ac, bathroom, cabin, dining area, lounge, snorkeling equipment, kitchen, shower","snorkeling, trekking, private charter, open trip, kayak","snorkeling, labuan bajo, sun deck, cabin, pink beach, kelor, shower, ac, lounge, komodo, padar, private charter, kayak, bar, trekking, dining area, snorkeling equipment, kitchen, bathroom, open trip",PackageZada Nara adalah kapal phinisi mewah yang menawarkan pengalaman berlayar eksklusif di Komodo Island. Dilengkapi fasilitas premium dan pelayanan profesional.,https://phinisitrip.com/wp-content/uploads/2025/08/phinisitrip.webp,https://phinisitrip.com/komodo-tour-package-zada-nara/,phinisitrip.com,"Komodo Tour PackageZada Nara OPEN_TRIP 3D2N 16 Guests snorkeling, labuan bajo, sun deck, cabin, pink beach, kelor, shower, ac, lounge, komodo, padar, private charter, kayak, bar, trekking, dining area, snorkeling equipment, kitchen, bathroom, open trip","PackageZada Nara OPEN_TRIP IDR 13.000.000 komodo, padar, pink beach, labuan bajo, kelor snorkeling, labuan bajo, sun deck, cabin, pink beach, kelor, shower, ac, lounge, komodo, padar, private charter, kayak, bar, trekking, dining area, snorkeling equipment, kitchen, bathroom, open trip PackageZada Nara adalah kapal phinisi mewah yang menawarkan pengalaman berlayar eksklusif di Komodo Island. Dilengkapi fasilitas premium dan pelayanan profesional.",packagezada nara opentrip komodo padar pink beach labu bajo kelor snorkeling labu bajo sun deck cabin pink beach kelor shower ac lounge komodo padar private charter kayak bar trekking ning area snorkeling equipment kitchen bathroom open trip packagezada nara mewah tawar alam layar eksklusif komodo island lengkap fasilitas premium layan profesional
Phinisi Trip Indonesia,Indonesia,OPEN_TRIP,"IDR 8,750,000",8750000,3D2N,12 Guests,"komodo, padar, pink beach, labuan bajo","bar, ac, cabin","private charter, open trip","ac, labuan bajo, bar, komodo, cabin, padar, pink beach, private charter, open trip",Indonesia adalah kapal phinisi mewah yang menawarkan pengalaman berlayar eksklusif di Komodo Island. Dilengkapi fasilitas premium dan pelayanan profesional.,https://phinisitrip.com/wp-content/uploads/2025/08/phinisitrip.webp,https://phinisitrip.com/,phinisitrip.com,"Phinisi Trip Indonesia OPEN_TRIP 3D2N 12 Guests ac, labuan bajo, bar, komodo, cabin, padar, pink beach, private charter, open trip","Indonesia OPEN_TRIP IDR 8,750,000 komodo, padar, pink beach, labuan bajo ac, labuan bajo, bar, komodo, cabin, padar, pink beach, private charter, open trip Indonesia adalah kapal phinisi mewah yang menawarkan pengalaman berlayar eksklusif di Komodo Island. Dilengkapi fasilitas premium dan pelayanan profesional.",indonesia opentrip komodo padar pink beach labu bajo ac labu bajo bar komodo cabin padar pink beach private charter open trip indonesia mewah tawar alam layar eksklusif komodo island lengkap fasilitas premium layan profesional
Komodo Tour PackageLeticia Phinisi,PackageLeticia,OPEN_TRIP,"IDR 5,250,000",5250000,3D2N,25 Guests,"komodo, padar, pink beach, labuan bajo, kelor","bar, ac, bathroom, cabin, snorkeling equipment","snorkeling, trekking, private charter, open trip","ac, snorkeling, labuan bajo, bar, snorkeling equipment, komodo, cabin, padar, pink beach, bathroom, private charter, trekking, kelor, open trip",PackageLeticia adalah kapal phinisi mewah yang menawarkan pengalaman berlayar eksklusif di Komodo Island. Dilengkapi fasilitas premium dan pelayanan profesional.,https://phinisitrip.com/wp-content/uploads/2025/08/phinisitrip.webp,https://phinisitrip.com/komodo-tour-package-leticia-phinisi/,phinisitrip.com,"Komodo Tour PackageLeticia Phinisi OPEN_TRIP 3D2N 25 Guests ac, snorkeling, labuan bajo, bar, snorkeling equipment, komodo, cabin, padar, pink beach, bathroom, private charter, trekking, kelor, open trip","PackageLeticia OPEN_TRIP IDR 5,250,000 komodo, padar, pink beach, labuan bajo, kelor ac, snorkeling, labuan bajo, bar, snorkeling equipment, komodo, cabin, padar, pink beach, bathroom, private charter, trekking, kelor, open trip PackageLeticia adalah kapal phinisi mewah yang menawarkan pengalaman berlayar eksklusif di Komodo Island. Dilengkapi fasilitas premium dan pelayanan profesional.",packageleticia opentrip komodo padar pink beach labu bajo kelor ac snorkeling labu bajo bar snorkeling equipment komodo cabin padar pink beach bathroom private charter trekking kelor open trip packageleticia mewah tawar alam layar eksklusif komodo island lengkap fasilitas premium layan profesional
Komodo Tour PackageKanthaka Phinisi,PackageKanthaka,OPEN_TRIP,IDR 11.200.000,11200000,3D2N,16 Guests,"komodo, padar, pink beach, labuan bajo, kanawa, kelor","ac, bathroom, cabin, dining area, lounge, snorkeling equipment, kitchen","snorkeling, trekking, private charter, open trip","ac, dining area, lounge, snorkeling, labuan bajo, snorkeling equipment, komodo, cabin, kitchen, padar, pink beach, bathroom, private charter, trekking, kelor, kanawa, open trip",PackageKanthaka adalah kapal phinisi mewah yang menawarkan pengalaman berlayar eksklusif di Komodo Island. Dilengkapi fasilitas premium dan pelayanan profesional.,https://phinisitrip.com/wp-content/uploads/2025/08/phinisitrip.webp,https://phinisitrip.com/komodo-tour-package-kanthaka-phinisi/,phinisitrip.com,"Komodo Tour PackageKanthaka Phinisi OPEN_TRIP 3D2N 16 Guests ac, dining area, lounge, snorkeling, labuan bajo, snorkeling equipment, komodo, cabin, kitchen, padar, pink beach, bathroom, private charter, trekking, kelor, kanawa, open trip","PackageKanthaka OPEN_TRIP IDR 11.200.000 komodo, padar, pink beach, labuan bajo, kanawa, kelor ac, dining area, lounge, snorkeling, labuan bajo, snorkeling equipment, komodo, cabin, kitchen, padar, pink beach, bathroom, private charter, trekking, kelor, kanawa, open trip PackageKanthaka adalah kapal phinisi mewah yang menawarkan pengalaman berlayar eksklusif di Komodo Island. Dilengkapi fasilitas premium dan pelayanan profesional.",packagekanthaka opentrip komodo padar pink beach labu bajo kanawa kelor ac ning area lounge snorkeling labu bajo snorkeling equipment komodo cabin kitchen padar pink beach bathroom private charter trekking kelor kanawa open trip packagekanthaka mewah tawar alam layar eksklusif komodo island lengkap fasilitas premium layan profesional
Komodo Tour PackageSenada Phinisi,PackageSenada,OPEN_TRIP,IDR 7.750.000,7750000,3D2N,18 Guests,"komodo, padar, pink beach, labuan bajo, kelor","bar, ac, bathroom, cabin, dining area, snorkeling equipment, shower","snorkeling, trekking, private charter, open trip","shower, ac, dining area, snorkeling, labuan bajo, bar, snorkeling equipment, komodo, cabin, padar, pink beach, bathroom, private charter, trekking, kelor, open trip",PackageSenada adalah kapal phinisi mewah yang menawarkan pengalaman berlayar eksklusif di Komodo Island. Dilengkapi fasilitas premium dan pelayanan profesional.,https://phinisitrip.com/wp-content/uploads/2025/08/phinisitrip.webp,https://phinisitrip.com/komodo-tour-package-senada-phinisi/,phinisitrip.com,"Komodo Tour PackageSenada Phinisi OPEN_TRIP 3D2N 18 Guests shower, ac, dining area, snorkeling, labuan bajo, bar, snorkeling equipment, komodo, cabin, padar, pink beach, bathroom, private charter, trekking, kelor, open trip","PackageSenada OPEN_TRIP IDR 7.750.000 komodo, padar, pink beach, labuan bajo, kelor shower, ac, dining area, snorkeling, labuan bajo, bar, snorkeling equipment, komodo, cabin, padar, pink beach, bathroom, private charter, trekking, kelor, open trip PackageSenada adalah kapal phinisi mewah yang menawarkan pengalaman berlayar eksklusif di Komodo Island. Dilengkapi fasilitas premium dan pelayanan profesional.",packagesenada opentrip komodo padar pink beach labu bajo kelor shower ac ning area snorkeling labu bajo bar snorkeling equipment komodo cabin padar pink beach bathroom private charter trekking kelor open trip packagesenada mewah tawar alam layar eksklusif komodo island lengkap fasilitas premium layan profesional
Komodo Tour PackageVinca Voyage,PackageVinca Voyage,OPEN_TRIP,IDR 9.000.000,9000000,3D2N,14 Guests,"komodo, padar, pink beach, labuan bajo, kelor","bar, ac, bathroom, cabin, dining area, snorkeling equipment, shower","snorkeling, trekking, private charter, open trip, kayak","shower, ac, dining area, snorkeling, kayak, labuan bajo, bar, snorkeling equipment, komodo, cabin, padar, pink beach, bathroom, private charter, trekking, kelor, open trip",PackageVinca Voyage adalah kapal phinisi mewah yang menawarkan pengalaman berlayar eksklusif di Komodo Island. Dilengkapi fasilitas premium dan pelayanan profesional.,https://phinisitrip.com/wp-content/uploads/2025/08/phinisitrip.webp,https://phinisitrip.com/komodo-tour-package-vinca-voyage/,phinisitrip.com,"Komodo Tour PackageVinca Voyage OPEN_TRIP 3D2N 14 Guests shower, ac, dining area, snorkeling, kayak, labuan bajo, bar, snorkeling equipment, komodo, cabin, padar, pink beach, bathroom, private charter, trekking, kelor, open trip","PackageVinca Voyage OPEN_TRIP IDR 9.000.000 komodo, padar, pink beach, labuan bajo, kelor shower, ac, dining area, snorkeling, kayak, labuan bajo, bar, snorkeling equipment, komodo, cabin, padar, pink beach, bathroom, private charter, trekking, kelor, open trip PackageVinca Voyage adalah kapal phinisi mewah yang menawarkan pengalaman berlayar eksklusif di Komodo Island. Dilengkapi fasilitas premium dan pelayanan profesional.",packagevinca voyage opentrip komodo padar pink beach labu bajo kelor shower ac ning area snorkeling kayak labu bajo bar snorkeling equipment komodo cabin padar pink beach bathroom private charter trekking kelor open trip packagevinca voyage mewah tawar alam layar eksklusif komodo island lengkap fasilitas premium layan profesional
Komodo Tour PackagePandawa Liveaboard,PackagePandawa,OPEN_TRIP,"IDR 3,500,000",3500000,3D2N,14 Guests,"komodo, padar, pink beach, labuan bajo, kelor","sun deck, bar, ac, bathroom, cabin, snorkeling equipment","snorkeling, diving, trekking, private charter, open trip","ac, snorkeling, labuan bajo, bar, sun deck, snorkeling equipment, cabin, komodo, padar, pink beach, bathroom, private charter, trekking, diving, kelor, open trip",PackagePandawa adalah kapal phinisi mewah yang menawarkan pengalaman berlayar eksklusif di Komodo Island. Dilengkapi fasilitas premium dan pelayanan profesional.,https://phinisitrip.com/wp-content/uploads/2025/08/phinisitrip.webp,https://phinisitrip.com/komodo-tour-package-pandawa-liveaboard/,phinisitrip.com,"Komodo Tour PackagePandawa Liveaboard OPEN_TRIP 3D2N 14 Guests ac, snorkeling, labuan bajo, bar, sun deck, snorkeling equipment, cabin, komodo, padar, pink beach, bathroom, private charter, trekking, diving, kelor, open trip","PackagePandawa OPEN_TRIP IDR 3,500,000 komodo, padar, pink beach, labuan bajo, kelor ac, snorkeling, labuan bajo, bar, sun deck, snorkeling equipment, cabin, komodo, padar, pink beach, bathroom, private charter, trekking, diving, kelor, open trip PackagePandawa adalah kapal phinisi mewah yang menawarkan pengalaman berlayar eksklusif di Komodo Island. Dilengkapi fasilitas premium dan pelayanan profesional.",packagepandawa opentrip komodo padar pink beach labu bajo kelor ac snorkeling labu bajo bar sun deck snorkeling equipment cabin komodo padar pink beach bathroom private charter trekking diving kelor open trip packagepandawa mewah tawar alam layar eksklusif komodo island lengkap fasilitas premium layan profesional
Komodo Tour PackageCatnazse,PackageCatnazse,OPEN_TRIP,IDR 11.000.000,11000000,3D2N,20 Guests,"komodo, padar, pink beach, labuan bajo, kelor","bar, ac, bathroom, cabin, snorkeling equipment, shower","snorkeling, diving, trekking, private charter, open trip","shower, ac, snorkeling, labuan bajo, bar, snorkeling equipment, komodo, cabin, padar, pink beach, bathroom, private charter, trekking, diving, kelor, open trip",PackageCatnazse adalah kapal phinisi mewah yang menawarkan pengalaman berlayar eksklusif di Komodo Island. Dilengkapi fasilitas premium dan pelayanan profesional.,https://phinisitrip.com/wp-content/uploads/2025/08/phinisitrip.webp,https://phinisitrip.com/komodo-tour-package-catnazse/,phinisitrip.com,"Komodo Tour PackageCatnazse OPEN_TRIP 3D2N 20 Guests shower, ac, snorkeling, labuan bajo, bar, snorkeling equipment, komodo, cabin, padar, pink beach, bathroom, private charter, trekking, diving, kelor, open trip","PackageCatnazse OPEN_TRIP IDR 11.000.000 komodo, padar, pink beach, labuan bajo, kelor shower, ac, snorkeling, labuan bajo, bar, snorkeling equipment, komodo, cabin, padar, pink beach, bathroom, private charter, trekking, diving, kelor, open trip PackageCatnazse adalah kapal phinisi mewah yang menawarkan pengalaman berlayar eksklusif di Komodo Island. Dilengkapi fasilitas premium dan pelayanan profesional.",packagecatnazse opentrip komodo padar pink beach labu bajo kelor shower ac snorkeling labu bajo bar snorkeling equipment komodo cabin padar pink beach bathroom private charter trekking diving kelor open trip packagecatnazse mewah tawar alam layar eksklusif komodo island lengkap fasilitas premium layan profesional
Lombok to Komodo Boat Trip 4 Days 3 Nights Expedition (Whale Sharks & Dragon Tour),Lombok to 4 Days 3 Nights Expedition (Whale Sharks & Dragon ),OPEN_TRIP,"IDR 6,850,000",6850000,4D3N,20 Guests,"komodo, padar, pink beach, labuan bajo, kanawa, kelor","ac, cabin, snorkeling equipment","snorkeling, trekking, private charter, open trip","ac, snorkeling, labuan bajo, snorkeling equipment, komodo, cabin, padar, pink beach, private charter, trekking, kelor, kanawa, open trip",Lombok to 4 Days 3 Nights Expedition (Whale Sharks & Dragon ) adalah kapal phinisi mewah yang menawarkan pengalaman berlayar eksklusif di Komodo Island. Dilengkapi fasilitas premium dan pelayanan profesional.,https://phinisitrip.com/wp-content/uploads/2025/08/phinisitrip.webp,https://phinisitrip.com/boat-trip-lombok-to-komodo/,phinisitrip.com,"Lombok to Komodo Boat Trip 4 Days 3 Nights Expedition (Whale Sharks & Dragon Tour) OPEN_TRIP 4D3N 20 Guests ac, snorkeling, labuan bajo, snorkeling equipment, komodo, cabin, padar, pink beach, private charter, trekking, kelor, kanawa, open trip","Lombok to 4 Days 3 Nights Expedition (Whale Sharks & Dragon ) OPEN_TRIP IDR 6,850,000 komodo, padar, pink beach, labuan bajo, kanawa, kelor ac, snorkeling, labuan bajo, snorkeling equipment, komodo, cabin, padar, pink beach, private charter, trekking, kelor, kanawa, open trip Lombok to 4 Days 3 Nights Expedition (Whale Sharks & Dragon ) adalah kapal phinisi mewah yang menawarkan pengalaman berlayar eksklusif di Komodo Island. Dilengkapi fasilitas premium dan pelayanan profesional.",lombok days nights expedition whale sharks dragon opentrip komodo padar pink beach labu bajo kanawa kelor ac snorkeling labu bajo snorkeling equipment komodo cabin padar pink beach private charter trekking kelor kanawa open trip lombok days nights expedition whale sharks dragon mewah tawar alam layar eksklusif komodo island lengkap fasilitas premium layan profesional
Komodo Tour PackageElrora Liveaboard,PackageElrora,OPEN_TRIP,IDR 12.000.000,12000000,3D2N,16 Guests,"komodo, padar, pink beach, labuan bajo, kelor","sun deck, jacuzzi, ac, bathroom, cabin, snorkeling equipment, kitchen, shower","snorkeling, trekking, private charter, open trip","shower, ac, snorkeling, labuan bajo, sun deck, snorkeling equipment, cabin, komodo, kitchen, padar, trekking, pink beach, bathroom, private charter, jacuzzi, kelor, open trip",PackageElrora adalah kapal phinisi mewah yang menawarkan pengalaman berlayar eksklusif di Komodo Island. Dilengkapi fasilitas premium dan pelayanan profesional.,https://phinisitrip.com/wp-content/uploads/2025/08/phinisitrip.webp,https://phinisitrip.com/komodo-tour-package-elrora-liveaboard/,phinisitrip.com,"Komodo Tour PackageElrora Liveaboard OPEN_TRIP 3D2N 16 Guests shower, ac, snorkeling, labuan bajo, sun deck, snorkeling equipment, cabin, komodo, kitchen, padar, trekking, pink beach, bathroom, private charter, jacuzzi, kelor, open trip","PackageElrora OPEN_TRIP IDR 12.000.000 komodo, padar, pink beach, labuan bajo, kelor shower, ac, snorkeling, labuan bajo, sun deck, snorkeling equipment, cabin, komodo, kitchen, padar, trekking, pink beach, bathroom, private charter, jacuzzi, kelor, open trip PackageElrora adalah kapal phinisi mewah yang menawarkan pengalaman berlayar eksklusif di Komodo Island. Dilengkapi fasilitas premium dan pelayanan profesional.",packageelrora opentrip komodo padar pink beach labu bajo kelor shower ac snorkeling labu bajo sun deck snorkeling equipment cabin komodo kitchen padar trekking pink beach bathroom private charter jacuzzi kelor open trip packageelrora mewah tawar alam layar eksklusif komodo island lengkap fasilitas premium layan profesional
Komodo Tour PackageNew IJC,PackageNew IJC,OPEN_TRIP,"IDR 3,750,000",3750000,3D2N,14 Guests,"komodo, padar, pink beach, labuan bajo, kelor","bar, ac, bathroom, cabin, snorkeling equipment","snorkeling, trekking, private charter, open trip","ac, snorkeling, labuan bajo, bar, snorkeling equipment, komodo, cabin, padar, pink beach, bathroom, private charter, trekking, kelor, open trip",PackageNew IJC adalah kapal phinisi mewah yang menawarkan pengalaman berlayar eksklusif di Komodo Island. Dilengkapi fasilitas premium dan pelayanan profesional.,https://phinisitrip.com/wp-content/uploads/2025/08/phinisitrip.webp,https://phinisitrip.com/komodo-tour-package-new-ijc/,phinisitrip.com,"Komodo Tour PackageNew IJC OPEN_TRIP 3D2N 14 Guests ac, snorkeling, labuan bajo, bar, snorkeling equipment, komodo, cabin, padar, pink beach, bathroom, private charter, trekking, kelor, open trip","PackageNew IJC OPEN_TRIP IDR 3,750,000 komodo, padar, pink beach, labuan bajo, kelor ac, snorkeling, labuan bajo, bar, snorkeling equipment, komodo, cabin, padar, pink beach, bathroom, private charter, trekking, kelor, open trip PackageNew IJC adalah kapal phinisi mewah yang menawarkan pengalaman berlayar eksklusif di Komodo Island. Dilengkapi fasilitas premium dan pelayanan profesional.",packagenew ijc opentrip komodo padar pink beach labu bajo kelor ac snorkeling labu bajo bar snorkeling equipment komodo cabin padar pink beach bathroom private charter trekking kelor open trip packagenew ijc mewah tawar alam layar eksklusif komodo island lengkap fasilitas premium layan profesional
Komodo Tour PackageNusantara Karya,PackageNusantara Karya,OPEN_TRIP,"IDR 3,350,000",3350000,3D2N,15 Guests,"komodo, padar, pink beach, labuan bajo, kelor","ac, bathroom, cabin, snorkeling equipment","snorkeling, trekking, island hopping, private charter, open trip","ac, snorkeling, labuan bajo, snorkeling equipment, komodo, cabin, padar, pink beach, island hopping, bathroom, private charter, trekking, kelor, open trip",PackageNusantara Karya adalah kapal phinisi mewah yang menawarkan pengalaman berlayar eksklusif di Komodo Island. Dilengkapi fasilitas premium dan pelayanan profesional.,https://phinisitrip.com/wp-content/uploads/2025/08/phinisitrip.webp,https://phinisitrip.com/komodo-tour-package-nusantara-karya/,phinisitrip.com,"Komodo Tour PackageNusantara Karya OPEN_TRIP 3D2N 15 Guests ac, snorkeling, labuan bajo, snorkeling equipment, komodo, cabin, padar, pink beach, island hopping, bathroom, private charter, trekking, kelor, open trip","PackageNusantara Karya OPEN_TRIP IDR 3,350,000 komodo, padar, pink beach, labuan bajo, kelor ac, snorkeling, labuan bajo, snorkeling equipment, komodo, cabin, padar, pink beach, island hopping, bathroom, private charter, trekking, kelor, open trip PackageNusantara Karya adalah kapal phinisi mewah yang menawarkan pengalaman berlayar eksklusif di Komodo Island. Dilengkapi fasilitas premium dan pelayanan profesional.",packagenusantara karya opentrip komodo padar pink beach labu bajo kelor ac snorkeling labu bajo snorkeling equipment komodo cabin padar pink beach island hopping bathroom private charter trekking kelor open trip packagenusantara karya mewah tawar alam layar eksklusif komodo island lengkap fasilitas premium layan profesional
Komodo Tour PackageInvictus Voyage,PackageInvictus Voyage,OPEN_TRIP,"IDR 3,850,000",3850000,3D2N,16 Guests,"komodo, padar, pink beach, labuan bajo, kelor","bar, ac, bathroom, cabin, dining area, snorkeling equipment","snorkeling, trekking, private charter, open trip","ac, dining area, snorkeling, labuan bajo, bar, snorkeling equipment, komodo, cabin, padar, pink beach, bathroom, private charter, trekking, kelor, open trip",PackageInvictus Voyage adalah kapal phinisi mewah yang menawarkan pengalaman berlayar eksklusif di Komodo Island. Dilengkapi fasilitas premium dan pelayanan profesional.,https://phinisitrip.com/wp-content/uploads/2025/08/phinisitrip.webp,https://phinisitrip.com/komodo-tour-package-invictus-voyage/,phinisitrip.com,"Komodo Tour PackageInvictus Voyage OPEN_TRIP 3D2N 16 Guests ac, dining area, snorkeling, labuan bajo, bar, snorkeling equipment, komodo, cabin, padar, pink beach, bathroom, private charter, trekking, kelor, open trip","PackageInvictus Voyage OPEN_TRIP IDR 3,850,000 komodo, padar, pink beach, labuan bajo, kelor ac, dining area, snorkeling, labuan bajo, bar, snorkeling equipment, komodo, cabin, padar, pink beach, bathroom, private charter, trekking, kelor, open trip PackageInvictus Voyage adalah kapal phinisi mewah yang menawarkan pengalaman berlayar eksklusif di Komodo Island. Dilengkapi fasilitas premium dan pelayanan profesional.",packageinvictus voyage opentrip komodo padar pink beach labu bajo kelor ac ning area snorkeling labu bajo bar snorkeling equipment komodo cabin padar pink beach bathroom private charter trekking kelor open trip packageinvictus voyage mewah tawar alam layar eksklusif komodo island lengkap fasilitas premium layan profesional
Komodo Tour PackagePanrita Liveaboard,PackagePanrita,OPEN_TRIP,IDR 10.450.000,10450000,3D2N,20 Guests,"komodo, padar, pink beach, labuan bajo, kelor","ac, bathroom, cabin, dining area, snorkeling equipment","snorkeling, trekking, private charter, open trip","ac, dining area, snorkeling, labuan bajo, snorkeling equipment, komodo, cabin, padar, pink beach, bathroom, private charter, trekking, kelor, open trip",PackagePanrita adalah kapal phinisi mewah yang menawarkan pengalaman berlayar eksklusif di Komodo Island. Dilengkapi fasilitas premium dan pelayanan profesional.,https://phinisitrip.com/wp-content/uploads/2025/08/phinisitrip.webp,https://phinisitrip.com/komodo-tour-package-panrita-liveaboard/,phinisitrip.com,"Komodo Tour PackagePanrita Liveaboard OPEN_TRIP 3D2N 20 Guests ac, dining area, snorkeling, labuan bajo, snorkeling equipment, komodo, cabin, padar, pink beach, bathroom, private charter, trekking, kelor, open trip","PackagePanrita OPEN_TRIP IDR 10.450.000 komodo, padar, pink beach, labuan bajo, kelor ac, dining area, snorkeling, labuan bajo, snorkeling equipment, komodo, cabin, padar, pink beach, bathroom, private charter, trekking, kelor, open trip PackagePanrita adalah kapal phinisi mewah yang menawarkan pengalaman berlayar eksklusif di Komodo Island. Dilengkapi fasilitas premium dan pelayanan profesional.",packagepanrita opentrip komodo padar pink beach labu bajo kelor ac ning area snorkeling labu bajo snorkeling equipment komodo cabin padar pink beach bathroom private charter trekking kelor open trip packagepanrita mewah tawar alam layar eksklusif komodo island lengkap fasilitas premium layan profesional
Komodo Island Boat Tour,Island,OPEN_TRIP,"IDR 45,000,000",45000000,3D2N,12 Guests,"komodo, padar, pink beach, labuan bajo, kanawa, kelor","bar, ac, cabin, snorkeling equipment","snorkeling, diving, trekking, private charter, open trip","ac, snorkeling, labuan bajo, bar, snorkeling equipment, komodo, cabin, padar, pink beach, private charter, trekking, diving, kelor, kanawa, open trip",Island adalah kapal phinisi mewah yang menawarkan pengalaman berlayar eksklusif di Komodo Island. Dilengkapi fasilitas premium dan pelayanan profesional.,https://phinisitrip.com/wp-content/uploads/2025/08/phinisitrip.webp,https://phinisitrip.com/komodo-island-boat-tour/,phinisitrip.com,"Komodo Island Boat Tour OPEN_TRIP 3D2N 12 Guests ac, snorkeling, labuan bajo, bar, snorkeling equipment, komodo, cabin, padar, pink beach, private charter, trekking, diving, kelor, kanawa, open trip","Island OPEN_TRIP IDR 45,000,000 komodo, padar, pink beach, labuan bajo, kanawa, kelor ac, snorkeling, labuan bajo, bar, snorkeling equipment, komodo, cabin, padar, pink beach, private charter, trekking, diving, kelor, kanawa, open trip Island adalah kapal phinisi mewah yang menawarkan pengalaman berlayar eksklusif di Komodo Island. Dilengkapi fasilitas premium dan pelayanan profesional.",island opentrip komodo padar pink beach labu bajo kanawa kelor ac snorkeling labu bajo bar snorkeling equipment komodo cabin padar pink beach private charter trekking diving kelor kanawa open trip island mewah tawar alam layar eksklusif komodo island lengkap fasilitas premium layan profesional
Komodo Tour PackageRaffles Cruise,PackageRaffles Cruise,OPEN_TRIP,IDR 12.600.000,12600000,3D2N,18 Guests,"komodo, padar, pink beach, labuan bajo, kanawa, kelor","sun deck, jacuzzi, bar, ac, bathroom, cabin, lounge, snorkeling equipment, shower","snorkeling, trekking, private charter, open trip","snorkeling, labuan bajo, sun deck, cabin, pink beach, kelor, kanawa, shower, ac, lounge, komodo, padar, private charter, jacuzzi, bar, trekking, snorkeling equipment, bathroom, open trip",PackageRaffles Cruise adalah kapal phinisi mewah yang menawarkan pengalaman berlayar eksklusif di Komodo Island. Dilengkapi fasilitas premium dan pelayanan profesional.,https://phinisitrip.com/wp-content/uploads/2025/08/phinisitrip.webp,https://phinisitrip.com/komodo-tour-package-raffles-cruise/,phinisitrip.com,"Komodo Tour PackageRaffles Cruise OPEN_TRIP 3D2N 18 Guests snorkeling, labuan bajo, sun deck, cabin, pink beach, kelor, kanawa, shower, ac, lounge, komodo, padar, private charter, jacuzzi, bar, trekking, snorkeling equipment, bathroom, open trip","PackageRaffles Cruise OPEN_TRIP IDR 12.600.000 komodo, padar, pink beach, labuan bajo, kanawa, kelor snorkeling, labuan bajo, sun deck, cabin, pink beach, kelor, kanawa, shower, ac, lounge, komodo, padar, private charter, jacuzzi, bar, trekking, snorkeling equipment, bathroom, open trip PackageRaffles Cruise adalah kapal phinisi mewah yang menawarkan pengalaman berlayar eksklusif di Komodo Island. Dilengkapi fasilitas premium dan pelayanan profesional.",packageraffles cruise opentrip komodo padar pink beach labu bajo kanawa kelor snorkeling labu bajo sun deck cabin pink beach kelor kanawa shower ac lounge komodo padar private charter jacuzzi bar trekking snorkeling equipment bathroom open trip packageraffles cruise mewah tawar alam layar eksklusif komodo island lengkap fasilitas premium layan profesional
Komodo Tour PackageLamborajo 3,PackageLamborajo 3,OPEN_TRIP,IDR 11.500.000,11500000,3D2N,22 Guests,"komodo, padar, pink beach, labuan bajo, kelor","sun deck, jacuzzi, ac, bathroom, cabin, snorkeling equipment","snorkeling, trekking, private charter, open trip","ac, snorkeling, labuan bajo, sun deck, snorkeling equipment, cabin, komodo, padar, pink beach, trekking, bathroom, private charter, jacuzzi, kelor, open trip",PackageLamborajo 3 adalah kapal phinisi mewah yang menawarkan pengalaman berlayar eksklusif di Komodo Island. Dilengkapi fasilitas premium dan pelayanan profesional.,https://phinisitrip.com/wp-content/uploads/2025/08/phinisitrip.webp,https://phinisitrip.com/komodo-tour-package-lamborajo-3/,phinisitrip.com,"Komodo Tour PackageLamborajo 3 OPEN_TRIP 3D2N 22 Guests ac, snorkeling, labuan bajo, sun deck, snorkeling equipment, cabin, komodo, padar, pink beach, trekking, bathroom, private charter, jacuzzi, kelor, open trip","PackageLamborajo 3 OPEN_TRIP IDR 11.500.000 komodo, padar, pink beach, labuan bajo, kelor ac, snorkeling, labuan bajo, sun deck, snorkeling equipment, cabin, komodo, padar, pink beach, trekking, bathroom, private charter, jacuzzi, kelor, open trip PackageLamborajo 3 adalah kapal phinisi mewah yang menawarkan pengalaman berlayar eksklusif di Komodo Island. Dilengkapi fasilitas premium dan pelayanan profesional.",packagelamborajo opentrip komodo padar pink beach labu bajo kelor ac snorkeling labu bajo sun deck snorkeling equipment cabin komodo padar pink beach trekking bathroom private charter jacuzzi kelor open trip packagelamborajo mewah tawar alam layar eksklusif komodo island lengkap fasilitas premium layan profesional
Komodo Tour Packages 3 Days 2 Nights,3 Days 2 Nights,OPEN_TRIP,"IDR 10,750,000",10750000,3D2N,70 Guests,"komodo, padar, pink beach, labuan bajo, kanawa, kelor","bar, ac, cabin, snorkeling equipment","snorkeling, trekking, private charter, open trip, kayak","ac, snorkeling, kayak, labuan bajo, bar, snorkeling equipment, komodo, cabin, padar, pink beach, private charter, trekking, kelor, kanawa, open trip",3 Days 2 Nights adalah kapal phinisi mewah yang menawarkan pengalaman berlayar eksklusif di Komodo Island. Dilengkapi fasilitas premium dan pelayanan profesional.,https://phinisitrip.com/wp-content/uploads/2025/08/phinisitrip.webp,https://phinisitrip.com/komodo-tour-packages-3-days-2-nights/,phinisitrip.com,"Komodo Tour Packages 3 Days 2 Nights OPEN_TRIP 3D2N 70 Guests ac, snorkeling, kayak, labuan bajo, bar, snorkeling equipment, komodo, cabin, padar, pink beach, private charter, trekking, kelor, kanawa, open trip","3 Days 2 Nights OPEN_TRIP IDR 10,750,000 komodo, padar, pink beach, labuan bajo, kanawa, kelor ac, snorkeling, kayak, labuan bajo, bar, snorkeling equipment, komodo, cabin, padar, pink beach, private charter, trekking, kelor, kanawa, open trip 3 Days 2 Nights adalah kapal phinisi mewah yang menawarkan pengalaman berlayar eksklusif di Komodo Island. Dilengkapi fasilitas premium dan pelayanan profesional.",days nights opentrip komodo padar pink beach labu bajo kanawa kelor ac snorkeling kayak labu bajo bar snorkeling equipment komodo cabin padar pink beach private charter trekking kelor kanawa open trip days nights mewah tawar alam layar eksklusif komodo island lengkap fasilitas premium layan profesional
Komodo Tour PackageCarnaby 02,PackageCarnaby 02,OPEN_TRIP,IDR 9.750.000,9750000,3D2N,21 Guests,"komodo, padar, pink beach, labuan bajo, kelor","jacuzzi, ac, bathroom, cabin, dining area, lounge, snorkeling equipment, shower","snorkeling, diving, trekking, private charter, open trip","shower, ac, dining area, lounge, snorkeling, labuan bajo, snorkeling equipment, komodo, cabin, padar, pink beach, trekking, bathroom, private charter, jacuzzi, diving, kelor, open trip",PackageCarnaby 02 adalah kapal phinisi mewah yang menawarkan pengalaman berlayar eksklusif di Komodo Island. Dilengkapi fasilitas premium dan pelayanan profesional.,https://phinisitrip.com/wp-content/uploads/2025/08/phinisitrip.webp,https://phinisitrip.com/komodo-tour-package-carnaby-02/,phinisitrip.com,"Komodo Tour PackageCarnaby 02 OPEN_TRIP 3D2N 21 Guests shower, ac, dining area, lounge, snorkeling, labuan bajo, snorkeling equipment, komodo, cabin, padar, pink beach, trekking, bathroom, private charter, jacuzzi, diving, kelor, open trip","PackageCarnaby 02 OPEN_TRIP IDR 9.750.000 komodo, padar, pink beach, labuan bajo, kelor shower, ac, dining area, lounge, snorkeling, labuan bajo, snorkeling equipment, komodo, cabin, padar, pink beach, trekking, bathroom, private charter, jacuzzi, diving, kelor, open trip PackageCarnaby 02 adalah kapal phinisi mewah yang menawarkan pengalaman berlayar eksklusif di Komodo Island. Dilengkapi fasilitas premium dan pelayanan profesional.",packagecarnaby opentrip komodo padar pink beach labu bajo kelor shower ac ning area lounge snorkeling labu bajo snorkeling equipment komodo cabin padar pink beach trekking bathroom private charter jacuzzi diving kelor open trip packagecarnaby mewah tawar alam layar eksklusif komodo island lengkap fasilitas premium layan profesional
Komodo Tour PackageFadaelo Phinisi,PackageFadaelo,OPEN_TRIP,"IDR 5,350,000",5350000,3D2N,12 Guests,"komodo, padar, pink beach, labuan bajo, kanawa, kelor","sun deck, ac, bathroom, cabin, snorkeling equipment","snorkeling, diving, trekking, private charter, open trip","ac, snorkeling, labuan bajo, snorkeling equipment, sun deck, cabin, komodo, padar, pink beach, bathroom, private charter, trekking, diving, kelor, kanawa, open trip",PackageFadaelo adalah kapal phinisi mewah yang menawarkan pengalaman berlayar eksklusif di Komodo Island. Dilengkapi fasilitas premium dan pelayanan profesional.,https://phinisitrip.com/wp-content/uploads/2025/08/phinisitrip.webp,https://phinisitrip.com/komodo-tour-package-fadaelo-phinisi/,phinisitrip.com,"Komodo Tour PackageFadaelo Phinisi OPEN_TRIP 3D2N 12 Guests ac, snorkeling, labuan bajo, snorkeling equipment, sun deck, cabin, komodo, padar, pink beach, bathroom, private charter, trekking, diving, kelor, kanawa, open trip","PackageFadaelo OPEN_TRIP IDR 5,350,000 komodo, padar, pink beach, labuan bajo, kanawa, kelor ac, snorkeling, labuan bajo, snorkeling equipment, sun deck, cabin, komodo, padar, pink beach, bathroom, private charter, trekking, diving, kelor, kanawa, open trip PackageFadaelo adalah kapal phinisi mewah yang menawarkan pengalaman berlayar eksklusif di Komodo Island. Dilengkapi fasilitas premium dan pelayanan profesional.",packagefadaelo opentrip komodo padar pink beach labu bajo kanawa kelor ac snorkeling labu bajo snorkeling equipment sun deck cabin komodo padar pink beach bathroom private charter trekking diving kelor kanawa open trip packagefadaelo mewah tawar alam layar eksklusif komodo island lengkap fasilitas premium layan profesional
Komodo Tour PackageAkassa Cruise,PackageAkassa Cruise,OPEN_TRIP,IDR 13.750.000,13750000,3D2N,10 Guests,"komodo, padar, pink beach, labuan bajo, kelor","bar, ac, bathroom, cabin, dining area, snorkeling equipment, kitchen","snorkeling, trekking, private charter, open trip, kayak","ac, dining area, snorkeling, kayak, labuan bajo, bar, snorkeling equipment, komodo, cabin, kitchen, padar, pink beach, bathroom, private charter, trekking, kelor, open trip",PackageAkassa Cruise adalah kapal phinisi mewah yang menawarkan pengalaman berlayar eksklusif di Komodo Island. Dilengkapi fasilitas premium dan pelayanan profesional.,https://phinisitrip.com/wp-content/uploads/2025/08/phinisitrip.webp,https://phinisitrip.com/komodo-tour-package-akassa-cruise/,phinisitrip.com,"Komodo Tour PackageAkassa Cruise OPEN_TRIP 3D2N 10 Guests ac, dining area, snorkeling, kayak, labuan bajo, bar, snorkeling equipment, komodo, cabin, kitchen, padar, pink beach, bathroom, private charter, trekking, kelor, open trip","PackageAkassa Cruise OPEN_TRIP IDR 13.750.000 komodo, padar, pink beach, labuan bajo, kelor ac, dining area, snorkeling, kayak, labuan bajo, bar, snorkeling equipment, komodo, cabin, kitchen, padar, pink beach, bathroom, private charter, trekking, kelor, open trip PackageAkassa Cruise adalah kapal phinisi mewah yang menawarkan pengalaman berlayar eksklusif di Komodo Island. Dilengkapi fasilitas premium dan pelayanan profesional.",packageakassa cruise opentrip komodo padar pink beach labu bajo kelor ac ning area snorkeling kayak labu bajo bar snorkeling equipment komodo cabin kitchen padar pink beach bathroom private charter trekking kelor open trip packageakassa cruise mewah tawar alam layar eksklusif komodo island lengkap fasilitas premium layan profesional
The Ultimate Luxury Yacht Charter Experience,The Ultimate Yacht,OPEN_TRIP,"IDR 116,000,000",116000000,3D2N,14 Guests,"komodo, padar, pink beach, labuan bajo","bar, ac, cabin","snorkeling, diving, island hopping, private charter, open trip","ac, snorkeling, labuan bajo, bar, komodo, cabin, padar, pink beach, island hopping, private charter, open trip, diving",The Ultimate Yacht adalah kapal phinisi mewah yang menawarkan pengalaman berlayar eksklusif di Komodo Island. Dilengkapi fasilitas premium dan pelayanan profesional.,https://phinisitrip.com/wp-content/uploads/2025/08/phinisitrip.webp,https://phinisitrip.com/luxury-yacht-indonesia/,phinisitrip.com,"The Ultimate Luxury Yacht Charter Experience OPEN_TRIP 3D2N 14 Guests ac, snorkeling, labuan bajo, bar, komodo, cabin, padar, pink beach, island hopping, private charter, open trip, diving","The Ultimate Yacht OPEN_TRIP IDR 116,000,000 komodo, padar, pink beach, labuan bajo ac, snorkeling, labuan bajo, bar, komodo, cabin, padar, pink beach, island hopping, private charter, open trip, diving The Ultimate Yacht adalah kapal phinisi mewah yang menawarkan pengalaman berlayar eksklusif di Komodo Island. Dilengkapi fasilitas premium dan pelayanan profesional.",ultimate yacht opentrip komodo padar pink beach labu bajo ac snorkeling labu bajo bar komodo cabin padar pink beach island hopping private charter open trip diving ultimate yacht mewah tawar alam layar eksklusif komodo island lengkap fasilitas premium layan profesional
Komodo Tour PackageYumana Phinisi,PackageYumana,OPEN_TRIP,IDR 10.250.000,10250000,3D2N,25 Guests,"komodo, padar, pink beach, labuan bajo, kelor","jacuzzi, bar, ac, bathroom, cabin, snorkeling equipment, shower","snorkeling, trekking, private charter, open trip","shower, ac, snorkeling, labuan bajo, bar, snorkeling equipment, komodo, cabin, padar, pink beach, trekking, bathroom, private charter, jacuzzi, kelor, open trip",PackageYumana adalah kapal phinisi mewah yang menawarkan pengalaman berlayar eksklusif di Komodo Island. Dilengkapi fasilitas premium dan pelayanan profesional.,https://phinisitrip.com/wp-content/uploads/2025/08/phinisitrip.webp,https://phinisitrip.com/komodo-tour-package-yumana-phinisi/,phinisitrip.com,"Komodo Tour PackageYumana Phinisi OPEN_TRIP 3D2N 25 Guests shower, ac, snorkeling, labuan bajo, bar, snorkeling equipment, komodo, cabin, padar, pink beach, trekking, bathroom, private charter, jacuzzi, kelor, open trip","PackageYumana OPEN_TRIP IDR 10.250.000 komodo, padar, pink beach, labuan bajo, kelor shower, ac, snorkeling, labuan bajo, bar, snorkeling equipment, komodo, cabin, padar, pink beach, trekking, bathroom, private charter, jacuzzi, kelor, open trip PackageYumana adalah kapal phinisi mewah yang menawarkan pengalaman berlayar eksklusif di Komodo Island. Dilengkapi fasilitas premium dan pelayanan profesional.",packageyumana opentrip komodo padar pink beach labu bajo kelor shower ac snorkeling labu bajo bar snorkeling equipment komodo cabin padar pink beach trekking bathroom private charter jacuzzi kelor open trip packageyumana mewah tawar alam layar eksklusif komodo island lengkap fasilitas premium layan profesional
Komodo Tour PackageKanha Loka,PackageKanha Loka,OPEN_TRIP,"IDR 4,350,000",4350000,3D2N,25 Guests,"komodo, padar, pink beach, labuan bajo, kanawa, kelor","ac, bathroom, cabin, snorkeling equipment","snorkeling, trekking, island hopping, private charter, open trip","ac, snorkeling, labuan bajo, snorkeling equipment, komodo, cabin, padar, pink beach, island hopping, bathroom, private charter, trekking, kelor, kanawa, open trip",PackageKanha Loka adalah kapal phinisi mewah yang menawarkan pengalaman berlayar eksklusif di Komodo Island. Dilengkapi fasilitas premium dan pelayanan profesional.,https://phinisitrip.com/wp-content/uploads/2025/08/phinisitrip.webp,https://phinisitrip.com/komodo-tour-package-kanha-loka/,phinisitrip.com,"Komodo Tour PackageKanha Loka OPEN_TRIP 3D2N 25 Guests ac, snorkeling, labuan bajo, snorkeling equipment, komodo, cabin, padar, pink beach, island hopping, bathroom, private charter, trekking, kelor, kanawa, open trip","PackageKanha Loka OPEN_TRIP IDR 4,350,000 komodo, padar, pink beach, labuan bajo, kanawa, kelor ac, snorkeling, labuan bajo, snorkeling equipment, komodo, cabin, padar, pink beach, island hopping, bathroom, private charter, trekking, kelor, kanawa, open trip PackageKanha Loka adalah kapal phinisi mewah yang menawarkan pengalaman berlayar eksklusif di Komodo Island. Dilengkapi fasilitas premium dan pelayanan profesional.",packagekanha loka opentrip komodo padar pink beach labu bajo kanawa kelor ac snorkeling labu bajo snorkeling equipment komodo cabin padar pink beach island hopping bathroom private charter trekking kelor kanawa open trip packagekanha loka mewah tawar alam layar eksklusif komodo island lengkap fasilitas premium layan profesional
Komodo Tour PackageTara Phinisi,PackageTara,OPEN_TRIP,IDR 9.250.000,9250000,3D2N,17 Guests,"komodo, padar, pink beach, labuan bajo, kelor","bar, ac, bathroom, cabin, snorkeling equipment","snorkeling, trekking, private charter, open trip, kayak","ac, snorkeling, kayak, labuan bajo, bar, snorkeling equipment, komodo, cabin, padar, pink beach, bathroom, private charter, trekking, kelor, open trip",PackageTara adalah kapal phinisi mewah yang menawarkan pengalaman berlayar eksklusif di Komodo Island. Dilengkapi fasilitas premium dan pelayanan profesional.,https://phinisitrip.com/wp-content/uploads/2025/08/phinisitrip.webp,https://phinisitrip.com/komodo-tour-package-tara-phinisi/,phinisitrip.com,"Komodo Tour PackageTara Phinisi OPEN_TRIP 3D2N 17 Guests ac, snorkeling, kayak, labuan bajo, bar, snorkeling equipment, komodo, cabin, padar, pink beach, bathroom, private charter, trekking, kelor, open trip","PackageTara OPEN_TRIP IDR 9.250.000 komodo, padar, pink beach, labuan bajo, kelor ac, snorkeling, kayak, labuan bajo, bar, snorkeling equipment, komodo, cabin, padar, pink beach, bathroom, private charter, trekking, kelor, open trip PackageTara adalah kapal phinisi mewah yang menawarkan pengalaman berlayar eksklusif di Komodo Island. Dilengkapi fasilitas premium dan pelayanan profesional.",packagetara opentrip komodo padar pink beach labu bajo kelor ac snorkeling kayak labu bajo bar snorkeling equipment komodo cabin padar pink beach bathroom private charter trekking kelor open trip packagetara mewah tawar alam layar eksklusif komodo island lengkap fasilitas premium layan profesional
Komodo Tour PackageArfisyana Indah,PackageArfisyana Indah,OPEN_TRIP,"IDR 3,800,000",3800000,3D2N,24 Guests,"komodo, padar, pink beach, labuan bajo, kelor","ac, bathroom, cabin, snorkeling equipment","snorkeling, trekking, private charter, open trip","ac, snorkeling, labuan bajo, snorkeling equipment, komodo, cabin, padar, pink beach, bathroom, private charter, trekking, kelor, open trip",PackageArfisyana Indah adalah kapal phinisi mewah yang menawarkan pengalaman berlayar eksklusif di Komodo Island. Dilengkapi fasilitas premium dan pelayanan profesional.,https://phinisitrip.com/wp-content/uploads/2025/08/phinisitrip.webp,https://phinisitrip.com/komodo-tour-package-arfisyana-1/,phinisitrip.com,"Komodo Tour PackageArfisyana Indah OPEN_TRIP 3D2N 24 Guests ac, snorkeling, labuan bajo, snorkeling equipment, komodo, cabin, padar, pink beach, bathroom, private charter, trekking, kelor, open trip","PackageArfisyana Indah OPEN_TRIP IDR 3,800,000 komodo, padar, pink beach, labuan bajo, kelor ac, snorkeling, labuan bajo, snorkeling equipment, komodo, cabin, padar, pink beach, bathroom, private charter, trekking, kelor, open trip PackageArfisyana Indah adalah kapal phinisi mewah yang menawarkan pengalaman berlayar eksklusif di Komodo Island. Dilengkapi fasilitas premium dan pelayanan profesional.",packagearfisyana indah opentrip komodo padar pink beach labu bajo kelor ac snorkeling labu bajo snorkeling equipment komodo cabin padar pink beach bathroom private charter trekking kelor open trip packagearfisyana indah mewah tawar alam layar eksklusif komodo island lengkap fasilitas premium layan profesional
Komodo Tour PackageNavila Liveaboard,PackageNavila,OPEN_TRIP,IDR 8.250.000,8250000,3D2N,12 Guests,"komodo, padar, pink beach, labuan bajo, kelor","bar, ac, bathroom, cabin, snorkeling equipment, shower","snorkeling, trekking, private charter, open trip","shower, ac, snorkeling, labuan bajo, bar, snorkeling equipment, komodo, cabin, padar, pink beach, bathroom, private charter, trekking, kelor, open trip",PackageNavila adalah kapal phinisi mewah yang menawarkan pengalaman berlayar eksklusif di Komodo Island. Dilengkapi fasilitas premium dan pelayanan profesional.,https://phinisitrip.com/wp-content/uploads/2025/08/phinisitrip.webp,https://phinisitrip.com/komodo-tour-package-navila-liveaboard/,phinisitrip.com,"Komodo Tour PackageNavila Liveaboard OPEN_TRIP 3D2N 12 Guests shower, ac, snorkeling, labuan bajo, bar, snorkeling equipment, komodo, cabin, padar, pink beach, bathroom, private charter, trekking, kelor, open trip","PackageNavila OPEN_TRIP IDR 8.250.000 komodo, padar, pink beach, labuan bajo, kelor shower, ac, snorkeling, labuan bajo, bar, snorkeling equipment, komodo, cabin, padar, pink beach, bathroom, private charter, trekking, kelor, open trip PackageNavila adalah kapal phinisi mewah yang menawarkan pengalaman berlayar eksklusif di Komodo Island. Dilengkapi fasilitas premium dan pelayanan profesional.",packagenavila opentrip komodo padar pink beach labu bajo kelor shower ac snorkeling labu bajo bar snorkeling equipment komodo cabin padar pink beach bathroom private charter trekking kelor open trip packagenavila mewah tawar alam layar eksklusif komodo island lengkap fasilitas premium layan profesional
Komodo Tour PackageGiona Liveaboard,PackageGiona,OPEN_TRIP,"IDR 6,000,000",6000000,3D2N,12 Guests,"komodo, padar, pink beach, labuan bajo, kelor","ac, bathroom, cabin, snorkeling equipment, shower","snorkeling, trekking, private charter, open trip","shower, ac, snorkeling, labuan bajo, snorkeling equipment, komodo, cabin, padar, pink beach, bathroom, private charter, trekking, kelor, open trip",PackageGiona adalah kapal phinisi mewah yang menawarkan pengalaman berlayar eksklusif di Komodo Island. Dilengkapi fasilitas premium dan pelayanan profesional.,https://phinisitrip.com/wp-content/uploads/2025/08/phinisitrip.webp,https://phinisitrip.com/komodo-tour-package-giona-liveaboard/,phinisitrip.com,"Komodo Tour PackageGiona Liveaboard OPEN_TRIP 3D2N 12 Guests shower, ac, snorkeling, labuan bajo, snorkeling equipment, komodo, cabin, padar, pink beach, bathroom, private charter, trekking, kelor, open trip","PackageGiona OPEN_TRIP IDR 6,000,000 komodo, padar, pink beach, labuan bajo, kelor shower, ac, snorkeling, labuan bajo, snorkeling equipment, komodo, cabin, padar, pink beach, bathroom, private charter, trekking, kelor, open trip PackageGiona adalah kapal phinisi mewah yang menawarkan pengalaman berlayar eksklusif di Komodo Island. Dilengkapi fasilitas premium dan pelayanan profesional.",packagegiona opentrip komodo padar pink beach labu bajo kelor shower ac snorkeling labu bajo snorkeling equipment komodo cabin padar pink beach bathroom private charter trekking kelor open trip packagegiona mewah tawar alam layar eksklusif komodo island lengkap fasilitas premium layan profesional
Komodo Tour PackageAngelica Liveaboard,PackageAngelica,OPEN_TRIP,IDR 10.450.000,10450000,3D2N,20 Guests,"komodo, padar, pink beach, labuan bajo, kelor","jacuzzi, ac, bathroom, cabin, lounge, snorkeling equipment, kitchen, shower","snorkeling, trekking, private charter, open trip, kayak","shower, ac, lounge, snorkeling, kayak, labuan bajo, snorkeling equipment, komodo, cabin, kitchen, padar, trekking, pink beach, bathroom, private charter, jacuzzi, kelor, open trip",PackageAngelica adalah kapal phinisi mewah yang menawarkan pengalaman berlayar eksklusif di Komodo Island. Dilengkapi fasilitas premium dan pelayanan profesional.,https://phinisitrip.com/wp-content/uploads/2025/08/phinisitrip.webp,https://phinisitrip.com/komodo-tour-package-angelica-liveaboard/,phinisitrip.com,"Komodo Tour PackageAngelica Liveaboard OPEN_TRIP 3D2N 20 Guests shower, ac, lounge, snorkeling, kayak, labuan bajo, snorkeling equipment, komodo, cabin, kitchen, padar, trekking, pink beach, bathroom, private charter, jacuzzi, kelor, open trip","PackageAngelica OPEN_TRIP IDR 10.450.000 komodo, padar, pink beach, labuan bajo, kelor shower, ac, lounge, snorkeling, kayak, labuan bajo, snorkeling equipment, komodo, cabin, kitchen, padar, trekking, pink beach, bathroom, private charter, jacuzzi, kelor, open trip PackageAngelica adalah kapal phinisi mewah yang menawarkan pengalaman berlayar eksklusif di Komodo Island. Dilengkapi fasilitas premium dan pelayanan profesional.",packageangelica opentrip komodo padar pink beach labu bajo kelor shower ac lounge snorkeling kayak labu bajo snorkeling equipment komodo cabin kitchen padar trekking pink beach bathroom private charter jacuzzi kelor open trip packageangelica mewah tawar alam layar eksklusif komodo island lengkap fasilitas premium layan profesional
Komodo Tour PackageArham Jaya 2,PackageArham Jaya 2,OPEN_TRIP,"IDR 3,350,000",3350000,3D2N,15 Guests,"komodo, padar, pink beach, labuan bajo, kanawa, kelor","ac, bathroom, cabin, snorkeling equipment","snorkeling, trekking, island hopping, private charter, open trip","ac, snorkeling, labuan bajo, snorkeling equipment, komodo, cabin, padar, pink beach, island hopping, bathroom, private charter, trekking, kelor, kanawa, open trip",PackageArham Jaya 2 adalah kapal phinisi mewah yang menawarkan pengalaman berlayar eksklusif di Komodo Island. Dilengkapi fasilitas premium dan pelayanan profesional.,https://phinisitrip.com/wp-content/uploads/2025/08/phinisitrip.webp,https://phinisitrip.com/komodo-tour-package-arham-jaya-2/,phinisitrip.com,"Komodo Tour PackageArham Jaya 2 OPEN_TRIP 3D2N 15 Guests ac, snorkeling, labuan bajo, snorkeling equipment, komodo, cabin, padar, pink beach, island hopping, bathroom, private charter, trekking, kelor, kanawa, open trip","PackageArham Jaya 2 OPEN_TRIP IDR 3,350,000 komodo, padar, pink beach, labuan bajo, kanawa, kelor ac, snorkeling, labuan bajo, snorkeling equipment, komodo, cabin, padar, pink beach, island hopping, bathroom, private charter, trekking, kelor, kanawa, open trip PackageArham Jaya 2 adalah kapal phinisi mewah yang menawarkan pengalaman berlayar eksklusif di Komodo Island. Dilengkapi fasilitas premium dan pelayanan profesional.",packagearham jaya opentrip komodo padar pink beach labu bajo kanawa kelor ac snorkeling labu bajo snorkeling equipment komodo cabin padar pink beach island hopping bathroom private charter trekking kelor kanawa open trip packagearham jaya mewah tawar alam layar eksklusif komodo island lengkap fasilitas premium layan profesional
Komodo Tour PackageLe Costa Liveaboard,PackageLe Costa,OPEN_TRIP,IDR 20.000.000,20000000,4D3N,18 Guests,"komodo, padar, pink beach, labuan bajo, kelor","sun deck, jacuzzi, bar, ac, bathroom, cabin, kitchen, shower","snorkeling, diving, trekking, private charter, open trip","shower, ac, snorkeling, labuan bajo, bar, sun deck, komodo, cabin, kitchen, padar, trekking, pink beach, bathroom, private charter, jacuzzi, diving, kelor, open trip",PackageLe Costa adalah kapal phinisi mewah yang menawarkan pengalaman berlayar eksklusif di Komodo Island. Dilengkapi fasilitas premium dan pelayanan profesional.,https://phinisitrip.com/wp-content/uploads/2025/08/phinisitrip.webp,https://phinisitrip.com/komodo-tour-package-le-costa-liveaboard/,phinisitrip.com,"Komodo Tour PackageLe Costa Liveaboard OPEN_TRIP 4D3N 18 Guests shower, ac, snorkeling, labuan bajo, bar, sun deck, komodo, cabin, kitchen, padar, trekking, pink beach, bathroom, private charter, jacuzzi, diving, kelor, open trip","PackageLe Costa OPEN_TRIP IDR 20.000.000 komodo, padar, pink beach, labuan bajo, kelor shower, ac, snorkeling, labuan bajo, bar, sun deck, komodo, cabin, kitchen, padar, trekking, pink beach, bathroom, private charter, jacuzzi, diving, kelor, open trip PackageLe Costa adalah kapal phinisi mewah yang menawarkan pengalaman berlayar eksklusif di Komodo Island. Dilengkapi fasilitas premium dan pelayanan profesional.",packagele costa opentrip komodo padar pink beach labu bajo kelor shower ac snorkeling labu bajo bar sun deck komodo cabin kitchen padar trekking pink beach bathroom private charter jacuzzi diving kelor open trip packagele costa mewah tawar alam layar eksklusif komodo island lengkap fasilitas premium layan profesional
Komodo Tour PackageEm'Ocean Phinisi,PackageEm'Ocean,OPEN_TRIP,IDR 8.850.000,8850000,3D2N,12 Guests,"komodo, padar, pink beach, labuan bajo, kelor","sun deck, bar, ac, bathroom, cabin, snorkeling equipment, shower","snorkeling, trekking, private charter, open trip","shower, ac, snorkeling, labuan bajo, bar, sun deck, snorkeling equipment, cabin, komodo, padar, pink beach, bathroom, private charter, trekking, kelor, open trip",PackageEm'Ocean adalah kapal phinisi mewah yang menawarkan pengalaman berlayar eksklusif di Komodo Island. Dilengkapi fasilitas premium dan pelayanan profesional.,https://phinisitrip.com/wp-content/uploads/2025/08/phinisitrip.webp,https://phinisitrip.com/komodo-tour-package-emocean-phinisi/,phinisitrip.com,"Komodo Tour PackageEm'Ocean Phinisi OPEN_TRIP 3D2N 12 Guests shower, ac, snorkeling, labuan bajo, bar, sun deck, snorkeling equipment, cabin, komodo, padar, pink beach, bathroom, private charter, trekking, kelor, open trip","PackageEm'Ocean OPEN_TRIP IDR 8.850.000 komodo, padar, pink beach, labuan bajo, kelor shower, ac, snorkeling, labuan bajo, bar, sun deck, snorkeling equipment, cabin, komodo, padar, pink beach, bathroom, private charter, trekking, kelor, open trip PackageEm'Ocean adalah kapal phinisi mewah yang menawarkan pengalaman berlayar eksklusif di Komodo Island. Dilengkapi fasilitas premium dan pelayanan profesional.",packageemocean opentrip komodo padar pink beach labu bajo kelor shower ac snorkeling labu bajo bar sun deck snorkeling equipment cabin komodo padar pink beach bathroom private charter trekking kelor open trip packageemocean mewah tawar alam layar eksklusif komodo island lengkap fasilitas premium layan profesional
Komodo Tour PackageMarea Phinisi,PackageMarea,OPEN_TRIP,IDR 11.000.000,11000000,3D2N,18 Guests,"komodo, padar, pink beach, labuan bajo, kelor","ac, bathroom, cabin, lounge, snorkeling equipment, shower","snorkeling, trekking, private charter, open trip","shower, ac, lounge, snorkeling, labuan bajo, snorkeling equipment, komodo, cabin, padar, pink beach, bathroom, private charter, trekking, kelor, open trip",PackageMarea adalah kapal phinisi mewah yang menawarkan pengalaman berlayar eksklusif di Komodo Island. Dilengkapi fasilitas premium dan pelayanan profesional.,https://phinisitrip.com/wp-content/uploads/2025/08/phinisitrip.webp,https://phinisitrip.com/komodo-tour-package-marea-phinisi/,phinisitrip.com,"Komodo Tour PackageMarea Phinisi OPEN_TRIP 3D2N 18 Guests shower, ac, lounge, snorkeling, labuan bajo, snorkeling equipment, komodo, cabin, padar, pink beach, bathroom, private charter, trekking, kelor, open trip","PackageMarea OPEN_TRIP IDR 11.000.000 komodo, padar, pink beach, labuan bajo, kelor shower, ac, lounge, snorkeling, labuan bajo, snorkeling equipment, komodo, cabin, padar, pink beach, bathroom, private charter, trekking, kelor, open trip PackageMarea adalah kapal phinisi mewah yang menawarkan pengalaman berlayar eksklusif di Komodo Island. Dilengkapi fasilitas premium dan pelayanan profesional.",packagemarea opentrip komodo padar pink beach labu bajo kelor shower ac lounge snorkeling labu bajo snorkeling equipment komodo cabin padar pink beach bathroom private charter trekking kelor open trip packagemarea mewah tawar alam layar eksklusif komodo island lengkap fasilitas premium layan profesional
Komodo Tour PackageLipra,PackageLipra,OPEN_TRIP,IDR 7.000.000,7000000,3D2N,14 Guests,"komodo, padar, pink beach, labuan bajo, kelor","bar, ac, bathroom, cabin, snorkeling equipment","snorkeling, trekking, private charter, open trip","ac, snorkeling, labuan bajo, bar, snorkeling equipment, komodo, cabin, padar, pink beach, bathroom, private charter, trekking, kelor, open trip",PackageLipra adalah kapal phinisi mewah yang menawarkan pengalaman berlayar eksklusif di Komodo Island. Dilengkapi fasilitas premium dan pelayanan profesional.,https://phinisitrip.com/wp-content/uploads/2025/08/phinisitrip.webp,https://phinisitrip.com/komodo-tour-package-lipra/,phinisitrip.com,"Komodo Tour PackageLipra OPEN_TRIP 3D2N 14 Guests ac, snorkeling, labuan bajo, bar, snorkeling equipment, komodo, cabin, padar, pink beach, bathroom, private charter, trekking, kelor, open trip","PackageLipra OPEN_TRIP IDR 7.000.000 komodo, padar, pink beach, labuan bajo, kelor ac, snorkeling, labuan bajo, bar, snorkeling equipment, komodo, cabin, padar, pink beach, bathroom, private charter, trekking, kelor, open trip PackageLipra adalah kapal phinisi mewah yang menawarkan pengalaman berlayar eksklusif di Komodo Island. Dilengkapi fasilitas premium dan pelayanan profesional.",packagelipra opentrip komodo padar pink beach labu bajo kelor ac snorkeling labu bajo bar snorkeling equipment komodo cabin padar pink beach bathroom private charter trekking kelor open trip packagelipra mewah tawar alam layar eksklusif komodo island lengkap fasilitas premium layan profesional
Komodo Tour PackageLamborajo II,PackageLamborajo II,OPEN_TRIP,IDR 7.500.000,7500000,3D2N,25 Guests,"komodo, padar, pink beach, labuan bajo, kelor","sun deck, bar, ac, bathroom, cabin, snorkeling equipment, shower","snorkeling, trekking, private charter, open trip, kayak","shower, ac, snorkeling, kayak, labuan bajo, bar, sun deck, snorkeling equipment, cabin, komodo, padar, pink beach, bathroom, private charter, trekking, kelor, open trip",PackageLamborajo II adalah kapal phinisi mewah yang menawarkan pengalaman berlayar eksklusif di Komodo Island. Dilengkapi fasilitas premium dan pelayanan profesional.,https://phinisitrip.com/wp-content/uploads/2025/08/phinisitrip.webp,https://phinisitrip.com/komodo-tour-package-lamborajo-ii/,phinisitrip.com,"Komodo Tour PackageLamborajo II OPEN_TRIP 3D2N 25 Guests shower, ac, snorkeling, kayak, labuan bajo, bar, sun deck, snorkeling equipment, cabin, komodo, padar, pink beach, bathroom, private charter, trekking, kelor, open trip","PackageLamborajo II OPEN_TRIP IDR 7.500.000 komodo, padar, pink beach, labuan bajo, kelor shower, ac, snorkeling, kayak, labuan bajo, bar, sun deck, snorkeling equipment, cabin, komodo, padar, pink beach, bathroom, private charter, trekking, kelor, open trip PackageLamborajo II adalah kapal phinisi mewah yang menawarkan pengalaman berlayar eksklusif di Komodo Island. Dilengkapi fasilitas premium dan pelayanan profesional.",packagelamborajo ii opentrip komodo padar pink beach labu bajo kelor shower ac snorkeling kayak labu bajo bar sun deck snorkeling equipment cabin komodo padar pink beach bathroom private charter trekking kelor open trip packagelamborajo ii mewah tawar alam layar eksklusif komodo island lengkap fasilitas premium layan profesional
Komodo Tour PackageBehike Liveaboard,PackageBehike,OPEN_TRIP,IDR 11.250.000,11250000,3D2N,13 Guests,"komodo, padar, pink beach, labuan bajo, kelor","sun deck, jacuzzi, ac, bathroom, cabin, snorkeling equipment, shower","snorkeling, trekking, private charter, open trip","shower, ac, snorkeling, labuan bajo, sun deck, snorkeling equipment, cabin, komodo, padar, pink beach, trekking, bathroom, private charter, jacuzzi, kelor, open trip",PackageBehike adalah kapal phinisi mewah yang menawarkan pengalaman berlayar eksklusif di Komodo Island. Dilengkapi fasilitas premium dan pelayanan profesional.,https://phinisitrip.com/wp-content/uploads/2025/08/phinisitrip.webp,https://phinisitrip.com/komodo-tour-package-behike-liveaboard/,phinisitrip.com,"Komodo Tour PackageBehike Liveaboard OPEN_TRIP 3D2N 13 Guests shower, ac, snorkeling, labuan bajo, sun deck, snorkeling equipment, cabin, komodo, padar, pink beach, trekking, bathroom, private charter, jacuzzi, kelor, open trip","PackageBehike OPEN_TRIP IDR 11.250.000 komodo, padar, pink beach, labuan bajo, kelor shower, ac, snorkeling, labuan bajo, sun deck, snorkeling equipment, cabin, komodo, padar, pink beach, trekking, bathroom, private charter, jacuzzi, kelor, open trip PackageBehike adalah kapal phinisi mewah yang menawarkan pengalaman berlayar eksklusif di Komodo Island. Dilengkapi fasilitas premium dan pelayanan profesional.",packagebehike opentrip komodo padar pink beach labu bajo kelor shower ac snorkeling labu bajo sun deck snorkeling equipment cabin komodo padar pink beach trekking bathroom private charter jacuzzi kelor open trip packagebehike mewah tawar alam layar eksklusif komodo island lengkap fasilitas premium layan profesional
Komodo Tour PackageZada Zen,PackageZada Zen,OPEN_TRIP,IDR 9.000.000,9000000,3D2N,13 Guests,"komodo, padar, pink beach, labuan bajo, kelor","bar, ac, bathroom, cabin, snorkeling equipment","snorkeling, diving, trekking, private charter, open trip","ac, snorkeling, labuan bajo, bar, snorkeling equipment, komodo, cabin, padar, pink beach, bathroom, private charter, trekking, diving, kelor, open trip",PackageZada Zen adalah kapal phinisi mewah yang menawarkan pengalaman berlayar eksklusif di Komodo Island. Dilengkapi fasilitas premium dan pelayanan profesional.,https://phinisitrip.com/wp-content/uploads/2025/08/phinisitrip.webp,https://phinisitrip.com/komodo-tour-package-zada-zen/,phinisitrip.com,"Komodo Tour PackageZada Zen OPEN_TRIP 3D2N 13 Guests ac, snorkeling, labuan bajo, bar, snorkeling equipment, komodo, cabin, padar, pink beach, bathroom, private charter, trekking, diving, kelor, open trip","PackageZada Zen OPEN_TRIP IDR 9.000.000 komodo, padar, pink beach, labuan bajo, kelor ac, snorkeling, labuan bajo, bar, snorkeling equipment, komodo, cabin, padar, pink beach, bathroom, private charter, trekking, diving, kelor, open trip PackageZada Zen adalah kapal phinisi mewah yang menawarkan pengalaman berlayar eksklusif di Komodo Island. Dilengkapi fasilitas premium dan pelayanan profesional.",packagezada zen opentrip komodo padar pink beach labu bajo kelor ac snorkeling labu bajo bar snorkeling equipment komodo cabin padar pink beach bathroom private charter trekking diving kelor open trip packagezada zen mewah tawar alam layar eksklusif komodo island lengkap fasilitas premium layan profesional
Komodo Tour PackagePapiton Lopi,PackagePapiton Lopi,OPEN_TRIP,IDR 8.500.000,8500000,3D2N,11 Guests,"komodo, padar, pink beach, labuan bajo, kelor","bar, ac, bathroom, cabin, snorkeling equipment","snorkeling, trekking, private charter, open trip","ac, snorkeling, labuan bajo, bar, snorkeling equipment, komodo, cabin, padar, pink beach, bathroom, private charter, trekking, kelor, open trip",PackagePapiton Lopi adalah kapal phinisi mewah yang menawarkan pengalaman berlayar eksklusif di Komodo Island. Dilengkapi fasilitas premium dan pelayanan profesional.,https://phinisitrip.com/wp-content/uploads/2025/08/phinisitrip.webp,https://phinisitrip.com/komodo-tour-package-papiton-lopi/,phinisitrip.com,"Komodo Tour PackagePapiton Lopi OPEN_TRIP 3D2N 11 Guests ac, snorkeling, labuan bajo, bar, snorkeling equipment, komodo, cabin, padar, pink beach, bathroom, private charter, trekking, kelor, open trip","PackagePapiton Lopi OPEN_TRIP IDR 8.500.000 komodo, padar, pink beach, labuan bajo, kelor ac, snorkeling, labuan bajo, bar, snorkeling equipment, komodo, cabin, padar, pink beach, bathroom, private charter, trekking, kelor, open trip PackagePapiton Lopi adalah kapal phinisi mewah yang menawarkan pengalaman berlayar eksklusif di Komodo Island. Dilengkapi fasilitas premium dan pelayanan profesional.",packagepapiton lop opentrip komodo padar pink beach labu bajo kelor ac snorkeling labu bajo bar snorkeling equipment komodo cabin padar pink beach bathroom private charter trekking kelor open trip packagepapiton lop mewah tawar alam layar eksklusif komodo island lengkap fasilitas premium layan profesional
Komodo Tour PackageSora Liveaboard,PackageSora,OPEN_TRIP,"IDR 5,250,000",5250000,3D2N,20 Guests,"komodo, padar, pink beach, labuan bajo, kelor","ac, bathroom, cabin, snorkeling equipment","snorkeling, diving, trekking, private charter, open trip","ac, snorkeling, labuan bajo, snorkeling equipment, komodo, cabin, padar, pink beach, bathroom, private charter, trekking, diving, kelor, open trip",PackageSora adalah kapal phinisi mewah yang menawarkan pengalaman berlayar eksklusif di Komodo Island. Dilengkapi fasilitas premium dan pelayanan profesional.,https://phinisitrip.com/wp-content/uploads/2025/08/phinisitrip.webp,https://phinisitrip.com/komodo-tour-package-sora-liveaboard/,phinisitrip.com,"Komodo Tour PackageSora Liveaboard OPEN_TRIP 3D2N 20 Guests ac, snorkeling, labuan bajo, snorkeling equipment, komodo, cabin, padar, pink beach, bathroom, private charter, trekking, diving, kelor, open trip","PackageSora OPEN_TRIP IDR 5,250,000 komodo, padar, pink beach, labuan bajo, kelor ac, snorkeling, labuan bajo, snorkeling equipment, komodo, cabin, padar, pink beach, bathroom, private charter, trekking, diving, kelor, open trip PackageSora adalah kapal phinisi mewah yang menawarkan pengalaman berlayar eksklusif di Komodo Island. Dilengkapi fasilitas premium dan pelayanan profesional.",packagesora opentrip komodo padar pink beach labu bajo kelor ac snorkeling labu bajo snorkeling equipment komodo cabin padar pink beach bathroom private charter trekking diving kelor open trip packagesora mewah tawar alam layar eksklusif komodo island lengkap fasilitas premium layan profesional
Komodo Tour PackageBajo Sunset 2,PackageBajo Sunset 2,OPEN_TRIP,"IDR 3,950,000",3950000,3D2N,15 Guests,"komodo, padar, pink beach, labuan bajo, kelor","sun deck, bar, ac, bathroom, cabin, dining area, snorkeling equipment","snorkeling, trekking, private charter, open trip","ac, dining area, snorkeling, labuan bajo, bar, sun deck, snorkeling equipment, cabin, komodo, padar, pink beach, bathroom, private charter, trekking, kelor, open trip",PackageBajo Sunset 2 adalah kapal phinisi mewah yang menawarkan pengalaman berlayar eksklusif di Komodo Island. Dilengkapi fasilitas premium dan pelayanan profesional.,https://phinisitrip.com/wp-content/uploads/2025/08/phinisitrip.webp,https://phinisitrip.com/komodo-tour-package-bajo-sunset-2/,phinisitrip.com,"Komodo Tour PackageBajo Sunset 2 OPEN_TRIP 3D2N 15 Guests ac, dining area, snorkeling, labuan bajo, bar, sun deck, snorkeling equipment, cabin, komodo, padar, pink beach, bathroom, private charter, trekking, kelor, open trip","PackageBajo Sunset 2 OPEN_TRIP IDR 3,950,000 komodo, padar, pink beach, labuan bajo, kelor ac, dining area, snorkeling, labuan bajo, bar, sun deck, snorkeling equipment, cabin, komodo, padar, pink beach, bathroom, private charter, trekking, kelor, open trip PackageBajo Sunset 2 adalah kapal phinisi mewah yang menawarkan pengalaman berlayar eksklusif di Komodo Island. Dilengkapi fasilitas premium dan pelayanan profesional.",packagebajo sunset opentrip komodo padar pink beach labu bajo kelor ac ning area snorkeling labu bajo bar sun deck snorkeling equipment cabin komodo padar pink beach bathroom private charter trekking kelor open trip packagebajo sunset mewah tawar alam layar eksklusif komodo island lengkap fasilitas premium layan profesional
Komodo Tour PackageBarakati Cruise,PackageBarakati Cruise,OPEN_TRIP,IDR 7.250.000,7250000,3D2N,10 Guests,"komodo, padar, pink beach, labuan bajo, kelor","bar, ac, bathroom, cabin, lounge, snorkeling equipment","snorkeling, trekking, private charter, open trip","ac, lounge, snorkeling, labuan bajo, bar, snorkeling equipment, komodo, cabin, padar, pink beach, bathroom, private charter, trekking, kelor, open trip",PackageBarakati Cruise adalah kapal phinisi mewah yang menawarkan pengalaman berlayar eksklusif di Komodo Island. Dilengkapi fasilitas premium dan pelayanan profesional.,https://phinisitrip.com/wp-content/uploads/2025/08/phinisitrip.webp,https://phinisitrip.com/komodo-tour-package-barakati-cruise/,phinisitrip.com,"Komodo Tour PackageBarakati Cruise OPEN_TRIP 3D2N 10 Guests ac, lounge, snorkeling, labuan bajo, bar, snorkeling equipment, komodo, cabin, padar, pink beach, bathroom, private charter, trekking, kelor, open trip","PackageBarakati Cruise OPEN_TRIP IDR 7.250.000 komodo, padar, pink beach, labuan bajo, kelor ac, lounge, snorkeling, labuan bajo, bar, snorkeling equipment, komodo, cabin, padar, pink beach, bathroom, private charter, trekking, kelor, open trip PackageBarakati Cruise adalah kapal phinisi mewah yang menawarkan pengalaman berlayar eksklusif di Komodo Island. Dilengkapi fasilitas premium dan pelayanan profesional.",packagebarakati cruise opentrip komodo padar pink beach labu bajo kelor ac lounge snorkeling labu bajo bar snorkeling equipment komodo cabin padar pink beach bathroom private charter trekking kelor open trip packagebarakati cruise mewah tawar alam layar eksklusif komodo island lengkap fasilitas premium layan profesional
Komodo Tour PackageYukai Liveaboard,PackageYukai,OPEN_TRIP,"IDR 4,750,000",4750000,3D2N,12 Guests,"komodo, padar, pink beach, labuan bajo, kelor","sun deck, jacuzzi, bar, ac, bathroom, cabin, dining area, snorkeling equipment, shower","snorkeling, trekking, private charter, open trip","shower, ac, dining area, snorkeling, labuan bajo, bar, sun deck, snorkeling equipment, cabin, komodo, padar, pink beach, trekking, bathroom, private charter, jacuzzi, kelor, open trip",PackageYukai adalah kapal phinisi mewah yang menawarkan pengalaman berlayar eksklusif di Komodo Island. Dilengkapi fasilitas premium dan pelayanan profesional.,https://phinisitrip.com/wp-content/uploads/2025/08/phinisitrip.webp,https://phinisitrip.com/komodo-tour-package-yukai-liveaboard/,phinisitrip.com,"Komodo Tour PackageYukai Liveaboard OPEN_TRIP 3D2N 12 Guests shower, ac, dining area, snorkeling, labuan bajo, bar, sun deck, snorkeling equipment, cabin, komodo, padar, pink beach, trekking, bathroom, private charter, jacuzzi, kelor, open trip","PackageYukai OPEN_TRIP IDR 4,750,000 komodo, padar, pink beach, labuan bajo, kelor shower, ac, dining area, snorkeling, labuan bajo, bar, sun deck, snorkeling equipment, cabin, komodo, padar, pink beach, trekking, bathroom, private charter, jacuzzi, kelor, open trip PackageYukai adalah kapal phinisi mewah yang menawarkan pengalaman berlayar eksklusif di Komodo Island. Dilengkapi fasilitas premium dan pelayanan profesional.",packageyukai opentrip komodo padar pink beach labu bajo kelor shower ac ning area snorkeling labu bajo bar sun deck snorkeling equipment cabin komodo padar pink beach trekking bathroom private charter jacuzzi kelor open trip packageyukai mewah tawar alam layar eksklusif komodo island lengkap fasilitas premium layan profesional
Komodo Tour PackageDerya Liveaboard,PackageDerya,OPEN_TRIP,IDR 9.750.000,9750000,3D2N,13 Guests,"komodo, padar, pink beach, labuan bajo, kanawa, kelor","sun deck, bar, ac, bathroom, cabin, dining area, lounge, snorkeling equipment, kitchen","snorkeling, trekking, private charter, open trip, kayak","snorkeling, labuan bajo, sun deck, cabin, pink beach, kelor, kanawa, ac, lounge, komodo, padar, private charter, kayak, bar, trekking, dining area, snorkeling equipment, kitchen, bathroom, open trip",PackageDerya adalah kapal phinisi mewah yang menawarkan pengalaman berlayar eksklusif di Komodo Island. Dilengkapi fasilitas premium dan pelayanan profesional.,https://phinisitrip.com/wp-content/uploads/2025/08/phinisitrip.webp,https://phinisitrip.com/komodo-tour-package-derya-liveaboard/,phinisitrip.com,"Komodo Tour PackageDerya Liveaboard OPEN_TRIP 3D2N 13 Guests snorkeling, labuan bajo, sun deck, cabin, pink beach, kelor, kanawa, ac, lounge, komodo, padar, private charter, kayak, bar, trekking, dining area, snorkeling equipment, kitchen, bathroom, open trip","PackageDerya OPEN_TRIP IDR 9.750.000 komodo, padar, pink beach, labuan bajo, kanawa, kelor snorkeling, labuan bajo, sun deck, cabin, pink beach, kelor, kanawa, ac, lounge, komodo, padar, private charter, kayak, bar, trekking, dining area, snorkeling equipment, kitchen, bathroom, open trip PackageDerya adalah kapal phinisi mewah yang menawarkan pengalaman berlayar eksklusif di Komodo Island. Dilengkapi fasilitas premium dan pelayanan profesional.",packagederya opentrip komodo padar pink beach labu bajo kanawa kelor snorkeling labu bajo sun deck cabin pink beach kelor kanawa ac lounge komodo padar private charter kayak bar trekking ning area snorkeling equipment kitchen bathroom open trip packagederya mewah tawar alam layar eksklusif komodo island lengkap fasilitas premium layan profesional
Komodo Tour PackageAimar Cruise,PackageAimar Cruise,OPEN_TRIP,"IDR 5,250,000",5250000,3D2N,22 Guests,"komodo, padar, pink beach, labuan bajo, kelor","sun deck, bar, ac, bathroom, cabin, dining area, snorkeling equipment, shower","snorkeling, trekking, private charter, open trip","shower, ac, dining area, snorkeling, labuan bajo, bar, sun deck, snorkeling equipment, cabin, komodo, padar, pink beach, bathroom, private charter, trekking, kelor, open trip",PackageAimar Cruise adalah kapal phinisi mewah yang menawarkan pengalaman berlayar eksklusif di Komodo Island. Dilengkapi fasilitas premium dan pelayanan profesional.,https://phinisitrip.com/wp-content/uploads/2025/08/phinisitrip.webp,https://phinisitrip.com/komodo-tour-package-aimar-cruise/,phinisitrip.com,"Komodo Tour PackageAimar Cruise OPEN_TRIP 3D2N 22 Guests shower, ac, dining area, snorkeling, labuan bajo, bar, sun deck, snorkeling equipment, cabin, komodo, padar, pink beach, bathroom, private charter, trekking, kelor, open trip","PackageAimar Cruise OPEN_TRIP IDR 5,250,000 komodo, padar, pink beach, labuan bajo, kelor shower, ac, dining area, snorkeling, labuan bajo, bar, sun deck, snorkeling equipment, cabin, komodo, padar, pink beach, bathroom, private charter, trekking, kelor, open trip PackageAimar Cruise adalah kapal phinisi mewah yang menawarkan pengalaman berlayar eksklusif di Komodo Island. Dilengkapi fasilitas premium dan pelayanan profesional.",packageaimar cruise opentrip komodo padar pink beach labu bajo kelor shower ac ning area snorkeling labu bajo bar sun deck snorkeling equipment cabin komodo padar pink beach bathroom private charter trekking kelor open trip packageaimar cruise mewah tawar alam layar eksklusif komodo island lengkap fasilitas premium layan profesional
Komodo Tour PackageSantemako Liveaboard,PackageSantemako,OPEN_TRIP,"IDR 4,900,000",4900000,3D2N,12 Guests,"komodo, padar, pink beach, labuan bajo, kelor","ac, bathroom, cabin, snorkeling equipment","snorkeling, trekking, private charter, open trip","ac, snorkeling, labuan bajo, snorkeling equipment, komodo, cabin, padar, pink beach, bathroom, private charter, trekking, kelor, open trip",PackageSantemako adalah kapal phinisi mewah yang menawarkan pengalaman berlayar eksklusif di Komodo Island. Dilengkapi fasilitas premium dan pelayanan profesional.,https://phinisitrip.com/wp-content/uploads/2025/08/phinisitrip.webp,https://phinisitrip.com/komodo-tour-package-santemako-liveaboard/,phinisitrip.com,"Komodo Tour PackageSantemako Liveaboard OPEN_TRIP 3D2N 12 Guests ac, snorkeling, labuan bajo, snorkeling equipment, komodo, cabin, padar, pink beach, bathroom, private charter, trekking, kelor, open trip","PackageSantemako OPEN_TRIP IDR 4,900,000 komodo, padar, pink beach, labuan bajo, kelor ac, snorkeling, labuan bajo, snorkeling equipment, komodo, cabin, padar, pink beach, bathroom, private charter, trekking, kelor, open trip PackageSantemako adalah kapal phinisi mewah yang menawarkan pengalaman berlayar eksklusif di Komodo Island. Dilengkapi fasilitas premium dan pelayanan profesional.",packagesantemako opentrip komodo padar pink beach labu bajo kelor ac snorkeling labu bajo snorkeling equipment komodo cabin padar pink beach bathroom private charter trekking kelor open trip packagesantemako mewah tawar alam layar eksklusif komodo island lengkap fasilitas premium layan profesional
Komodo Tour PackageCordelia Phinisi,PackageCordelia,OPEN_TRIP,IDR 11.500.000,11500000,3D2N,14 Guests,"komodo, padar, pink beach, labuan bajo, kelor","bar, ac, bathroom, cabin, dining area, snorkeling equipment, diving equipment, kitchen, shower","snorkeling, diving, trekking, private charter, open trip, kayak","snorkeling, labuan bajo, cabin, pink beach, diving equipment, kelor, shower, ac, komodo, padar, private charter, diving, kayak, bar, trekking, dining area, snorkeling equipment, kitchen, bathroom, open trip",PackageCordelia adalah kapal phinisi mewah yang menawarkan pengalaman berlayar eksklusif di Komodo Island. Dilengkapi fasilitas premium dan pelayanan profesional.,https://phinisitrip.com/wp-content/uploads/2025/08/phinisitrip.webp,https://phinisitrip.com/komodo-tour-package-cordelia-phinisi/,phinisitrip.com,"Komodo Tour PackageCordelia Phinisi OPEN_TRIP 3D2N 14 Guests snorkeling, labuan bajo, cabin, pink beach, diving equipment, kelor, shower, ac, komodo, padar, private charter, diving, kayak, bar, trekking, dining area, snorkeling equipment, kitchen, bathroom, open trip","PackageCordelia OPEN_TRIP IDR 11.500.000 komodo, padar, pink beach, labuan bajo, kelor snorkeling, labuan bajo, cabin, pink beach, diving equipment, kelor, shower, ac, komodo, padar, private charter, diving, kayak, bar, trekking, dining area, snorkeling equipment, kitchen, bathroom, open trip PackageCordelia adalah kapal phinisi mewah yang menawarkan pengalaman berlayar eksklusif di Komodo Island. Dilengkapi fasilitas premium dan pelayanan profesional.",packagecordelia opentrip komodo padar pink beach labu bajo kelor snorkeling labu bajo cabin pink beach diving equipment kelor shower ac komodo padar private charter diving kayak bar trekking ning area snorkeling equipment kitchen bathroom open trip packagecordelia mewah tawar alam layar eksklusif komodo island lengkap fasilitas premium layan profesional
Komodo Tour PackageGandiva Phinisi,PackageGandiva,OPEN_TRIP,IDR 11.100.000,11100000,3D2N,12 Guests,"komodo, padar, pink beach, labuan bajo, kelor","bar, ac, bathroom, cabin, snorkeling equipment, shower","snorkeling, trekking, private charter, open trip","shower, ac, snorkeling, labuan bajo, bar, snorkeling equipment, komodo, cabin, padar, pink beach, bathroom, private charter, trekking, kelor, open trip",PackageGandiva adalah kapal phinisi mewah yang menawarkan pengalaman berlayar eksklusif di Komodo Island. Dilengkapi fasilitas premium dan pelayanan profesional.,https://phinisitrip.com/wp-content/uploads/2025/08/phinisitrip.webp,https://phinisitrip.com/komodo-tour-package-gandiva-phinisi/,phinisitrip.com,"Komodo Tour PackageGandiva Phinisi OPEN_TRIP 3D2N 12 Guests shower, ac, snorkeling, labuan bajo, bar, snorkeling equipment, komodo, cabin, padar, pink beach, bathroom, private charter, trekking, kelor, open trip","PackageGandiva OPEN_TRIP IDR 11.100.000 komodo, padar, pink beach, labuan bajo, kelor shower, ac, snorkeling, labuan bajo, bar, snorkeling equipment, komodo, cabin, padar, pink beach, bathroom, private charter, trekking, kelor, open trip PackageGandiva adalah kapal phinisi mewah yang menawarkan pengalaman berlayar eksklusif di Komodo Island. Dilengkapi fasilitas premium dan pelayanan profesional.",packagegandiva opentrip komodo padar pink beach labu bajo kelor shower ac snorkeling labu bajo bar snorkeling equipment komodo cabin padar pink beach bathroom private charter trekking kelor open trip packagegandiva mewah tawar alam layar eksklusif komodo island lengkap fasilitas premium layan profesional
Komodo Tour PackageHatira Hela,PackageHatira Hela,OPEN_TRIP,"IDR 5,500,000",5500000,3D2N,24 Guests,"komodo, padar, pink beach, labuan bajo, kelor","sun deck, bar, ac, bathroom, cabin, snorkeling equipment","snorkeling, trekking, private charter, open trip","ac, snorkeling, labuan bajo, bar, sun deck, snorkeling equipment, cabin, komodo, padar, pink beach, bathroom, private charter, trekking, kelor, open trip",PackageHatira Hela adalah kapal phinisi mewah yang menawarkan pengalaman berlayar eksklusif di Komodo Island. Dilengkapi fasilitas premium dan pelayanan profesional.,https://phinisitrip.com/wp-content/uploads/2025/08/phinisitrip.webp,https://phinisitrip.com/komodo-tour-package-hatira-hela/,phinisitrip.com,"Komodo Tour PackageHatira Hela OPEN_TRIP 3D2N 24 Guests ac, snorkeling, labuan bajo, bar, sun deck, snorkeling equipment, cabin, komodo, padar, pink beach, bathroom, private charter, trekking, kelor, open trip","PackageHatira Hela OPEN_TRIP IDR 5,500,000 komodo, padar, pink beach, labuan bajo, kelor ac, snorkeling, labuan bajo, bar, sun deck, snorkeling equipment, cabin, komodo, padar, pink beach, bathroom, private charter, trekking, kelor, open trip PackageHatira Hela adalah kapal phinisi mewah yang menawarkan pengalaman berlayar eksklusif di Komodo Island. Dilengkapi fasilitas premium dan pelayanan profesional.",packagehatira hela opentrip komodo padar pink beach labu bajo kelor ac snorkeling labu bajo bar sun deck snorkeling equipment cabin komodo padar pink beach bathroom private charter trekking kelor open trip packagehatira hela mewah tawar alam layar eksklusif komodo island lengkap fasilitas premium layan profesional
Komodo Tour PackageSea Familia,PackageSea Familia,OPEN_TRIP,IDR 8.250.000,8250000,3D2N,12 Guests,"komodo, padar, pink beach, labuan bajo, kelor","jacuzzi, bar, ac, bathroom, cabin, lounge, snorkeling equipment, shower","snorkeling, trekking, private charter, open trip","shower, ac, lounge, snorkeling, labuan bajo, bar, snorkeling equipment, komodo, cabin, padar, pink beach, trekking, bathroom, private charter, jacuzzi, kelor, open trip",PackageSea Familia adalah kapal phinisi mewah yang menawarkan pengalaman berlayar eksklusif di Komodo Island. Dilengkapi fasilitas premium dan pelayanan profesional.,https://phinisitrip.com/wp-content/uploads/2025/08/phinisitrip.webp,https://phinisitrip.com/komodo-tour-package-sea-familia/,phinisitrip.com,"Komodo Tour PackageSea Familia OPEN_TRIP 3D2N 12 Guests shower, ac, lounge, snorkeling, labuan bajo, bar, snorkeling equipment, komodo, cabin, padar, pink beach, trekking, bathroom, private charter, jacuzzi, kelor, open trip","PackageSea Familia OPEN_TRIP IDR 8.250.000 komodo, padar, pink beach, labuan bajo, kelor shower, ac, lounge, snorkeling, labuan bajo, bar, snorkeling equipment, komodo, cabin, padar, pink beach, trekking, bathroom, private charter, jacuzzi, kelor, open trip PackageSea Familia adalah kapal phinisi mewah yang menawarkan pengalaman berlayar eksklusif di Komodo Island. Dilengkapi fasilitas premium dan pelayanan profesional.",packagesea familia opentrip komodo padar pink beach labu bajo kelor shower ac lounge snorkeling labu bajo bar snorkeling equipment komodo cabin padar pink beach trekking bathroom private charter jacuzzi kelor open trip packagesea familia mewah tawar alam layar eksklusif komodo island lengkap fasilitas premium layan profesional
Komodo Tour Packages 4 Days 3 Nights,4 Days 3 Nights,OPEN_TRIP,"IDR 65,000,000",65000000,4D3N,12 Guests,"komodo, padar, pink beach, labuan bajo, kanawa, kelor","bar, ac, cabin, snorkeling equipment","snorkeling, trekking, private charter, open trip","ac, snorkeling, labuan bajo, bar, snorkeling equipment, komodo, cabin, padar, pink beach, private charter, trekking, kelor, kanawa, open trip",4 Days 3 Nights adalah kapal phinisi mewah yang menawarkan pengalaman berlayar eksklusif di Komodo Island. Dilengkapi fasilitas premium dan pelayanan profesional.,https://phinisitrip.com/wp-content/uploads/2025/08/phinisitrip.webp,https://phinisitrip.com/komodo-island-tour-packages/4-days-3-nights/,phinisitrip.com,"Komodo Tour Packages 4 Days 3 Nights OPEN_TRIP 4D3N 12 Guests ac, snorkeling, labuan bajo, bar, snorkeling equipment, komodo, cabin, padar, pink beach, private charter, trekking, kelor, kanawa, open trip","4 Days 3 Nights OPEN_TRIP IDR 65,000,000 komodo, padar, pink beach, labuan bajo, kanawa, kelor ac, snorkeling, labuan bajo, bar, snorkeling equipment, komodo, cabin, padar, pink beach, private charter, trekking, kelor, kanawa, open trip 4 Days 3 Nights adalah kapal phinisi mewah yang menawarkan pengalaman berlayar eksklusif di Komodo Island. Dilengkapi fasilitas premium dan pelayanan profesional.",days nights opentrip komodo padar pink beach labu bajo kanawa kelor ac snorkeling labu bajo bar snorkeling equipment komodo cabin padar pink beach private charter trekking kelor kanawa open trip days nights mewah tawar alam layar eksklusif komodo island lengkap fasilitas premium layan profesional
Komodo Tour PackageZada Mega,PackageZada Mega,OPEN_TRIP,IDR 8.000.000,8000000,3D2N,11 Guests,"komodo, padar, pink beach, labuan bajo, kelor","sun deck, bar, ac, bathroom, cabin, dining area, snorkeling equipment, kitchen","snorkeling, trekking, private charter, open trip","ac, dining area, snorkeling, labuan bajo, bar, sun deck, snorkeling equipment, cabin, komodo, kitchen, padar, pink beach, bathroom, private charter, trekking, kelor, open trip",PackageZada Mega adalah kapal phinisi mewah yang menawarkan pengalaman berlayar eksklusif di Komodo Island. Dilengkapi fasilitas premium dan pelayanan profesional.,https://phinisitrip.com/wp-content/uploads/2025/08/phinisitrip.webp,https://phinisitrip.com/komodo-tour-package-zada-mega/,phinisitrip.com,"Komodo Tour PackageZada Mega OPEN_TRIP 3D2N 11 Guests ac, dining area, snorkeling, labuan bajo, bar, sun deck, snorkeling equipment, cabin, komodo, kitchen, padar, pink beach, bathroom, private charter, trekking, kelor, open trip","PackageZada Mega OPEN_TRIP IDR 8.000.000 komodo, padar, pink beach, labuan bajo, kelor ac, dining area, snorkeling, labuan bajo, bar, sun deck, snorkeling equipment, cabin, komodo, kitchen, padar, pink beach, bathroom, private charter, trekking, kelor, open trip PackageZada Mega adalah kapal phinisi mewah yang menawarkan pengalaman berlayar eksklusif di Komodo Island. Dilengkapi fasilitas premium dan pelayanan profesional.",packagezada mega opentrip komodo padar pink beach labu bajo kelor ac ning area snorkeling labu bajo bar sun deck snorkeling equipment cabin komodo kitchen padar pink beach bathroom private charter trekking kelor open trip packagezada mega mewah tawar alam layar eksklusif komodo island lengkap fasilitas premium layan profesional
Komodo Tour PackageMosalaki,PackageMosalaki,OPEN_TRIP,IDR 12.500.000,12500000,3D2N,12 Guests,"komodo, padar, pink beach, labuan bajo, kelor","bar, ac, bathroom, cabin, snorkeling equipment, shower","snorkeling, trekking, private charter, open trip","shower, ac, snorkeling, labuan bajo, bar, snorkeling equipment, komodo, cabin, padar, pink beach, bathroom, private charter, trekking, kelor, open trip",PackageMosalaki adalah kapal phinisi mewah yang menawarkan pengalaman berlayar eksklusif di Komodo Island. Dilengkapi fasilitas premium dan pelayanan profesional.,https://phinisitrip.com/wp-content/uploads/2025/08/phinisitrip.webp,https://phinisitrip.com/komodo-tour-package-mosalaki/,phinisitrip.com,"Komodo Tour PackageMosalaki OPEN_TRIP 3D2N 12 Guests shower, ac, snorkeling, labuan bajo, bar, snorkeling equipment, komodo, cabin, padar, pink beach, bathroom, private charter, trekking, kelor, open trip","PackageMosalaki OPEN_TRIP IDR 12.500.000 komodo, padar, pink beach, labuan bajo, kelor shower, ac, snorkeling, labuan bajo, bar, snorkeling equipment, komodo, cabin, padar, pink beach, bathroom, private charter, trekking, kelor, open trip PackageMosalaki adalah kapal phinisi mewah yang menawarkan pengalaman berlayar eksklusif di Komodo Island. Dilengkapi fasilitas premium dan pelayanan profesional.",packagemosalaki opentrip komodo padar pink beach labu bajo kelor shower ac snorkeling labu bajo bar snorkeling equipment komodo cabin padar pink beach bathroom private charter trekking kelor open trip packagemosalaki mewah tawar alam layar eksklusif komodo island lengkap fasilitas premium layan profesional
Komodo Tour PackageAlfathran 1,PackageAlfathran 1,OPEN_TRIP,"IDR 5,000,000",5000000,3D2N,12 Guests,"komodo, padar, pink beach, labuan bajo, kanawa, kelor","jacuzzi, ac, bathroom, cabin, snorkeling equipment","snorkeling, trekking, island hopping, private charter, open trip","ac, snorkeling, labuan bajo, snorkeling equipment, komodo, cabin, padar, pink beach, trekking, island hopping, bathroom, private charter, jacuzzi, kelor, kanawa, open trip",PackageAlfathran 1 adalah kapal phinisi mewah yang menawarkan pengalaman berlayar eksklusif di Komodo Island. Dilengkapi fasilitas premium dan pelayanan profesional.,https://phinisitrip.com/wp-content/uploads/2025/08/phinisitrip.webp,https://phinisitrip.com/komodo-tour-package-alfathran-1/,phinisitrip.com,"Komodo Tour PackageAlfathran 1 OPEN_TRIP 3D2N 12 Guests ac, snorkeling, labuan bajo, snorkeling equipment, komodo, cabin, padar, pink beach, trekking, island hopping, bathroom, private charter, jacuzzi, kelor, kanawa, open trip","PackageAlfathran 1 OPEN_TRIP IDR 5,000,000 komodo, padar, pink beach, labuan bajo, kanawa, kelor ac, snorkeling, labuan bajo, snorkeling equipment, komodo, cabin, padar, pink beach, trekking, island hopping, bathroom, private charter, jacuzzi, kelor, kanawa, open trip PackageAlfathran 1 adalah kapal phinisi mewah yang menawarkan pengalaman berlayar eksklusif di Komodo Island. Dilengkapi fasilitas premium dan pelayanan profesional.",packagealfathran opentrip komodo padar pink beach labu bajo kanawa kelor ac snorkeling labu bajo snorkeling equipment komodo cabin padar pink beach trekking island hopping bathroom private charter jacuzzi kelor kanawa open trip packagealfathran mewah tawar alam layar eksklusif komodo island lengkap fasilitas premium layan profesional
Komodo Tour PackageSagara,PackageSagara,OPEN_TRIP,"IDR 3,000,000",3000000,3D2N,14 Guests,"komodo, padar, pink beach, labuan bajo, kelor","ac, bathroom, cabin, snorkeling equipment","snorkeling, trekking, private charter, open trip","ac, snorkeling, labuan bajo, snorkeling equipment, komodo, cabin, padar, pink beach, bathroom, private charter, trekking, kelor, open trip",PackageSagara adalah kapal phinisi mewah yang menawarkan pengalaman berlayar eksklusif di Komodo Island. Dilengkapi fasilitas premium dan pelayanan profesional.,https://phinisitrip.com/wp-content/uploads/2025/08/phinisitrip.webp,https://phinisitrip.com/komodo-tour-packages-sagara/,phinisitrip.com,"Komodo Tour PackageSagara OPEN_TRIP 3D2N 14 Guests ac, snorkeling, labuan bajo, snorkeling equipment, komodo, cabin, padar, pink beach, bathroom, private charter, trekking, kelor, open trip","PackageSagara OPEN_TRIP IDR 3,000,000 komodo, padar, pink beach, labuan bajo, kelor ac, snorkeling, labuan bajo, snorkeling equipment, komodo, cabin, padar, pink beach, bathroom, private charter, trekking, kelor, open trip PackageSagara adalah kapal phinisi mewah yang menawarkan pengalaman berlayar eksklusif di Komodo Island. Dilengkapi fasilitas premium dan pelayanan profesional.",packagesagara opentrip komodo padar pink beach labu bajo kelor ac snorkeling labu bajo snorkeling equipment komodo cabin padar pink beach bathroom private charter trekking kelor open trip packagesagara mewah tawar alam layar eksklusif komodo island lengkap fasilitas premium layan profesional
Komodo Tour PackageArfisyana Indah 2,PackageArfisyana Indah 2,OPEN_TRIP,"IDR 6,000,000",6000000,3D2N,22 Guests,"komodo, padar, pink beach, labuan bajo, kelor","ac, bathroom, cabin, snorkeling equipment","snorkeling, trekking, private charter, open trip","ac, snorkeling, labuan bajo, snorkeling equipment, komodo, cabin, padar, pink beach, bathroom, private charter, trekking, kelor, open trip",PackageArfisyana Indah 2 adalah kapal phinisi mewah yang menawarkan pengalaman berlayar eksklusif di Komodo Island. Dilengkapi fasilitas premium dan pelayanan profesional.,https://phinisitrip.com/wp-content/uploads/2025/08/phinisitrip.webp,https://phinisitrip.com/komodo-tour-package-arfisyana-2/,phinisitrip.com,"Komodo Tour PackageArfisyana Indah 2 OPEN_TRIP 3D2N 22 Guests ac, snorkeling, labuan bajo, snorkeling equipment, komodo, cabin, padar, pink beach, bathroom, private charter, trekking, kelor, open trip","PackageArfisyana Indah 2 OPEN_TRIP IDR 6,000,000 komodo, padar, pink beach, labuan bajo, kelor ac, snorkeling, labuan bajo, snorkeling equipment, komodo, cabin, padar, pink beach, bathroom, private charter, trekking, kelor, open trip PackageArfisyana Indah 2 adalah kapal phinisi mewah yang menawarkan pengalaman berlayar eksklusif di Komodo Island. Dilengkapi fasilitas premium dan pelayanan profesional.",packagearfisyana indah opentrip komodo padar pink beach labu bajo kelor ac snorkeling labu bajo snorkeling equipment komodo cabin padar pink beach bathroom private charter trekking kelor open trip packagearfisyana indah mewah tawar alam layar eksklusif komodo island lengkap fasilitas premium layan profesional
Komodo Tour PackageSemesta Voyages,PackageSemesta Voyages,OPEN_TRIP,IDR 15.000.000,15000000,3D2N,18 Guests,"komodo, padar, pink beach, labuan bajo, kelor","jacuzzi, ac, bathroom, cabin, snorkeling equipment","snorkeling, trekking, private charter, open trip","ac, snorkeling, labuan bajo, snorkeling equipment, komodo, cabin, padar, pink beach, trekking, bathroom, private charter, jacuzzi, kelor, open trip",PackageSemesta Voyages adalah kapal phinisi mewah yang menawarkan pengalaman berlayar eksklusif di Komodo Island. Dilengkapi fasilitas premium dan pelayanan profesional.,https://phinisitrip.com/wp-content/uploads/2025/08/phinisitrip.webp,https://phinisitrip.com/komodo-tour-package-semesta-voyages/,phinisitrip.com,"Komodo Tour PackageSemesta Voyages OPEN_TRIP 3D2N 18 Guests ac, snorkeling, labuan bajo, snorkeling equipment, komodo, cabin, padar, pink beach, trekking, bathroom, private charter, jacuzzi, kelor, open trip","PackageSemesta Voyages OPEN_TRIP IDR 15.000.000 komodo, padar, pink beach, labuan bajo, kelor ac, snorkeling, labuan bajo, snorkeling equipment, komodo, cabin, padar, pink beach, trekking, bathroom, private charter, jacuzzi, kelor, open trip PackageSemesta Voyages adalah kapal phinisi mewah yang menawarkan pengalaman berlayar eksklusif di Komodo Island. Dilengkapi fasilitas premium dan pelayanan profesional.",packagesemesta voyages opentrip komodo padar pink beach labu bajo kelor ac snorkeling labu bajo snorkeling equipment komodo cabin padar pink beach trekking bathroom private charter jacuzzi kelor open trip packagesemesta voyages mewah tawar alam layar eksklusif komodo island lengkap fasilitas premium layan profesional
Komodo Tour PackageVhale Liveaboard,PackageVhale,OPEN_TRIP,IDR 9.000.000,9000000,3D2N,36 Guests,"komodo, padar, pink beach, labuan bajo, kelor","bar, ac, bathroom, cabin, snorkeling equipment","snorkeling, trekking, private charter, open trip","ac, snorkeling, labuan bajo, bar, snorkeling equipment, komodo, cabin, padar, pink beach, bathroom, private charter, trekking, kelor, open trip",PackageVhale adalah kapal phinisi mewah yang menawarkan pengalaman berlayar eksklusif di Komodo Island. Dilengkapi fasilitas premium dan pelayanan profesional.,https://phinisitrip.com/wp-content/uploads/2025/08/phinisitrip.webp,https://phinisitrip.com/komodo-tour-package-vhale/,phinisitrip.com,"Komodo Tour PackageVhale Liveaboard OPEN_TRIP 3D2N 36 Guests ac, snorkeling, labuan bajo, bar, snorkeling equipment, komodo, cabin, padar, pink beach, bathroom, private charter, trekking, kelor, open trip","PackageVhale OPEN_TRIP IDR 9.000.000 komodo, padar, pink beach, labuan bajo, kelor ac, snorkeling, labuan bajo, bar, snorkeling equipment, komodo, cabin, padar, pink beach, bathroom, private charter, trekking, kelor, open trip PackageVhale adalah kapal phinisi mewah yang menawarkan pengalaman berlayar eksklusif di Komodo Island. Dilengkapi fasilitas premium dan pelayanan profesional.",packagevhale opentrip komodo padar pink beach labu bajo kelor ac snorkeling labu bajo bar snorkeling equipment komodo cabin padar pink beach bathroom private charter trekking kelor open trip packagevhale mewah tawar alam layar eksklusif komodo island lengkap fasilitas premium layan profesional
Komodo Tour PackageLa Nissa Phinisi,PackageLa Nissa,OPEN_TRIP,IDR 7.750.000,7750000,3D2N,17 Guests,"komodo, padar, pink beach, labuan bajo, kelor","bar, ac, bathroom, cabin, dining area, snorkeling equipment, shower","snorkeling, trekking, private charter, open trip","shower, ac, dining area, snorkeling, labuan bajo, bar, snorkeling equipment, komodo, cabin, padar, pink beach, bathroom, private charter, trekking, kelor, open trip",PackageLa Nissa adalah kapal phinisi mewah yang menawarkan pengalaman berlayar eksklusif di Komodo Island. Dilengkapi fasilitas premium dan pelayanan profesional.,https://phinisitrip.com/wp-content/uploads/2025/08/phinisitrip.webp,https://phinisitrip.com/komodo-tour-package-la-nissa-phinisi/,phinisitrip.com,"Komodo Tour PackageLa Nissa Phinisi OPEN_TRIP 3D2N 17 Guests shower, ac, dining area, snorkeling, labuan bajo, bar, snorkeling equipment, komodo, cabin, padar, pink beach, bathroom, private charter, trekking, kelor, open trip","PackageLa Nissa OPEN_TRIP IDR 7.750.000 komodo, padar, pink beach, labuan bajo, kelor shower, ac, dining area, snorkeling, labuan bajo, bar, snorkeling equipment, komodo, cabin, padar, pink beach, bathroom, private charter, trekking, kelor, open trip PackageLa Nissa adalah kapal phinisi mewah yang menawarkan pengalaman berlayar eksklusif di Komodo Island. Dilengkapi fasilitas premium dan pelayanan profesional.",packagela nissa opentrip komodo padar pink beach labu bajo kelor shower ac ning area snorkeling labu bajo bar snorkeling equipment komodo cabin padar pink beach bathroom private charter trekking kelor open trip packagela nissa mewah tawar alam layar eksklusif komodo island lengkap fasilitas premium layan profesional
Komodo Tour PackageNeptune Cruise,PackageNeptune Cruise,OPEN_TRIP,IDR 14.750.000,14750000,3D2N,14 Guests,"komodo, padar, pink beach, labuan bajo, kelor","bar, ac, bathroom, cabin, snorkeling equipment, shower","snorkeling, diving, trekking, private charter, open trip","shower, ac, snorkeling, labuan bajo, bar, snorkeling equipment, komodo, cabin, padar, pink beach, bathroom, private charter, trekking, diving, kelor, open trip",PackageNeptune Cruise adalah kapal phinisi mewah yang menawarkan pengalaman berlayar eksklusif di Komodo Island. Dilengkapi fasilitas premium dan pelayanan profesional.,https://phinisitrip.com/wp-content/uploads/2025/08/phinisitrip.webp,https://phinisitrip.com/komodo-tour-package-neptune-cruise/,phinisitrip.com,"Komodo Tour PackageNeptune Cruise OPEN_TRIP 3D2N 14 Guests shower, ac, snorkeling, labuan bajo, bar, snorkeling equipment, komodo, cabin, padar, pink beach, bathroom, private charter, trekking, diving, kelor, open trip","PackageNeptune Cruise OPEN_TRIP IDR 14.750.000 komodo, padar, pink beach, labuan bajo, kelor shower, ac, snorkeling, labuan bajo, bar, snorkeling equipment, komodo, cabin, padar, pink beach, bathroom, private charter, trekking, diving, kelor, open trip PackageNeptune Cruise adalah kapal phinisi mewah yang menawarkan pengalaman berlayar eksklusif di Komodo Island. Dilengkapi fasilitas premium dan pelayanan profesional.",packageneptune cruise opentrip komodo padar pink beach labu bajo kelor shower ac snorkeling labu bajo bar snorkeling equipment komodo cabin padar pink beach bathroom private charter trekking diving kelor open trip packageneptune cruise mewah tawar alam layar eksklusif komodo island lengkap fasilitas premium layan profesional
Komodo Tour PackageGammara Phinisi,PackageGammara,OPEN_TRIP,IDR 8.250.000,8250000,3D2N,14 Guests,"komodo, padar, pink beach, labuan bajo, kelor","bar, ac, bathroom, cabin, dining area, lounge, snorkeling equipment, shower","snorkeling, trekking, private charter, open trip","shower, ac, dining area, lounge, snorkeling, labuan bajo, bar, snorkeling equipment, komodo, cabin, padar, pink beach, bathroom, private charter, trekking, kelor, open trip",PackageGammara adalah kapal phinisi mewah yang menawarkan pengalaman berlayar eksklusif di Komodo Island. Dilengkapi fasilitas premium dan pelayanan profesional.,https://phinisitrip.com/wp-content/uploads/2025/08/phinisitrip.webp,https://phinisitrip.com/komodo-tour-package-gammara-phinisi/,phinisitrip.com,"Komodo Tour PackageGammara Phinisi OPEN_TRIP 3D2N 14 Guests shower, ac, dining area, lounge, snorkeling, labuan bajo, bar, snorkeling equipment, komodo, cabin, padar, pink beach, bathroom, private charter, trekking, kelor, open trip","PackageGammara OPEN_TRIP IDR 8.250.000 komodo, padar, pink beach, labuan bajo, kelor shower, ac, dining area, lounge, snorkeling, labuan bajo, bar, snorkeling equipment, komodo, cabin, padar, pink beach, bathroom, private charter, trekking, kelor, open trip PackageGammara adalah kapal phinisi mewah yang menawarkan pengalaman berlayar eksklusif di Komodo Island. Dilengkapi fasilitas premium dan pelayanan profesional.",packagegammara opentrip komodo padar pink beach labu bajo kelor shower ac ning area lounge snorkeling labu bajo bar snorkeling equipment komodo cabin padar pink beach bathroom private charter trekking kelor open trip packagegammara mewah tawar alam layar eksklusif komodo island lengkap fasilitas premium layan profesional
Komodo Tour PackageBombana 02 Liveaboard,PackageBombana 02,OPEN_TRIP,"IDR 4,750,000",4750000,3D2N,15 Guests,"komodo, padar, pink beach, labuan bajo, kelor","jacuzzi, bar, ac, bathroom, cabin, lounge, snorkeling equipment","snorkeling, trekking, private charter, open trip","ac, lounge, snorkeling, labuan bajo, bar, snorkeling equipment, komodo, cabin, padar, pink beach, trekking, bathroom, private charter, jacuzzi, kelor, open trip",PackageBombana 02 adalah kapal phinisi mewah yang menawarkan pengalaman berlayar eksklusif di Komodo Island. Dilengkapi fasilitas premium dan pelayanan profesional.,https://phinisitrip.com/wp-content/uploads/2025/08/phinisitrip.webp,https://phinisitrip.com/komodo-tour-package-bombana-02-liveaboard/,phinisitrip.com,"Komodo Tour PackageBombana 02 Liveaboard OPEN_TRIP 3D2N 15 Guests ac, lounge, snorkeling, labuan bajo, bar, snorkeling equipment, komodo, cabin, padar, pink beach, trekking, bathroom, private charter, jacuzzi, kelor, open trip","PackageBombana 02 OPEN_TRIP IDR 4,750,000 komodo, padar, pink beach, labuan bajo, kelor ac, lounge, snorkeling, labuan bajo, bar, snorkeling equipment, komodo, cabin, padar, pink beach, trekking, bathroom, private charter, jacuzzi, kelor, open trip PackageBombana 02 adalah kapal phinisi mewah yang menawarkan pengalaman berlayar eksklusif di Komodo Island. Dilengkapi fasilitas premium dan pelayanan profesional.",packagebombana opentrip komodo padar pink beach labu bajo kelor ac lounge snorkeling labu bajo bar snorkeling equipment komodo cabin padar pink beach trekking bathroom private charter jacuzzi kelor open trip packagebombana mewah tawar alam layar eksklusif komodo island lengkap fasilitas premium layan profesional
Komodo Island Tour Packages & Liveaboard Trips,Island & Trips,OPEN_TRIP,"IDR 8,750,000",8750000,3D2N,3 Guests,"komodo, padar, pink beach, labuan bajo, kanawa, kelor","bar, ac, cabin, snorkeling equipment","snorkeling, diving, private charter, open trip, kayak","ac, snorkeling, kayak, labuan bajo, bar, snorkeling equipment, komodo, cabin, padar, pink beach, private charter, open trip, diving, kelor, kanawa",Island & Trips adalah kapal phinisi mewah yang menawarkan pengalaman berlayar eksklusif di Komodo Island. Dilengkapi fasilitas premium dan pelayanan profesional.,https://phinisitrip.com/wp-content/uploads/2025/08/phinisitrip.webp,https://phinisitrip.com/komodo-island-tour-packages/,phinisitrip.com,"Komodo Island Tour Packages & Liveaboard Trips OPEN_TRIP 3D2N 3 Guests ac, snorkeling, kayak, labuan bajo, bar, snorkeling equipment, komodo, cabin, padar, pink beach, private charter, open trip, diving, kelor, kanawa","Island & Trips OPEN_TRIP IDR 8,750,000 komodo, padar, pink beach, labuan bajo, kanawa, kelor ac, snorkeling, kayak, labuan bajo, bar, snorkeling equipment, komodo, cabin, padar, pink beach, private charter, open trip, diving, kelor, kanawa Island & Trips adalah kapal phinisi mewah yang menawarkan pengalaman berlayar eksklusif di Komodo Island. Dilengkapi fasilitas premium dan pelayanan profesional.",island trips opentrip komodo padar pink beach labu bajo kanawa kelor ac snorkeling kayak labu bajo bar snorkeling equipment komodo cabin padar pink beach private charter open trip diving kelor kanawa island trips mewah tawar alam layar eksklusif komodo island lengkap fasilitas premium layan profesional
Komodo Tour PackageSands Bajo,PackageSands Bajo,OPEN_TRIP,"IDR 5,850,000",5850000,3D2N,12 Guests,"komodo, padar, pink beach, labuan bajo, kelor","ac, bathroom, cabin, snorkeling equipment","snorkeling, trekking, private charter, open trip","ac, snorkeling, labuan bajo, snorkeling equipment, komodo, cabin, padar, pink beach, bathroom, private charter, trekking, kelor, open trip",PackageSands Bajo adalah kapal phinisi mewah yang menawarkan pengalaman berlayar eksklusif di Komodo Island. Dilengkapi fasilitas premium dan pelayanan profesional.,https://phinisitrip.com/wp-content/uploads/2025/08/phinisitrip.webp,https://phinisitrip.com/komodo-tour-package-sands-bajo/,phinisitrip.com,"Komodo Tour PackageSands Bajo OPEN_TRIP 3D2N 12 Guests ac, snorkeling, labuan bajo, snorkeling equipment, komodo, cabin, padar, pink beach, bathroom, private charter, trekking, kelor, open trip","PackageSands Bajo OPEN_TRIP IDR 5,850,000 komodo, padar, pink beach, labuan bajo, kelor ac, snorkeling, labuan bajo, snorkeling equipment, komodo, cabin, padar, pink beach, bathroom, private charter, trekking, kelor, open trip PackageSands Bajo adalah kapal phinisi mewah yang menawarkan pengalaman berlayar eksklusif di Komodo Island. Dilengkapi fasilitas premium dan pelayanan profesional.",packagesands bajo opentrip komodo padar pink beach labu bajo kelor ac snorkeling labu bajo snorkeling equipment komodo cabin padar pink beach bathroom private charter trekking kelor open trip packagesands bajo mewah tawar alam layar eksklusif komodo island lengkap fasilitas premium layan profesional
Komodo Tour PackageNK Jaya 2,PackageNK Jaya 2,OPEN_TRIP,"IDR 4,500,000",4500000,3D2N,13 Guests,"komodo, padar, pink beach, labuan bajo, kanawa, kelor","jacuzzi, ac, bathroom, cabin, snorkeling equipment","snorkeling, trekking, island hopping, private charter, open trip","ac, snorkeling, labuan bajo, snorkeling equipment, komodo, cabin, padar, pink beach, trekking, island hopping, bathroom, private charter, jacuzzi, kelor, kanawa, open trip",PackageNK Jaya 2 adalah kapal phinisi mewah yang menawarkan pengalaman berlayar eksklusif di Komodo Island. Dilengkapi fasilitas premium dan pelayanan profesional.,https://phinisitrip.com/wp-content/uploads/2025/08/phinisitrip.webp,https://phinisitrip.com/komodo-tour-package-nk-jaya-2/,phinisitrip.com,"Komodo Tour PackageNK Jaya 2 OPEN_TRIP 3D2N 13 Guests ac, snorkeling, labuan bajo, snorkeling equipment, komodo, cabin, padar, pink beach, trekking, island hopping, bathroom, private charter, jacuzzi, kelor, kanawa, open trip","PackageNK Jaya 2 OPEN_TRIP IDR 4,500,000 komodo, padar, pink beach, labuan bajo, kanawa, kelor ac, snorkeling, labuan bajo, snorkeling equipment, komodo, cabin, padar, pink beach, trekking, island hopping, bathroom, private charter, jacuzzi, kelor, kanawa, open trip PackageNK Jaya 2 adalah kapal phinisi mewah yang menawarkan pengalaman berlayar eksklusif di Komodo Island. Dilengkapi fasilitas premium dan pelayanan profesional.",packagenk jaya opentrip komodo padar pink beach labu bajo kanawa kelor ac snorkeling labu bajo snorkeling equipment komodo cabin padar pink beach trekking island hopping bathroom private charter jacuzzi kelor kanawa open trip packagenk jaya mewah tawar alam layar eksklusif komodo island lengkap fasilitas premium layan profesional
Komodo Tour PackageRevfiero,PackageRevfiero,OPEN_TRIP,"IDR 4,500,000",4500000,3D2N,15 Guests,"komodo, padar, pink beach, labuan bajo, kelor","bar, ac, bathroom, cabin, dining area, snorkeling equipment","snorkeling, trekking, private charter, open trip","ac, dining area, snorkeling, labuan bajo, bar, snorkeling equipment, komodo, cabin, padar, pink beach, bathroom, private charter, trekking, kelor, open trip",PackageRevfiero adalah kapal phinisi mewah yang menawarkan pengalaman berlayar eksklusif di Komodo Island. Dilengkapi fasilitas premium dan pelayanan profesional.,https://phinisitrip.com/wp-content/uploads/2025/08/phinisitrip.webp,https://phinisitrip.com/komodo-tour-package-revfiero/,phinisitrip.com,"Komodo Tour PackageRevfiero OPEN_TRIP 3D2N 15 Guests ac, dining area, snorkeling, labuan bajo, bar, snorkeling equipment, komodo, cabin, padar, pink beach, bathroom, private charter, trekking, kelor, open trip","PackageRevfiero OPEN_TRIP IDR 4,500,000 komodo, padar, pink beach, labuan bajo, kelor ac, dining area, snorkeling, labuan bajo, bar, snorkeling equipment, komodo, cabin, padar, pink beach, bathroom, private charter, trekking, kelor, open trip PackageRevfiero adalah kapal phinisi mewah yang menawarkan pengalaman berlayar eksklusif di Komodo Island. Dilengkapi fasilitas premium dan pelayanan profesional.",packagerevfiero opentrip komodo padar pink beach labu bajo kelor ac ning area snorkeling labu bajo bar snorkeling equipment komodo cabin padar pink beach bathroom private charter trekking kelor open trip packagerevfiero mewah tawar alam layar eksklusif komodo island lengkap fasilitas premium layan profesional
Carnaby Phinisi,Carnaby,PRIVATE_TRIP,IDR 44.000.000,44000000,3D2N,16 Guests,"komodo, padar, pink beach, labuan bajo, kanawa, kelor","bar, ac, bathroom, cabin, dining area, snorkeling equipment, kitchen","snorkeling, diving, trekking, private charter, open trip","ac, dining area, snorkeling, labuan bajo, bar, snorkeling equipment, komodo, cabin, kitchen, padar, pink beach, bathroom, private charter, trekking, diving, kelor, kanawa, open trip",Carnaby adalah kapal phinisi mewah yang menawarkan pengalaman berlayar eksklusif di Komodo Island. Dilengkapi fasilitas premium dan pelayanan profesional.,https://phinisitrip.com/wp-content/uploads/2025/08/phinisitrip.webp,https://phinisitrip.com/labuan-bajo-carnaby-phinisi/,phinisitrip.com,"Carnaby Phinisi PRIVATE_TRIP 3D2N 16 Guests ac, dining area, snorkeling, labuan bajo, bar, snorkeling equipment, komodo, cabin, kitchen, padar, pink beach, bathroom, private charter, trekking, diving, kelor, kanawa, open trip","Carnaby PRIVATE_TRIP IDR 44.000.000 komodo, padar, pink beach, labuan bajo, kanawa, kelor ac, dining area, snorkeling, labuan bajo, bar, snorkeling equipment, komodo, cabin, kitchen, padar, pink beach, bathroom, private charter, trekking, diving, kelor, kanawa, open trip Carnaby adalah kapal phinisi mewah yang menawarkan pengalaman berlayar eksklusif di Komodo Island. Dilengkapi fasilitas premium dan pelayanan profesional.",carnaby privatetrip komodo padar pink beach labu bajo kanawa kelor ac ning area snorkeling labu bajo bar snorkeling equipment komodo cabin kitchen padar pink beach bathroom private charter trekking diving kelor kanawa open trip carnaby mewah tawar alam layar eksklusif komodo island lengkap fasilitas premium layan profesional
Lipra Liveaboard,Lipra,PRIVATE_TRIP,IDR 50.000.000,50000000,3D2N,14 Guests,"komodo, padar, pink beach, labuan bajo, kanawa, kelor","bar, ac, cabin, snorkeling equipment","snorkeling, diving, trekking, private charter, open trip","ac, snorkeling, labuan bajo, bar, snorkeling equipment, komodo, cabin, padar, pink beach, private charter, trekking, diving, kelor, kanawa, open trip",Lipra adalah kapal phinisi mewah yang menawarkan pengalaman berlayar eksklusif di Komodo Island. Dilengkapi fasilitas premium dan pelayanan profesional.,https://phinisitrip.com/wp-content/uploads/2025/08/phinisitrip.webp,https://phinisitrip.com/labuan-bajo-lipra-liveaboard/,phinisitrip.com,"Lipra Liveaboard PRIVATE_TRIP 3D2N 14 Guests ac, snorkeling, labuan bajo, bar, snorkeling equipment, komodo, cabin, padar, pink beach, private charter, trekking, diving, kelor, kanawa, open trip","Lipra PRIVATE_TRIP IDR 50.000.000 komodo, padar, pink beach, labuan bajo, kanawa, kelor ac, snorkeling, labuan bajo, bar, snorkeling equipment, komodo, cabin, padar, pink beach, private charter, trekking, diving, kelor, kanawa, open trip Lipra adalah kapal phinisi mewah yang menawarkan pengalaman berlayar eksklusif di Komodo Island. Dilengkapi fasilitas premium dan pelayanan profesional.",lipra privatetrip komodo padar pink beach labu bajo kanawa kelor ac snorkeling labu bajo bar snorkeling equipment komodo cabin padar pink beach private charter trekking diving kelor kanawa open trip lipra mewah tawar alam layar eksklusif komodo island lengkap fasilitas premium layan profesional
Abizar Liveaboard,Abizar,PRIVATE_TRIP,IDR 42.000.000,42000000,3D2N,12 Guests,"komodo, padar, pink beach, labuan bajo, kanawa, kelor","sun deck, bar, ac, cabin, dining area, lounge, snorkeling equipment","snorkeling, diving, trekking, private charter, open trip","ac, dining area, lounge, snorkeling, labuan bajo, bar, sun deck, snorkeling equipment, cabin, komodo, padar, pink beach, private charter, trekking, diving, kelor, kanawa, open trip",Abizar adalah kapal phinisi mewah yang menawarkan pengalaman berlayar eksklusif di Komodo Island. Dilengkapi fasilitas premium dan pelayanan profesional.,https://phinisitrip.com/wp-content/uploads/2025/08/phinisitrip.webp,https://phinisitrip.com/labuan-bajo-abizar-liveaboard/,phinisitrip.com,"Abizar Liveaboard PRIVATE_TRIP 3D2N 12 Guests ac, dining area, lounge, snorkeling, labuan bajo, bar, sun deck, snorkeling equipment, cabin, komodo, padar, pink beach, private charter, trekking, diving, kelor, kanawa, open trip","Abizar PRIVATE_TRIP IDR 42.000.000 komodo, padar, pink beach, labuan bajo, kanawa, kelor ac, dining area, lounge, snorkeling, labuan bajo, bar, sun deck, snorkeling equipment, cabin, komodo, padar, pink beach, private charter, trekking, diving, kelor, kanawa, open trip Abizar adalah kapal phinisi mewah yang menawarkan pengalaman berlayar eksklusif di Komodo Island. Dilengkapi fasilitas premium dan pelayanan profesional.",abizar privatetrip komodo padar pink beach labu bajo kanawa kelor ac ning area lounge snorkeling labu bajo bar sun deck snorkeling equipment cabin komodo padar pink beach private charter trekking diving kelor kanawa open trip abizar mewah tawar alam layar eksklusif komodo island lengkap fasilitas premium layan profesional
Narasea Liveaboard,Narasea,PRIVATE_TRIP,IDR 32.000.000,32000000,3D2N,10 Guests,"komodo, padar, pink beach, labuan bajo, kanawa, kelor","bar, ac, cabin, snorkeling equipment","snorkeling, diving, trekking, private charter, open trip, kayak","ac, snorkeling, kayak, labuan bajo, bar, snorkeling equipment, komodo, cabin, padar, pink beach, private charter, trekking, diving, kelor, kanawa, open trip",Narasea adalah kapal phinisi mewah yang menawarkan pengalaman berlayar eksklusif di Komodo Island. Dilengkapi fasilitas premium dan pelayanan profesional.,https://phinisitrip.com/wp-content/uploads/2025/08/phinisitrip.webp,https://phinisitrip.com/labuan-bajo-narasea-liveaboard/,phinisitrip.com,"Narasea Liveaboard PRIVATE_TRIP 3D2N 10 Guests ac, snorkeling, kayak, labuan bajo, bar, snorkeling equipment, komodo, cabin, padar, pink beach, private charter, trekking, diving, kelor, kanawa, open trip","Narasea PRIVATE_TRIP IDR 32.000.000 komodo, padar, pink beach, labuan bajo, kanawa, kelor ac, snorkeling, kayak, labuan bajo, bar, snorkeling equipment, komodo, cabin, padar, pink beach, private charter, trekking, diving, kelor, kanawa, open trip Narasea adalah kapal phinisi mewah yang menawarkan pengalaman berlayar eksklusif di Komodo Island. Dilengkapi fasilitas premium dan pelayanan profesional.",narasea privatetrip komodo padar pink beach labu bajo kanawa kelor ac snorkeling kayak labu bajo bar snorkeling equipment komodo cabin padar pink beach private charter trekking diving kelor kanawa open trip narasea mewah tawar alam layar eksklusif komodo island lengkap fasilitas premium layan profesional
Jofiel Liveaboard,Jofiel,PRIVATE_TRIP,IDR 38.000.000,38000000,3D2N,7 Guests,"komodo, padar, pink beach, labuan bajo, kanawa, kelor","bar, ac, cabin, snorkeling equipment","snorkeling, diving, trekking, private charter, open trip","ac, snorkeling, labuan bajo, bar, snorkeling equipment, komodo, cabin, padar, pink beach, private charter, trekking, diving, kelor, kanawa, open trip",Jofiel adalah kapal phinisi mewah yang menawarkan pengalaman berlayar eksklusif di Komodo Island. Dilengkapi fasilitas premium dan pelayanan profesional.,https://phinisitrip.com/wp-content/uploads/2025/08/phinisitrip.webp,https://phinisitrip.com/labuan-bajo-jofiel-liveaboard/,phinisitrip.com,"Jofiel Liveaboard PRIVATE_TRIP 3D2N 7 Guests ac, snorkeling, labuan bajo, bar, snorkeling equipment, komodo, cabin, padar, pink beach, private charter, trekking, diving, kelor, kanawa, open trip","Jofiel PRIVATE_TRIP IDR 38.000.000 komodo, padar, pink beach, labuan bajo, kanawa, kelor ac, snorkeling, labuan bajo, bar, snorkeling equipment, komodo, cabin, padar, pink beach, private charter, trekking, diving, kelor, kanawa, open trip Jofiel adalah kapal phinisi mewah yang menawarkan pengalaman berlayar eksklusif di Komodo Island. Dilengkapi fasilitas premium dan pelayanan profesional.",jofiel privatetrip komodo padar pink beach labu bajo kanawa kelor ac snorkeling labu bajo bar snorkeling equipment komodo cabin padar pink beach private charter trekking diving kelor kanawa open trip jofiel mewah tawar alam layar eksklusif komodo island lengkap fasilitas premium layan profesional
Maheswari Liveaboard,Maheswari,PRIVATE_TRIP,IDR 53.000.000,53000000,3D2N,18 Guests,"komodo, padar, pink beach, labuan bajo, kanawa, kelor","sun deck, jacuzzi, bar, ac, bathroom, cabin, dining area, snorkeling equipment, shower","snorkeling, diving, trekking, private charter, open trip","snorkeling, labuan bajo, sun deck, cabin, pink beach, kelor, kanawa, shower, ac, komodo, padar, private charter, jacuzzi, diving, bar, trekking, dining area, snorkeling equipment, bathroom, open trip",Maheswari adalah kapal phinisi mewah yang menawarkan pengalaman berlayar eksklusif di Komodo Island. Dilengkapi fasilitas premium dan pelayanan profesional.,https://phinisitrip.com/wp-content/uploads/2025/08/phinisitrip.webp,https://phinisitrip.com/labuan-bajo-maheswari-liveaboard/,phinisitrip.com,"Maheswari Liveaboard PRIVATE_TRIP 3D2N 18 Guests snorkeling, labuan bajo, sun deck, cabin, pink beach, kelor, kanawa, shower, ac, komodo, padar, private charter, jacuzzi, diving, bar, trekking, dining area, snorkeling equipment, bathroom, open trip","Maheswari PRIVATE_TRIP IDR 53.000.000 komodo, padar, pink beach, labuan bajo, kanawa, kelor snorkeling, labuan bajo, sun deck, cabin, pink beach, kelor, kanawa, shower, ac, komodo, padar, private charter, jacuzzi, diving, bar, trekking, dining area, snorkeling equipment, bathroom, open trip Maheswari adalah kapal phinisi mewah yang menawarkan pengalaman berlayar eksklusif di Komodo Island. Dilengkapi fasilitas premium dan pelayanan profesional.",maheswari privatetrip komodo padar pink beach labu bajo kanawa kelor snorkeling labu bajo sun deck cabin pink beach kelor kanawa shower ac komodo padar private charter jacuzzi diving bar trekking ning area snorkeling equipment bathroom open trip maheswari mewah tawar alam layar eksklusif komodo island lengkap fasilitas premium layan profesional
Arfisyana 2,Arfisyana 2,PRIVATE_TRIP,IDR 55.000.000,55000000,3D2N,22 Guests,"komodo, padar, pink beach, labuan bajo, kanawa, kelor","sun deck, ac, bathroom, cabin, dining area, snorkeling equipment","snorkeling, diving, trekking, private charter, open trip","ac, dining area, snorkeling, labuan bajo, sun deck, snorkeling equipment, cabin, komodo, padar, pink beach, bathroom, private charter, trekking, diving, kelor, kanawa, open trip",Arfisyana 2 adalah kapal phinisi mewah yang menawarkan pengalaman berlayar eksklusif di Komodo Island. Dilengkapi fasilitas premium dan pelayanan profesional.,https://phinisitrip.com/wp-content/uploads/2025/08/phinisitrip.webp,https://phinisitrip.com/labuan-bajo-arfisyana-2/,phinisitrip.com,"Arfisyana 2 PRIVATE_TRIP 3D2N 22 Guests ac, dining area, snorkeling, labuan bajo, sun deck, snorkeling equipment, cabin, komodo, padar, pink beach, bathroom, private charter, trekking, diving, kelor, kanawa, open trip","Arfisyana 2 PRIVATE_TRIP IDR 55.000.000 komodo, padar, pink beach, labuan bajo, kanawa, kelor ac, dining area, snorkeling, labuan bajo, sun deck, snorkeling equipment, cabin, komodo, padar, pink beach, bathroom, private charter, trekking, diving, kelor, kanawa, open trip Arfisyana 2 adalah kapal phinisi mewah yang menawarkan pengalaman berlayar eksklusif di Komodo Island. Dilengkapi fasilitas premium dan pelayanan profesional.",arfisyana privatetrip komodo padar pink beach labu bajo kanawa kelor ac ning area snorkeling labu bajo sun deck snorkeling equipment cabin komodo padar pink beach bathroom private charter trekking diving kelor kanawa open trip arfisyana mewah tawar alam layar eksklusif komodo island lengkap fasilitas premium layan profesional
Santemako Liveaboard,Santemako,PRIVATE_TRIP,IDR 33.000.000,33000000,3D2N,12 Guests,"komodo, padar, pink beach, labuan bajo, kanawa, kelor","sun deck, bar, ac, bathroom, cabin, snorkeling equipment","snorkeling, diving, trekking, private charter, open trip","ac, snorkeling, labuan bajo, bar, sun deck, snorkeling equipment, cabin, komodo, padar, pink beach, bathroom, private charter, trekking, diving, kelor, kanawa, open trip",Santemako adalah kapal phinisi mewah yang menawarkan pengalaman berlayar eksklusif di Komodo Island. Dilengkapi fasilitas premium dan pelayanan profesional.,https://phinisitrip.com/wp-content/uploads/2025/08/phinisitrip.webp,https://phinisitrip.com/labuan-bajo-santemako-liveaboard/,phinisitrip.com,"Santemako Liveaboard PRIVATE_TRIP 3D2N 12 Guests ac, snorkeling, labuan bajo, bar, sun deck, snorkeling equipment, cabin, komodo, padar, pink beach, bathroom, private charter, trekking, diving, kelor, kanawa, open trip","Santemako PRIVATE_TRIP IDR 33.000.000 komodo, padar, pink beach, labuan bajo, kanawa, kelor ac, snorkeling, labuan bajo, bar, sun deck, snorkeling equipment, cabin, komodo, padar, pink beach, bathroom, private charter, trekking, diving, kelor, kanawa, open trip Santemako adalah kapal phinisi mewah yang menawarkan pengalaman berlayar eksklusif di Komodo Island. Dilengkapi fasilitas premium dan pelayanan profesional.",santemako privatetrip komodo padar pink beach labu bajo kanawa kelor ac snorkeling labu bajo bar sun deck snorkeling equipment cabin komodo padar pink beach bathroom private charter trekking diving kelor kanawa open trip santemako mewah tawar alam layar eksklusif komodo island lengkap fasilitas premium layan profesional
Derya Liveaboard,Derya,PRIVATE_TRIP,IDR 54.000.000,54000000,3D2N,12 Guests,"komodo, padar, pink beach, labuan bajo, kanawa, kelor","bar, ac, bathroom, cabin, dining area, snorkeling equipment, kitchen","snorkeling, trekking, private charter, open trip, kayak","ac, dining area, snorkeling, kayak, labuan bajo, bar, snorkeling equipment, komodo, cabin, kitchen, padar, pink beach, bathroom, private charter, trekking, kelor, kanawa, open trip",Derya adalah kapal phinisi mewah yang menawarkan pengalaman berlayar eksklusif di Komodo Island. Dilengkapi fasilitas premium dan pelayanan profesional.,https://phinisitrip.com/wp-content/uploads/2025/08/phinisitrip.webp,https://phinisitrip.com/labuan-bajo-derya-liveaboard/,phinisitrip.com,"Derya Liveaboard PRIVATE_TRIP 3D2N 12 Guests ac, dining area, snorkeling, kayak, labuan bajo, bar, snorkeling equipment, komodo, cabin, kitchen, padar, pink beach, bathroom, private charter, trekking, kelor, kanawa, open trip","Derya PRIVATE_TRIP IDR 54.000.000 komodo, padar, pink beach, labuan bajo, kanawa, kelor ac, dining area, snorkeling, kayak, labuan bajo, bar, snorkeling equipment, komodo, cabin, kitchen, padar, pink beach, bathroom, private charter, trekking, kelor, kanawa, open trip Derya adalah kapal phinisi mewah yang menawarkan pengalaman berlayar eksklusif di Komodo Island. Dilengkapi fasilitas premium dan pelayanan profesional.",derya privatetrip komodo padar pink beach labu bajo kanawa kelor ac ning area snorkeling kayak labu bajo bar snorkeling equipment komodo cabin kitchen padar pink beach bathroom private charter trekking kelor kanawa open trip derya mewah tawar alam layar eksklusif komodo island lengkap fasilitas premium layan profesional
Giona Liveaboard,Giona,PRIVATE_TRIP,IDR 46.500.000,46500000,3D2N,12 Guests,"komodo, padar, pink beach, labuan bajo, kanawa, kelor","bar, ac, cabin, snorkeling equipment, shower","snorkeling, trekking, private charter, open trip","shower, ac, snorkeling, labuan bajo, bar, snorkeling equipment, komodo, cabin, padar, pink beach, private charter, trekking, kelor, kanawa, open trip",Giona adalah kapal phinisi mewah yang menawarkan pengalaman berlayar eksklusif di Komodo Island. Dilengkapi fasilitas premium dan pelayanan profesional.,https://phinisitrip.com/wp-content/uploads/2025/08/phinisitrip.webp,https://phinisitrip.com/labuan-bajo-giona-liveaboard/,phinisitrip.com,"Giona Liveaboard PRIVATE_TRIP 3D2N 12 Guests shower, ac, snorkeling, labuan bajo, bar, snorkeling equipment, komodo, cabin, padar, pink beach, private charter, trekking, kelor, kanawa, open trip","Giona PRIVATE_TRIP IDR 46.500.000 komodo, padar, pink beach, labuan bajo, kanawa, kelor shower, ac, snorkeling, labuan bajo, bar, snorkeling equipment, komodo, cabin, padar, pink beach, private charter, trekking, kelor, kanawa, open trip Giona adalah kapal phinisi mewah yang menawarkan pengalaman berlayar eksklusif di Komodo Island. Dilengkapi fasilitas premium dan pelayanan profesional.",giona privatetrip komodo padar pink beach labu bajo kanawa kelor shower ac snorkeling labu bajo bar snorkeling equipment komodo cabin padar pink beach private charter trekking kelor kanawa open trip giona mewah tawar alam layar eksklusif komodo island lengkap fasilitas premium layan profesional
Hatira Hela,Hatira Hela,PRIVATE_TRIP,IDR 49.000.000,49000000,3D2N,24 Guests,"komodo, padar, pink beach, labuan bajo, kanawa, kelor","sun deck, bar, ac, bathroom, cabin, lounge, snorkeling equipment","snorkeling, diving, trekking, private charter, open trip, kayak","snorkeling, labuan bajo, sun deck, cabin, pink beach, kelor, kanawa, ac, lounge, komodo, padar, private charter, diving, kayak, bar, trekking, snorkeling equipment, bathroom, open trip",Hatira Hela adalah kapal phinisi mewah yang menawarkan pengalaman berlayar eksklusif di Komodo Island. Dilengkapi fasilitas premium dan pelayanan profesional.,https://phinisitrip.com/wp-content/uploads/2025/08/phinisitrip.webp,https://phinisitrip.com/labuan-bajo-hatira-hela/,phinisitrip.com,"Hatira Hela PRIVATE_TRIP 3D2N 24 Guests snorkeling, labuan bajo, sun deck, cabin, pink beach, kelor, kanawa, ac, lounge, komodo, padar, private charter, diving, kayak, bar, trekking, snorkeling equipment, bathroom, open trip","Hatira Hela PRIVATE_TRIP IDR 49.000.000 komodo, padar, pink beach, labuan bajo, kanawa, kelor snorkeling, labuan bajo, sun deck, cabin, pink beach, kelor, kanawa, ac, lounge, komodo, padar, private charter, diving, kayak, bar, trekking, snorkeling equipment, bathroom, open trip Hatira Hela adalah kapal phinisi mewah yang menawarkan pengalaman berlayar eksklusif di Komodo Island. Dilengkapi fasilitas premium dan pelayanan profesional.",hatira hela privatetrip komodo padar pink beach labu bajo kanawa kelor snorkeling labu bajo sun deck cabin pink beach kelor kanawa ac lounge komodo padar private charter diving kayak bar trekking snorkeling equipment bathroom open trip hatira hela mewah tawar alam layar eksklusif komodo island lengkap fasilitas premium layan profesional
Ciela Liveaboard,Ciela,PRIVATE_TRIP,IDR 44.000.000,44000000,3D2N,15 Guests,"komodo, padar, pink beach, labuan bajo, kanawa, kelor","bar, ac, bathroom, cabin, snorkeling equipment, kitchen","snorkeling, diving, trekking, island hopping, private charter, open trip","ac, snorkeling, labuan bajo, bar, snorkeling equipment, komodo, cabin, kitchen, padar, island hopping, pink beach, bathroom, private charter, trekking, diving, kelor, kanawa, open trip",Ciela adalah kapal phinisi mewah yang menawarkan pengalaman berlayar eksklusif di Komodo Island. Dilengkapi fasilitas premium dan pelayanan profesional.,https://phinisitrip.com/wp-content/uploads/2025/08/phinisitrip.webp,https://phinisitrip.com/labuan-bajo-ciela-liveaboard/,phinisitrip.com,"Ciela Liveaboard PRIVATE_TRIP 3D2N 15 Guests ac, snorkeling, labuan bajo, bar, snorkeling equipment, komodo, cabin, kitchen, padar, island hopping, pink beach, bathroom, private charter, trekking, diving, kelor, kanawa, open trip","Ciela PRIVATE_TRIP IDR 44.000.000 komodo, padar, pink beach, labuan bajo, kanawa, kelor ac, snorkeling, labuan bajo, bar, snorkeling equipment, komodo, cabin, kitchen, padar, island hopping, pink beach, bathroom, private charter, trekking, diving, kelor, kanawa, open trip Ciela adalah kapal phinisi mewah yang menawarkan pengalaman berlayar eksklusif di Komodo Island. Dilengkapi fasilitas premium dan pelayanan profesional.",ciela privatetrip komodo padar pink beach labu bajo kanawa kelor ac snorkeling labu bajo bar snorkeling equipment komodo cabin kitchen padar island hopping pink beach bathroom private charter trekking diving kelor kanawa open trip ciela mewah tawar alam layar eksklusif komodo island lengkap fasilitas premium layan profesional
Sands Bajo Liveaboard,Sands Bajo,PRIVATE_TRIP,IDR 58.000.000,58000000,3D2N,12 Guests,"komodo, padar, pink beach, labuan bajo, kanawa, kelor","bar, ac, cabin, snorkeling equipment","snorkeling, diving, trekking, private charter, open trip","ac, snorkeling, labuan bajo, bar, snorkeling equipment, komodo, cabin, padar, pink beach, private charter, trekking, diving, kelor, kanawa, open trip",Sands Bajo adalah kapal phinisi mewah yang menawarkan pengalaman berlayar eksklusif di Komodo Island. Dilengkapi fasilitas premium dan pelayanan profesional.,https://phinisitrip.com/wp-content/uploads/2025/08/phinisitrip.webp,https://phinisitrip.com/labuan-bajo-sands-bajo-liveaboard/,phinisitrip.com,"Sands Bajo Liveaboard PRIVATE_TRIP 3D2N 12 Guests ac, snorkeling, labuan bajo, bar, snorkeling equipment, komodo, cabin, padar, pink beach, private charter, trekking, diving, kelor, kanawa, open trip","Sands Bajo PRIVATE_TRIP IDR 58.000.000 komodo, padar, pink beach, labuan bajo, kanawa, kelor ac, snorkeling, labuan bajo, bar, snorkeling equipment, komodo, cabin, padar, pink beach, private charter, trekking, diving, kelor, kanawa, open trip Sands Bajo adalah kapal phinisi mewah yang menawarkan pengalaman berlayar eksklusif di Komodo Island. Dilengkapi fasilitas premium dan pelayanan profesional.",sands bajo privatetrip komodo padar pink beach labu bajo kanawa kelor ac snorkeling labu bajo bar snorkeling equipment komodo cabin padar pink beach private charter trekking diving kelor kanawa open trip sands bajo mewah tawar alam layar eksklusif komodo island lengkap fasilitas premium layan profesional
Yukai Liveaboard,Yukai,PRIVATE_TRIP,IDR 45.000.000,45000000,3D2N,12 Guests,"komodo, padar, pink beach, labuan bajo, kanawa, kelor","sun deck, jacuzzi, bar, ac, bathroom, cabin, dining area, snorkeling equipment, shower","snorkeling, diving, trekking, private charter, open trip","snorkeling, labuan bajo, sun deck, cabin, pink beach, kelor, kanawa, shower, ac, komodo, padar, private charter, jacuzzi, diving, bar, trekking, dining area, snorkeling equipment, bathroom, open trip",Yukai adalah kapal phinisi mewah yang menawarkan pengalaman berlayar eksklusif di Komodo Island. Dilengkapi fasilitas premium dan pelayanan profesional.,https://phinisitrip.com/wp-content/uploads/2025/08/phinisitrip.webp,https://phinisitrip.com/labuan-bajo-yukai-liveaboard/,phinisitrip.com,"Yukai Liveaboard PRIVATE_TRIP 3D2N 12 Guests snorkeling, labuan bajo, sun deck, cabin, pink beach, kelor, kanawa, shower, ac, komodo, padar, private charter, jacuzzi, diving, bar, trekking, dining area, snorkeling equipment, bathroom, open trip","Yukai PRIVATE_TRIP IDR 45.000.000 komodo, padar, pink beach, labuan bajo, kanawa, kelor snorkeling, labuan bajo, sun deck, cabin, pink beach, kelor, kanawa, shower, ac, komodo, padar, private charter, jacuzzi, diving, bar, trekking, dining area, snorkeling equipment, bathroom, open trip Yukai adalah kapal phinisi mewah yang menawarkan pengalaman berlayar eksklusif di Komodo Island. Dilengkapi fasilitas premium dan pelayanan profesional.",yukai privatetrip komodo padar pink beach labu bajo kanawa kelor snorkeling labu bajo sun deck cabin pink beach kelor kanawa shower ac komodo padar private charter jacuzzi diving bar trekking ning area snorkeling equipment bathroom open trip yukai mewah tawar alam layar eksklusif komodo island lengkap fasilitas premium layan profesional
Zada Mega Liveaboard,Zada Mega,PRIVATE_TRIP,IDR 70.000.000,70000000,3D2N,11 Guests,"komodo, padar, pink beach, labuan bajo, kanawa, kelor","sun deck, bar, ac, bathroom, cabin, dining area, snorkeling equipment, kitchen","snorkeling, diving, trekking, private charter, open trip","snorkeling, labuan bajo, sun deck, cabin, pink beach, kelor, kanawa, ac, komodo, padar, private charter, diving, bar, trekking, dining area, snorkeling equipment, kitchen, bathroom, open trip",Zada Mega adalah kapal phinisi mewah yang menawarkan pengalaman berlayar eksklusif di Komodo Island. Dilengkapi fasilitas premium dan pelayanan profesional.,https://phinisitrip.com/wp-content/uploads/2025/08/phinisitrip.webp,https://phinisitrip.com/labuan-bajo-zada-mega-liveaboard/,phinisitrip.com,"Zada Mega Liveaboard PRIVATE_TRIP 3D2N 11 Guests snorkeling, labuan bajo, sun deck, cabin, pink beach, kelor, kanawa, ac, komodo, padar, private charter, diving, bar, trekking, dining area, snorkeling equipment, kitchen, bathroom, open trip","Zada Mega PRIVATE_TRIP IDR 70.000.000 komodo, padar, pink beach, labuan bajo, kanawa, kelor snorkeling, labuan bajo, sun deck, cabin, pink beach, kelor, kanawa, ac, komodo, padar, private charter, diving, bar, trekking, dining area, snorkeling equipment, kitchen, bathroom, open trip Zada Mega adalah kapal phinisi mewah yang menawarkan pengalaman berlayar eksklusif di Komodo Island. Dilengkapi fasilitas premium dan pelayanan profesional.",zada mega privatetrip komodo padar pink beach labu bajo kanawa kelor snorkeling labu bajo sun deck cabin pink beach kelor kanawa ac komodo padar private charter diving bar trekking ning area snorkeling equipment kitchen bathroom open trip zada mega mewah tawar alam layar eksklusif komodo island lengkap fasilitas premium layan profesional
Amore Phinisi,Amore,PRIVATE_TRIP,IDR 50.000.000,50000000,3D2N,16 Guests,"komodo, padar, pink beach, labuan bajo, kanawa, kelor","bar, ac, bathroom, cabin, snorkeling equipment","snorkeling, diving, trekking, private charter, open trip","ac, snorkeling, labuan bajo, bar, snorkeling equipment, komodo, cabin, padar, pink beach, bathroom, private charter, trekking, diving, kelor, kanawa, open trip",Amore adalah kapal phinisi mewah yang menawarkan pengalaman berlayar eksklusif di Komodo Island. Dilengkapi fasilitas premium dan pelayanan profesional.,https://phinisitrip.com/wp-content/uploads/2025/08/phinisitrip.webp,https://phinisitrip.com/labuan-bajo-amore-phinisi/,phinisitrip.com,"Amore Phinisi PRIVATE_TRIP 3D2N 16 Guests ac, snorkeling, labuan bajo, bar, snorkeling equipment, komodo, cabin, padar, pink beach, bathroom, private charter, trekking, diving, kelor, kanawa, open trip","Amore PRIVATE_TRIP IDR 50.000.000 komodo, padar, pink beach, labuan bajo, kanawa, kelor ac, snorkeling, labuan bajo, bar, snorkeling equipment, komodo, cabin, padar, pink beach, bathroom, private charter, trekking, diving, kelor, kanawa, open trip Amore adalah kapal phinisi mewah yang menawarkan pengalaman berlayar eksklusif di Komodo Island. Dilengkapi fasilitas premium dan pelayanan profesional.",amore privatetrip komodo padar pink beach labu bajo kanawa kelor ac snorkeling labu bajo bar snorkeling equipment komodo cabin padar pink beach bathroom private charter trekking diving kelor kanawa open trip amore mewah tawar alam layar eksklusif komodo island lengkap fasilitas premium layan profesional
Papiton Duwa,Papiton Duwa,PRIVATE_TRIP,IDR 55.000.000,55000000,3D2N,12 Guests,"komodo, padar, pink beach, labuan bajo, kanawa, kelor","bar, ac, bathroom, cabin, snorkeling equipment","snorkeling, trekking, private charter, open trip","ac, snorkeling, labuan bajo, bar, snorkeling equipment, komodo, cabin, padar, pink beach, bathroom, private charter, trekking, kelor, kanawa, open trip",Papiton Duwa adalah kapal phinisi mewah yang menawarkan pengalaman berlayar eksklusif di Komodo Island. Dilengkapi fasilitas premium dan pelayanan profesional.,https://phinisitrip.com/wp-content/uploads/2025/08/phinisitrip.webp,https://phinisitrip.com/labuan-bajo-papiton-duwa/,phinisitrip.com,"Papiton Duwa PRIVATE_TRIP 3D2N 12 Guests ac, snorkeling, labuan bajo, bar, snorkeling equipment, komodo, cabin, padar, pink beach, bathroom, private charter, trekking, kelor, kanawa, open trip","Papiton Duwa PRIVATE_TRIP IDR 55.000.000 komodo, padar, pink beach, labuan bajo, kanawa, kelor ac, snorkeling, labuan bajo, bar, snorkeling equipment, komodo, cabin, padar, pink beach, bathroom, private charter, trekking, kelor, kanawa, open trip Papiton Duwa adalah kapal phinisi mewah yang menawarkan pengalaman berlayar eksklusif di Komodo Island. Dilengkapi fasilitas premium dan pelayanan profesional.",papiton duwa privatetrip komodo padar pink beach labu bajo kanawa kelor ac snorkeling labu bajo bar snorkeling equipment komodo cabin padar pink beach bathroom private charter trekking kelor kanawa open trip papiton duwa mewah tawar alam layar eksklusif komodo island lengkap fasilitas premium layan profesional
Invictus Voyage,Invictus Voyage,PRIVATE_TRIP,IDR 44.500.000,44500000,3D2N,16 Guests,"komodo, padar, pink beach, labuan bajo, kanawa, kelor","bar, ac, cabin, dining area, snorkeling equipment","snorkeling, diving, trekking, private charter, open trip","ac, dining area, snorkeling, labuan bajo, bar, snorkeling equipment, komodo, cabin, padar, pink beach, private charter, trekking, diving, kelor, kanawa, open trip",Invictus Voyage adalah kapal phinisi mewah yang menawarkan pengalaman berlayar eksklusif di Komodo Island. Dilengkapi fasilitas premium dan pelayanan profesional.,https://phinisitrip.com/wp-content/uploads/2025/08/phinisitrip.webp,https://phinisitrip.com/labuan-bajo-invictus-voyage/,phinisitrip.com,"Invictus Voyage PRIVATE_TRIP 3D2N 16 Guests ac, dining area, snorkeling, labuan bajo, bar, snorkeling equipment, komodo, cabin, padar, pink beach, private charter, trekking, diving, kelor, kanawa, open trip","Invictus Voyage PRIVATE_TRIP IDR 44.500.000 komodo, padar, pink beach, labuan bajo, kanawa, kelor ac, dining area, snorkeling, labuan bajo, bar, snorkeling equipment, komodo, cabin, padar, pink beach, private charter, trekking, diving, kelor, kanawa, open trip Invictus Voyage adalah kapal phinisi mewah yang menawarkan pengalaman berlayar eksklusif di Komodo Island. Dilengkapi fasilitas premium dan pelayanan profesional.",invictus voyage privatetrip komodo padar pink beach labu bajo kanawa kelor ac ning area snorkeling labu bajo bar snorkeling equipment komodo cabin padar pink beach private charter trekking diving kelor kanawa open trip invictus voyage mewah tawar alam layar eksklusif komodo island lengkap fasilitas premium layan profesional
Bajo Sunset 2,Bajo Sunset 2,PRIVATE_TRIP,IDR 39.000.000,39000000,3D2N,15 Guests,"komodo, padar, pink beach, labuan bajo, kanawa, kelor","sun deck, bar, ac, bathroom, cabin, dining area, snorkeling equipment","snorkeling, diving, trekking, private charter, open trip","ac, dining area, snorkeling, labuan bajo, bar, sun deck, snorkeling equipment, cabin, komodo, padar, pink beach, bathroom, private charter, trekking, diving, kelor, kanawa, open trip",Bajo Sunset 2 adalah kapal phinisi mewah yang menawarkan pengalaman berlayar eksklusif di Komodo Island. Dilengkapi fasilitas premium dan pelayanan profesional.,https://phinisitrip.com/wp-content/uploads/2025/08/phinisitrip.webp,https://phinisitrip.com/labuan-bajo-bajo-sunset-2/,phinisitrip.com,"Bajo Sunset 2 PRIVATE_TRIP 3D2N 15 Guests ac, dining area, snorkeling, labuan bajo, bar, sun deck, snorkeling equipment, cabin, komodo, padar, pink beach, bathroom, private charter, trekking, diving, kelor, kanawa, open trip","Bajo Sunset 2 PRIVATE_TRIP IDR 39.000.000 komodo, padar, pink beach, labuan bajo, kanawa, kelor ac, dining area, snorkeling, labuan bajo, bar, sun deck, snorkeling equipment, cabin, komodo, padar, pink beach, bathroom, private charter, trekking, diving, kelor, kanawa, open trip Bajo Sunset 2 adalah kapal phinisi mewah yang menawarkan pengalaman berlayar eksklusif di Komodo Island. Dilengkapi fasilitas premium dan pelayanan profesional.",bajo sunset privatetrip komodo padar pink beach labu bajo kanawa kelor ac ning area snorkeling labu bajo bar sun deck snorkeling equipment cabin komodo padar pink beach bathroom private charter trekking diving kelor kanawa open trip bajo sunset mewah tawar alam layar eksklusif komodo island lengkap fasilitas premium layan profesional
Papiton Lopi,Papiton Lopi,PRIVATE_TRIP,IDR 50.000.000,50000000,3D2N,11 Guests,"komodo, padar, pink beach, labuan bajo, kanawa, kelor","bar, ac, bathroom, cabin, snorkeling equipment","snorkeling, trekking, private charter, open trip","ac, snorkeling, labuan bajo, bar, snorkeling equipment, komodo, cabin, padar, pink beach, bathroom, private charter, trekking, kelor, kanawa, open trip",Papiton Lopi adalah kapal phinisi mewah yang menawarkan pengalaman berlayar eksklusif di Komodo Island. Dilengkapi fasilitas premium dan pelayanan profesional.,https://phinisitrip.com/wp-content/uploads/2025/08/phinisitrip.webp,https://phinisitrip.com/labuan-bajo-papiton-lopi/,phinisitrip.com,"Papiton Lopi PRIVATE_TRIP 3D2N 11 Guests ac, snorkeling, labuan bajo, bar, snorkeling equipment, komodo, cabin, padar, pink beach, bathroom, private charter, trekking, kelor, kanawa, open trip","Papiton Lopi PRIVATE_TRIP IDR 50.000.000 komodo, padar, pink beach, labuan bajo, kanawa, kelor ac, snorkeling, labuan bajo, bar, snorkeling equipment, komodo, cabin, padar, pink beach, bathroom, private charter, trekking, kelor, kanawa, open trip Papiton Lopi adalah kapal phinisi mewah yang menawarkan pengalaman berlayar eksklusif di Komodo Island. Dilengkapi fasilitas premium dan pelayanan profesional.",papiton lop privatetrip komodo padar pink beach labu bajo kanawa kelor ac snorkeling labu bajo bar snorkeling equipment komodo cabin padar pink beach bathroom private charter trekking kelor kanawa open trip papiton lop mewah tawar alam layar eksklusif komodo island lengkap fasilitas premium layan profesional
Singkolo Liveaboard,Singkolo,PRIVATE_TRIP,IDR 37.000.000,37000000,3D2N,10 Guests,"komodo, padar, pink beach, labuan bajo, kanawa, kelor","sun deck, bar, ac, bathroom, cabin, snorkeling equipment","snorkeling, diving, trekking, private charter, open trip, kayak","ac, snorkeling, kayak, labuan bajo, bar, sun deck, snorkeling equipment, cabin, komodo, padar, pink beach, bathroom, private charter, trekking, diving, kelor, kanawa, open trip",Singkolo adalah kapal phinisi mewah yang menawarkan pengalaman berlayar eksklusif di Komodo Island. Dilengkapi fasilitas premium dan pelayanan profesional.,https://phinisitrip.com/wp-content/uploads/2025/08/phinisitrip.webp,https://phinisitrip.com/labuan-bajo-singkolo-liveaboard/,phinisitrip.com,"Singkolo Liveaboard PRIVATE_TRIP 3D2N 10 Guests ac, snorkeling, kayak, labuan bajo, bar, sun deck, snorkeling equipment, cabin, komodo, padar, pink beach, bathroom, private charter, trekking, diving, kelor, kanawa, open trip","Singkolo PRIVATE_TRIP IDR 37.000.000 komodo, padar, pink beach, labuan bajo, kanawa, kelor ac, snorkeling, kayak, labuan bajo, bar, sun deck, snorkeling equipment, cabin, komodo, padar, pink beach, bathroom, private charter, trekking, diving, kelor, kanawa, open trip Singkolo adalah kapal phinisi mewah yang menawarkan pengalaman berlayar eksklusif di Komodo Island. Dilengkapi fasilitas premium dan pelayanan profesional.",singkolo privatetrip komodo padar pink beach labu bajo kanawa kelor ac snorkeling kayak labu bajo bar sun deck snorkeling equipment cabin komodo padar pink beach bathroom private charter trekking diving kelor kanawa open trip singkolo mewah tawar alam layar eksklusif komodo island lengkap fasilitas premium layan profesional
Barakati Cruise,Barakati Cruise,PRIVATE_TRIP,IDR 44.000.000,44000000,3D2N,10 Guests,"komodo, padar, pink beach, labuan bajo, kanawa, kelor","bar, ac, cabin, snorkeling equipment","snorkeling, diving, trekking, private charter, open trip","ac, snorkeling, labuan bajo, bar, snorkeling equipment, komodo, cabin, padar, pink beach, private charter, trekking, diving, kelor, kanawa, open trip",Barakati Cruise adalah kapal phinisi mewah yang menawarkan pengalaman berlayar eksklusif di Komodo Island. Dilengkapi fasilitas premium dan pelayanan profesional.,https://phinisitrip.com/wp-content/uploads/2025/08/phinisitrip.webp,https://phinisitrip.com/labuan-bajo-barakati-cruise/,phinisitrip.com,"Barakati Cruise PRIVATE_TRIP 3D2N 10 Guests ac, snorkeling, labuan bajo, bar, snorkeling equipment, komodo, cabin, padar, pink beach, private charter, trekking, diving, kelor, kanawa, open trip","Barakati Cruise PRIVATE_TRIP IDR 44.000.000 komodo, padar, pink beach, labuan bajo, kanawa, kelor ac, snorkeling, labuan bajo, bar, snorkeling equipment, komodo, cabin, padar, pink beach, private charter, trekking, diving, kelor, kanawa, open trip Barakati Cruise adalah kapal phinisi mewah yang menawarkan pengalaman berlayar eksklusif di Komodo Island. Dilengkapi fasilitas premium dan pelayanan profesional.",barakat cruise privatetrip komodo padar pink beach labu bajo kanawa kelor ac snorkeling labu bajo bar snorkeling equipment komodo cabin padar pink beach private charter trekking diving kelor kanawa open trip barakat cruise mewah tawar alam layar eksklusif komodo island lengkap fasilitas premium layan profesional
NK Jaya 2,NK Jaya 2,PRIVATE_TRIP,IDR 47.000.000,47000000,3D2N,13 Guests,"komodo, padar, pink beach, labuan bajo, kanawa, kelor","jacuzzi, ac, bathroom, cabin, snorkeling equipment","snorkeling, diving, trekking, private charter, open trip","ac, snorkeling, labuan bajo, snorkeling equipment, komodo, cabin, padar, pink beach, trekking, bathroom, private charter, jacuzzi, diving, kelor, kanawa, open trip",NK Jaya 2 adalah kapal phinisi mewah yang menawarkan pengalaman berlayar eksklusif di Komodo Island. Dilengkapi fasilitas premium dan pelayanan profesional.,https://phinisitrip.com/wp-content/uploads/2025/08/phinisitrip.webp,https://phinisitrip.com/labuan-bajo-nk-jaya-2/,phinisitrip.com,"NK Jaya 2 PRIVATE_TRIP 3D2N 13 Guests ac, snorkeling, labuan bajo, snorkeling equipment, komodo, cabin, padar, pink beach, trekking, bathroom, private charter, jacuzzi, diving, kelor, kanawa, open trip","NK Jaya 2 PRIVATE_TRIP IDR 47.000.000 komodo, padar, pink beach, labuan bajo, kanawa, kelor ac, snorkeling, labuan bajo, snorkeling equipment, komodo, cabin, padar, pink beach, trekking, bathroom, private charter, jacuzzi, diving, kelor, kanawa, open trip NK Jaya 2 adalah kapal phinisi mewah yang menawarkan pengalaman berlayar eksklusif di Komodo Island. Dilengkapi fasilitas premium dan pelayanan profesional.",nk jaya privatetrip komodo padar pink beach labu bajo kanawa kelor ac snorkeling labu bajo snorkeling equipment komodo cabin padar pink beach trekking bathroom private charter jacuzzi diving kelor kanawa open trip nk jaya mewah tawar alam layar eksklusif komodo island lengkap fasilitas premium layan profesional
La Dyana Liveaboard,La Dyana,PRIVATE_TRIP,IDR 35.750.000,35750000,3D2N,14 Guests,"komodo, padar, pink beach, labuan bajo, kanawa, kelor","bar, ac, cabin, dining area, snorkeling equipment","snorkeling, diving, trekking, private charter, open trip","ac, dining area, snorkeling, labuan bajo, bar, snorkeling equipment, komodo, cabin, padar, pink beach, private charter, trekking, diving, kelor, kanawa, open trip",La Dyana adalah kapal phinisi mewah yang menawarkan pengalaman berlayar eksklusif di Komodo Island. Dilengkapi fasilitas premium dan pelayanan profesional.,https://phinisitrip.com/wp-content/uploads/2025/08/phinisitrip.webp,https://phinisitrip.com/labuan-bajo-la-dyana-liveaboard/,phinisitrip.com,"La Dyana Liveaboard PRIVATE_TRIP 3D2N 14 Guests ac, dining area, snorkeling, labuan bajo, bar, snorkeling equipment, komodo, cabin, padar, pink beach, private charter, trekking, diving, kelor, kanawa, open trip","La Dyana PRIVATE_TRIP IDR 35.750.000 komodo, padar, pink beach, labuan bajo, kanawa, kelor ac, dining area, snorkeling, labuan bajo, bar, snorkeling equipment, komodo, cabin, padar, pink beach, private charter, trekking, diving, kelor, kanawa, open trip La Dyana adalah kapal phinisi mewah yang menawarkan pengalaman berlayar eksklusif di Komodo Island. Dilengkapi fasilitas premium dan pelayanan profesional.",la dyana privatetrip komodo padar pink beach labu bajo kanawa kelor ac ning area snorkeling labu bajo bar snorkeling equipment komodo cabin padar pink beach private charter trekking diving kelor kanawa open trip la dyana mewah tawar alam layar eksklusif komodo island lengkap fasilitas premium layan profesional
Akassa Cruise,Akassa Cruise,PRIVATE_TRIP,IDR 56.500.000,56500000,3D2N,10 Guests,"komodo, padar, pink beach, labuan bajo, kanawa, kelor","bar, ac, cabin, dining area, snorkeling equipment, kitchen","snorkeling, diving, trekking, private charter, open trip, kayak","ac, dining area, snorkeling, kayak, labuan bajo, bar, snorkeling equipment, komodo, cabin, kitchen, padar, pink beach, private charter, trekking, diving, kelor, kanawa, open trip",Akassa Cruise adalah kapal phinisi mewah yang menawarkan pengalaman berlayar eksklusif di Komodo Island. Dilengkapi fasilitas premium dan pelayanan profesional.,https://phinisitrip.com/wp-content/uploads/2025/08/phinisitrip.webp,https://phinisitrip.com/labuan-bajo-akassa-cruise/,phinisitrip.com,"Akassa Cruise PRIVATE_TRIP 3D2N 10 Guests ac, dining area, snorkeling, kayak, labuan bajo, bar, snorkeling equipment, komodo, cabin, kitchen, padar, pink beach, private charter, trekking, diving, kelor, kanawa, open trip","Akassa Cruise PRIVATE_TRIP IDR 56.500.000 komodo, padar, pink beach, labuan bajo, kanawa, kelor ac, dining area, snorkeling, kayak, labuan bajo, bar, snorkeling equipment, komodo, cabin, kitchen, padar, pink beach, private charter, trekking, diving, kelor, kanawa, open trip Akassa Cruise adalah kapal phinisi mewah yang menawarkan pengalaman berlayar eksklusif di Komodo Island. Dilengkapi fasilitas premium dan pelayanan profesional.",akassa cruise privatetrip komodo padar pink beach labu bajo kanawa kelor ac ning area snorkeling kayak labu bajo bar snorkeling equipment komodo cabin kitchen padar pink beach private charter trekking diving kelor kanawa open trip akassa cruise mewah tawar alam layar eksklusif komodo island lengkap fasilitas premium layan profesional
Alfathran 1,Alfathran 1,PRIVATE_TRIP,IDR 45.000.000,45000000,3D2N,12 Guests,"komodo, padar, pink beach, labuan bajo, kanawa, kelor","jacuzzi, ac, bathroom, cabin, snorkeling equipment","snorkeling, diving, trekking, private charter, open trip","ac, snorkeling, labuan bajo, snorkeling equipment, komodo, cabin, padar, pink beach, trekking, bathroom, private charter, jacuzzi, diving, kelor, kanawa, open trip",Alfathran 1 adalah kapal phinisi mewah yang menawarkan pengalaman berlayar eksklusif di Komodo Island. Dilengkapi fasilitas premium dan pelayanan profesional.,https://phinisitrip.com/wp-content/uploads/2025/08/phinisitrip.webp,https://phinisitrip.com/labuan-bajo-alfathran-1/,phinisitrip.com,"Alfathran 1 PRIVATE_TRIP 3D2N 12 Guests ac, snorkeling, labuan bajo, snorkeling equipment, komodo, cabin, padar, pink beach, trekking, bathroom, private charter, jacuzzi, diving, kelor, kanawa, open trip","Alfathran 1 PRIVATE_TRIP IDR 45.000.000 komodo, padar, pink beach, labuan bajo, kanawa, kelor ac, snorkeling, labuan bajo, snorkeling equipment, komodo, cabin, padar, pink beach, trekking, bathroom, private charter, jacuzzi, diving, kelor, kanawa, open trip Alfathran 1 adalah kapal phinisi mewah yang menawarkan pengalaman berlayar eksklusif di Komodo Island. Dilengkapi fasilitas premium dan pelayanan profesional.",alfathran privatetrip komodo padar pink beach labu bajo kanawa kelor ac snorkeling labu bajo snorkeling equipment komodo cabin padar pink beach trekking bathroom private charter jacuzzi diving kelor kanawa open trip alfathran mewah tawar alam layar eksklusif komodo island lengkap fasilitas premium layan profesional
SIP 1 Liveaboard,SIP 1,PRIVATE_TRIP,IDR 36.000.000,36000000,3D2N,12 Guests,"komodo, padar, pink beach, labuan bajo, kanawa, kelor","sun deck, bar, ac, bathroom, cabin, snorkeling equipment","snorkeling, diving, trekking, private charter, open trip","ac, snorkeling, labuan bajo, bar, sun deck, snorkeling equipment, cabin, komodo, padar, pink beach, bathroom, private charter, trekking, diving, kelor, kanawa, open trip",SIP 1 adalah kapal phinisi mewah yang menawarkan pengalaman berlayar eksklusif di Komodo Island. Dilengkapi fasilitas premium dan pelayanan profesional.,https://phinisitrip.com/wp-content/uploads/2025/08/phinisitrip.webp,https://phinisitrip.com/labuan-bajo-sip-1-liveaboard/,phinisitrip.com,"SIP 1 Liveaboard PRIVATE_TRIP 3D2N 12 Guests ac, snorkeling, labuan bajo, bar, sun deck, snorkeling equipment, cabin, komodo, padar, pink beach, bathroom, private charter, trekking, diving, kelor, kanawa, open trip","SIP 1 PRIVATE_TRIP IDR 36.000.000 komodo, padar, pink beach, labuan bajo, kanawa, kelor ac, snorkeling, labuan bajo, bar, sun deck, snorkeling equipment, cabin, komodo, padar, pink beach, bathroom, private charter, trekking, diving, kelor, kanawa, open trip SIP 1 adalah kapal phinisi mewah yang menawarkan pengalaman berlayar eksklusif di Komodo Island. Dilengkapi fasilitas premium dan pelayanan profesional.",sip privatetrip komodo padar pink beach labu bajo kanawa kelor ac snorkeling labu bajo bar sun deck snorkeling equipment cabin komodo padar pink beach bathroom private charter trekking diving kelor kanawa open trip sip mewah tawar alam layar eksklusif komodo island lengkap fasilitas premium layan profesional
Zada Zen,Zada Zen,PRIVATE_TRIP,IDR 75.000.000,75000000,3D2N,13 Guests,"komodo, padar, pink beach, labuan bajo, kanawa, kelor","ac, cabin, lounge, snorkeling equipment","snorkeling, diving, trekking, private charter, open trip","ac, lounge, snorkeling, labuan bajo, snorkeling equipment, komodo, cabin, padar, pink beach, private charter, trekking, diving, kelor, kanawa, open trip",Zada Zen adalah kapal phinisi mewah yang menawarkan pengalaman berlayar eksklusif di Komodo Island. Dilengkapi fasilitas premium dan pelayanan profesional.,https://phinisitrip.com/wp-content/uploads/2025/08/phinisitrip.webp,https://phinisitrip.com/labuan-bajo-zada-zen/,phinisitrip.com,"Zada Zen PRIVATE_TRIP 3D2N 13 Guests ac, lounge, snorkeling, labuan bajo, snorkeling equipment, komodo, cabin, padar, pink beach, private charter, trekking, diving, kelor, kanawa, open trip","Zada Zen PRIVATE_TRIP IDR 75.000.000 komodo, padar, pink beach, labuan bajo, kanawa, kelor ac, lounge, snorkeling, labuan bajo, snorkeling equipment, komodo, cabin, padar, pink beach, private charter, trekking, diving, kelor, kanawa, open trip Zada Zen adalah kapal phinisi mewah yang menawarkan pengalaman berlayar eksklusif di Komodo Island. Dilengkapi fasilitas premium dan pelayanan profesional.",zada zen privatetrip komodo padar pink beach labu bajo kanawa kelor ac lounge snorkeling labu bajo snorkeling equipment komodo cabin padar pink beach private charter trekking diving kelor kanawa open trip zada zen mewah tawar alam layar eksklusif komodo island lengkap fasilitas premium layan profesional
New IJC Liveaboard,New IJC,PRIVATE_TRIP,IDR 42.000.000,42000000,3D2N,16 Guests,"komodo, padar, pink beach, labuan bajo, kanawa, kelor","bar, ac, bathroom, cabin, snorkeling equipment","snorkeling, diving, trekking, private charter, open trip","ac, snorkeling, labuan bajo, bar, snorkeling equipment, komodo, cabin, padar, pink beach, bathroom, private charter, trekking, diving, kelor, kanawa, open trip",New IJC adalah kapal phinisi mewah yang menawarkan pengalaman berlayar eksklusif di Komodo Island. Dilengkapi fasilitas premium dan pelayanan profesional.,https://phinisitrip.com/wp-content/uploads/2025/08/phinisitrip.webp,https://phinisitrip.com/labuan-bajo-new-ijc-liveaboard/,phinisitrip.com,"New IJC Liveaboard PRIVATE_TRIP 3D2N 16 Guests ac, snorkeling, labuan bajo, bar, snorkeling equipment, komodo, cabin, padar, pink beach, bathroom, private charter, trekking, diving, kelor, kanawa, open trip","New IJC PRIVATE_TRIP IDR 42.000.000 komodo, padar, pink beach, labuan bajo, kanawa, kelor ac, snorkeling, labuan bajo, bar, snorkeling equipment, komodo, cabin, padar, pink beach, bathroom, private charter, trekking, diving, kelor, kanawa, open trip New IJC adalah kapal phinisi mewah yang menawarkan pengalaman berlayar eksklusif di Komodo Island. Dilengkapi fasilitas premium dan pelayanan profesional.",new ijc privatetrip komodo padar pink beach labu bajo kanawa kelor ac snorkeling labu bajo bar snorkeling equipment komodo cabin padar pink beach bathroom private charter trekking diving kelor kanawa open trip new ijc mewah tawar alam layar eksklusif komodo island lengkap fasilitas premium layan profesional
Nusantara Karya,Nusantara Karya,PRIVATE_TRIP,IDR 38.000.000,38000000,3D2N,14 Guests,"komodo, padar, pink beach, labuan bajo, kanawa, kelor","ac, bathroom, cabin, snorkeling equipment","snorkeling, diving, trekking, private charter, open trip","ac, snorkeling, labuan bajo, snorkeling equipment, komodo, cabin, padar, pink beach, bathroom, private charter, trekking, diving, kelor, kanawa, open trip",Nusantara Karya adalah kapal phinisi mewah yang menawarkan pengalaman berlayar eksklusif di Komodo Island. Dilengkapi fasilitas premium dan pelayanan profesional.,https://phinisitrip.com/wp-content/uploads/2025/08/phinisitrip.webp,https://phinisitrip.com/labuan-bajo-nusantara-karya/,phinisitrip.com,"Nusantara Karya PRIVATE_TRIP 3D2N 14 Guests ac, snorkeling, labuan bajo, snorkeling equipment, komodo, cabin, padar, pink beach, bathroom, private charter, trekking, diving, kelor, kanawa, open trip","Nusantara Karya PRIVATE_TRIP IDR 38.000.000 komodo, padar, pink beach, labuan bajo, kanawa, kelor ac, snorkeling, labuan bajo, snorkeling equipment, komodo, cabin, padar, pink beach, bathroom, private charter, trekking, diving, kelor, kanawa, open trip Nusantara Karya adalah kapal phinisi mewah yang menawarkan pengalaman berlayar eksklusif di Komodo Island. Dilengkapi fasilitas premium dan pelayanan profesional.",nusantara karya privatetrip komodo padar pink beach labu bajo kanawa kelor ac snorkeling labu bajo snorkeling equipment komodo cabin padar pink beach bathroom private charter trekking diving kelor kanawa open trip nusantara karya mewah tawar alam layar eksklusif komodo island lengkap fasilitas premium layan profesional
Dahayu Phinisi,Dahayu,PRIVATE_TRIP,IDR 38.000.000,38000000,3D2N,15 Guests,"komodo, padar, pink beach, labuan bajo, kanawa, kelor","bar, ac, bathroom, cabin, dining area, snorkeling equipment, kitchen","snorkeling, diving, trekking, private charter, open trip","ac, dining area, snorkeling, labuan bajo, bar, snorkeling equipment, komodo, cabin, kitchen, padar, pink beach, bathroom, private charter, trekking, diving, kelor, kanawa, open trip",Dahayu adalah kapal phinisi mewah yang menawarkan pengalaman berlayar eksklusif di Komodo Island. Dilengkapi fasilitas premium dan pelayanan profesional.,https://phinisitrip.com/wp-content/uploads/2025/08/phinisitrip.webp,https://phinisitrip.com/labuan-bajo-dahayu-phinisi/,phinisitrip.com,"Dahayu Phinisi PRIVATE_TRIP 3D2N 15 Guests ac, dining area, snorkeling, labuan bajo, bar, snorkeling equipment, komodo, cabin, kitchen, padar, pink beach, bathroom, private charter, trekking, diving, kelor, kanawa, open trip","Dahayu PRIVATE_TRIP IDR 38.000.000 komodo, padar, pink beach, labuan bajo, kanawa, kelor ac, dining area, snorkeling, labuan bajo, bar, snorkeling equipment, komodo, cabin, kitchen, padar, pink beach, bathroom, private charter, trekking, diving, kelor, kanawa, open trip Dahayu adalah kapal phinisi mewah yang menawarkan pengalaman berlayar eksklusif di Komodo Island. Dilengkapi fasilitas premium dan pelayanan profesional.",dahayu privatetrip komodo padar pink beach labu bajo kanawa kelor ac ning area snorkeling labu bajo bar snorkeling equipment komodo cabin kitchen padar pink beach bathroom private charter trekking diving kelor kanawa open trip dahayu mewah tawar alam layar eksklusif komodo island lengkap fasilitas premium layan profesional
Riley Phinisi,Riley,PRIVATE_TRIP,IDR 45.000.000,45000000,3D2N,12 Guests,"komodo, padar, pink beach, labuan bajo, kanawa, kelor","sun deck, jacuzzi, bar, ac, bathroom, cabin, snorkeling equipment, kitchen","snorkeling, diving, trekking, private charter, open trip","snorkeling, labuan bajo, sun deck, cabin, pink beach, kelor, kanawa, ac, komodo, padar, private charter, jacuzzi, diving, bar, trekking, snorkeling equipment, kitchen, bathroom, open trip",Riley adalah kapal phinisi mewah yang menawarkan pengalaman berlayar eksklusif di Komodo Island. Dilengkapi fasilitas premium dan pelayanan profesional.,https://phinisitrip.com/wp-content/uploads/2025/08/phinisitrip.webp,https://phinisitrip.com/labuan-bajo-riley-phinisi/,phinisitrip.com,"Riley Phinisi PRIVATE_TRIP 3D2N 12 Guests snorkeling, labuan bajo, sun deck, cabin, pink beach, kelor, kanawa, ac, komodo, padar, private charter, jacuzzi, diving, bar, trekking, snorkeling equipment, kitchen, bathroom, open trip","Riley PRIVATE_TRIP IDR 45.000.000 komodo, padar, pink beach, labuan bajo, kanawa, kelor snorkeling, labuan bajo, sun deck, cabin, pink beach, kelor, kanawa, ac, komodo, padar, private charter, jacuzzi, diving, bar, trekking, snorkeling equipment, kitchen, bathroom, open trip Riley adalah kapal phinisi mewah yang menawarkan pengalaman berlayar eksklusif di Komodo Island. Dilengkapi fasilitas premium dan pelayanan profesional.",riley privatetrip komodo padar pink beach labu bajo kanawa kelor snorkeling labu bajo sun deck cabin pink beach kelor kanawa ac komodo padar private charter jacuzzi diving bar trekking snorkeling equipment kitchen bathroom open trip riley mewah tawar alam layar eksklusif komodo island lengkap fasilitas premium layan profesional
Pandawa Liveaboard,Pandawa,PRIVATE_TRIP,IDR 35.000.000,35000000,3D2N,14 Guests,"komodo, padar, pink beach, labuan bajo, kanawa, kelor","ac, cabin, snorkeling equipment","snorkeling, diving, trekking, private charter, open trip","ac, snorkeling, labuan bajo, snorkeling equipment, komodo, cabin, padar, pink beach, private charter, trekking, diving, kelor, kanawa, open trip",Pandawa adalah kapal phinisi mewah yang menawarkan pengalaman berlayar eksklusif di Komodo Island. Dilengkapi fasilitas premium dan pelayanan profesional.,https://phinisitrip.com/wp-content/uploads/2025/08/phinisitrip.webp,https://phinisitrip.com/labuan-bajo-pandawa-liveaboard/,phinisitrip.com,"Pandawa Liveaboard PRIVATE_TRIP 3D2N 14 Guests ac, snorkeling, labuan bajo, snorkeling equipment, komodo, cabin, padar, pink beach, private charter, trekking, diving, kelor, kanawa, open trip","Pandawa PRIVATE_TRIP IDR 35.000.000 komodo, padar, pink beach, labuan bajo, kanawa, kelor ac, snorkeling, labuan bajo, snorkeling equipment, komodo, cabin, padar, pink beach, private charter, trekking, diving, kelor, kanawa, open trip Pandawa adalah kapal phinisi mewah yang menawarkan pengalaman berlayar eksklusif di Komodo Island. Dilengkapi fasilitas premium dan pelayanan profesional.",pandawa privatetrip komodo padar pink beach labu bajo kanawa kelor ac snorkeling labu bajo snorkeling equipment komodo cabin padar pink beach private charter trekking diving kelor kanawa open trip pandawa mewah tawar alam layar eksklusif komodo island lengkap fasilitas premium layan profesional
Arham Jaya 2,Arham Jaya 2,PRIVATE_TRIP,IDR 32.000.000,32000000,3D2N,15 Guests,"komodo, padar, pink beach, labuan bajo, kanawa, kelor","bar, ac, bathroom, cabin, snorkeling equipment","snorkeling, diving, trekking, private charter, open trip","ac, snorkeling, labuan bajo, bar, snorkeling equipment, komodo, cabin, padar, pink beach, bathroom, private charter, trekking, diving, kelor, kanawa, open trip",Arham Jaya 2 adalah kapal phinisi mewah yang menawarkan pengalaman berlayar eksklusif di Komodo Island. Dilengkapi fasilitas premium dan pelayanan profesional.,https://phinisitrip.com/wp-content/uploads/2025/08/phinisitrip.webp,https://phinisitrip.com/labuan-bajo-arham-jaya-2/,phinisitrip.com,"Arham Jaya 2 PRIVATE_TRIP 3D2N 15 Guests ac, snorkeling, labuan bajo, bar, snorkeling equipment, komodo, cabin, padar, pink beach, bathroom, private charter, trekking, diving, kelor, kanawa, open trip","Arham Jaya 2 PRIVATE_TRIP IDR 32.000.000 komodo, padar, pink beach, labuan bajo, kanawa, kelor ac, snorkeling, labuan bajo, bar, snorkeling equipment, komodo, cabin, padar, pink beach, bathroom, private charter, trekking, diving, kelor, kanawa, open trip Arham Jaya 2 adalah kapal phinisi mewah yang menawarkan pengalaman berlayar eksklusif di Komodo Island. Dilengkapi fasilitas premium dan pelayanan profesional.",arham jaya privatetrip komodo padar pink beach labu bajo kanawa kelor ac snorkeling labu bajo bar snorkeling equipment komodo cabin padar pink beach bathroom private charter trekking diving kelor kanawa open trip arham jaya mewah tawar alam layar eksklusif komodo island lengkap fasilitas premium layan profesional
Jessie Phinisi,Jessie,PRIVATE_TRIP,IDR 42.000.000,42000000,3D2N,16 Guests,"komodo, padar, pink beach, labuan bajo, kanawa, kelor","bar, ac, cabin, snorkeling equipment","snorkeling, diving, trekking, private charter, open trip","ac, snorkeling, labuan bajo, bar, snorkeling equipment, komodo, cabin, padar, pink beach, private charter, trekking, diving, kelor, kanawa, open trip",Jessie adalah kapal phinisi mewah yang menawarkan pengalaman berlayar eksklusif di Komodo Island. Dilengkapi fasilitas premium dan pelayanan profesional.,https://phinisitrip.com/wp-content/uploads/2025/08/phinisitrip.webp,https://phinisitrip.com/labuan-bajo-jessie-phinisi/,phinisitrip.com,"Jessie Phinisi PRIVATE_TRIP 3D2N 16 Guests ac, snorkeling, labuan bajo, bar, snorkeling equipment, komodo, cabin, padar, pink beach, private charter, trekking, diving, kelor, kanawa, open trip","Jessie PRIVATE_TRIP IDR 42.000.000 komodo, padar, pink beach, labuan bajo, kanawa, kelor ac, snorkeling, labuan bajo, bar, snorkeling equipment, komodo, cabin, padar, pink beach, private charter, trekking, diving, kelor, kanawa, open trip Jessie adalah kapal phinisi mewah yang menawarkan pengalaman berlayar eksklusif di Komodo Island. Dilengkapi fasilitas premium dan pelayanan profesional.",jessie privatetrip komodo padar pink beach labu bajo kanawa kelor ac snorkeling labu bajo bar snorkeling equipment komodo cabin padar pink beach private charter trekking diving kelor kanawa open trip jessie mewah tawar alam layar eksklusif komodo island lengkap fasilitas premium layan profesional
Dream Ocean,Dream Ocean,PRIVATE_TRIP,IDR 45.000.000,45000000,3D2N,11 Guests,"komodo, padar, pink beach, labuan bajo, kanawa, kelor","bar, ac, cabin, dining area, lounge, snorkeling equipment","snorkeling, diving, trekking, private charter, open trip","ac, dining area, lounge, snorkeling, labuan bajo, bar, snorkeling equipment, komodo, cabin, padar, pink beach, private charter, trekking, diving, kelor, kanawa, open trip",Dream Ocean adalah kapal phinisi mewah yang menawarkan pengalaman berlayar eksklusif di Komodo Island. Dilengkapi fasilitas premium dan pelayanan profesional.,https://phinisitrip.com/wp-content/uploads/2025/08/phinisitrip.webp,https://phinisitrip.com/labuan-bajo-dream-ocean/,phinisitrip.com,"Dream Ocean PRIVATE_TRIP 3D2N 11 Guests ac, dining area, lounge, snorkeling, labuan bajo, bar, snorkeling equipment, komodo, cabin, padar, pink beach, private charter, trekking, diving, kelor, kanawa, open trip","Dream Ocean PRIVATE_TRIP IDR 45.000.000 komodo, padar, pink beach, labuan bajo, kanawa, kelor ac, dining area, lounge, snorkeling, labuan bajo, bar, snorkeling equipment, komodo, cabin, padar, pink beach, private charter, trekking, diving, kelor, kanawa, open trip Dream Ocean adalah kapal phinisi mewah yang menawarkan pengalaman berlayar eksklusif di Komodo Island. Dilengkapi fasilitas premium dan pelayanan profesional.",dream ocean privatetrip komodo padar pink beach labu bajo kanawa kelor ac ning area lounge snorkeling labu bajo bar snorkeling equipment komodo cabin padar pink beach private charter trekking diving kelor kanawa open trip dream ocean mewah tawar alam layar eksklusif komodo island lengkap fasilitas premium layan profesional
Penyewaan Kapal Pesiar Mewah di Indonesia,Penyewaan Pesiar Mewah di Indonesia,VVIP,USD 5.900,5900,7 days,2 - 10 Guests,"komodo, padar, pink beach, labuan bajo, kanawa, kelor","bar, ac, cabin, lounge, diving equipment","snorkeling, diving, private charter, kayak","ac, lounge, snorkeling, kayak, labuan bajo, bar, komodo, cabin, padar, pink beach, private charter, diving equipment, kelor, diving, kanawa",Penyewaan Pesiar Mewah di Indonesia adalah kapal phinisi mewah yang menawarkan pengalaman berlayar eksklusif di Komodo Island. Dilengkapi fasilitas premium dan pelayanan profesional.,https://www.komodoluxury.com/wp-content/uploads/2026/01/prana-sailing-komodo-island-luxury.webp,https://www.komodoluxury.com/id/luxury-yacht-charter-indonesia/,www.komodoluxury.com,"Penyewaan Kapal Pesiar Mewah di Indonesia VVIP 7 days 2 - 10 Guests ac, lounge, snorkeling, kayak, labuan bajo, bar, komodo, cabin, padar, pink beach, private charter, diving equipment, kelor, diving, kanawa","Penyewaan Pesiar Mewah di Indonesia VVIP USD 5.900 komodo, padar, pink beach, labuan bajo, kanawa, kelor ac, lounge, snorkeling, kayak, labuan bajo, bar, komodo, cabin, padar, pink beach, private charter, diving equipment, kelor, diving, kanawa Penyewaan Pesiar Mewah di Indonesia adalah kapal phinisi mewah yang menawarkan pengalaman berlayar eksklusif di Komodo Island. Dilengkapi fasilitas premium dan pelayanan profesional.",sewa pesiar mewah indonesia vvip komodo padar pink beach labu bajo kanawa kelor ac lounge snorkeling kayak labu bajo bar komodo cabin padar pink beach private charter diving equipment kelor diving kanawa sewa pesiar mewah indonesia mewah tawar alam layar eksklusif komodo island lengkap fasilitas premium layan profesional
Sélection de bateaux VVIP sur l'île de Komodo,Sélection de bateaux VVIP sur l'île de,VVIP,-,0,-,2 - 10 Guests,"komodo, padar, pink beach, labuan bajo, kanawa, kelor","ac, cabin",kayak,"ac, kayak, labuan bajo, komodo, cabin, padar, pink beach, kelor, kanawa",Sélection de bateaux VVIP sur l'île de adalah kapal phinisi mewah yang menawarkan pengalaman berlayar eksklusif di Komodo Island. Dilengkapi fasilitas premium dan pelayanan profesional.,https://www.komodoluxury.com/wp-content/uploads/2024/07/SiDatuBua_024-scaled.webp,https://www.komodoluxury.com/fr/affretement-bateau/vvip/,www.komodoluxury.com,"Sélection de bateaux VVIP sur l'île de Komodo VVIP - 2 - 10 Guests ac, kayak, labuan bajo, komodo, cabin, padar, pink beach, kelor, kanawa","Sélection de bateaux VVIP sur l'île de VVIP - komodo, padar, pink beach, labuan bajo, kanawa, kelor ac, kayak, labuan bajo, komodo, cabin, padar, pink beach, kelor, kanawa Sélection de bateaux VVIP sur l'île de adalah kapal phinisi mewah yang menawarkan pengalaman berlayar eksklusif di Komodo Island. Dilengkapi fasilitas premium dan pelayanan profesional.",s lection de bateaux vvip sur l le de vvip komodo padar pink beach labu bajo kanawa kelor ac kayak labu bajo komodo cabin padar pink beach kelor kanawa s lection de bateaux vvip sur l le de mewah tawar alam layar eksklusif komodo island lengkap fasilitas premium layan profesional
Siaba Island Destination,Siaba Island Destination,VVIP,IDR 86.190.000,86190000,-,2 - 10 Guests,"komodo, padar, pink beach, labuan bajo, kanawa, kelor","bar, ac","snorkeling, diving, trekking","ac, snorkeling, labuan bajo, bar, komodo, padar, pink beach, trekking, diving, kelor, kanawa",Siaba Island Destination adalah kapal phinisi mewah yang menawarkan pengalaman berlayar eksklusif di Komodo Island. Dilengkapi fasilitas premium dan pelayanan profesional.,https://www.komodoluxury.com/wp-content/uploads/2024/07/pexels-ylanite-koppens-697662-2-2-1.jpg,https://www.komodoluxury.com/id/destination/komodo-national-park/siaba-island/,www.komodoluxury.com,"Siaba Island Destination VVIP - 2 - 10 Guests ac, snorkeling, labuan bajo, bar, komodo, padar, pink beach, trekking, diving, kelor, kanawa","Siaba Island Destination VVIP IDR 86.190.000 komodo, padar, pink beach, labuan bajo, kanawa, kelor ac, snorkeling, labuan bajo, bar, komodo, padar, pink beach, trekking, diving, kelor, kanawa Siaba Island Destination adalah kapal phinisi mewah yang menawarkan pengalaman berlayar eksklusif di Komodo Island. Dilengkapi fasilitas premium dan pelayanan profesional.",siaba island destination vvip komodo padar pink beach labu bajo kanawa kelor ac snorkeling labu bajo bar komodo padar pink beach trekking diving kelor kanawa siaba island destination mewah tawar alam layar eksklusif komodo island lengkap fasilitas premium layan profesional
Komodo to Lombok Boat Tour 4 Days 3 Nights,to Lombok 4 Days 3 Nights,VVIP,"IDR 12,250,000",12250000,4D3N,23 Guests,"komodo, padar, pink beach, labuan bajo, kanawa, kelor","jacuzzi, bar, ac, bathroom, cabin, dining area, lounge, snorkeling equipment, kitchen","snorkeling, trekking, island hopping, open trip","snorkeling, labuan bajo, cabin, pink beach, island hopping, kelor, kanawa, ac, lounge, komodo, padar, jacuzzi, bar, trekking, dining area, snorkeling equipment, kitchen, bathroom, open trip",to Lombok 4 Days 3 Nights adalah kapal phinisi mewah yang menawarkan pengalaman berlayar eksklusif di Komodo Island. Dilengkapi fasilitas premium dan pelayanan profesional.,https://www.komodoluxury.com/wp-content/uploads/2025/02/Exterior-Boat-2.webp,https://www.komodoluxury.com/id/tour-packages/lombok-tour-packages/komodo-to-lombok/,www.komodoluxury.com,"Komodo to Lombok Boat Tour 4 Days 3 Nights VVIP 4D3N 23 Guests snorkeling, labuan bajo, cabin, pink beach, island hopping, kelor, kanawa, ac, lounge, komodo, padar, jacuzzi, bar, trekking, dining area, snorkeling equipment, kitchen, bathroom, open trip","to Lombok 4 Days 3 Nights VVIP IDR 12,250,000 komodo, padar, pink beach, labuan bajo, kanawa, kelor snorkeling, labuan bajo, cabin, pink beach, island hopping, kelor, kanawa, ac, lounge, komodo, padar, jacuzzi, bar, trekking, dining area, snorkeling equipment, kitchen, bathroom, open trip to Lombok 4 Days 3 Nights adalah kapal phinisi mewah yang menawarkan pengalaman berlayar eksklusif di Komodo Island. Dilengkapi fasilitas premium dan pelayanan profesional.",lombok days nights vvip komodo padar pink beach labu bajo kanawa kelor snorkeling labu bajo cabin pink beach island hopping kelor kanawa ac lounge komodo padar jacuzzi bar trekking ning area snorkeling equipment kitchen bathroom open trip lombok days nights mewah tawar alam layar eksklusif komodo island lengkap fasilitas premium layan profesional
Warisan Tenun,Warisan Tenun,VVIP,-,0,-,2 - 10 Guests,"komodo, padar, pink beach, labuan bajo, kanawa, kelor","bar, ac",Private Charter,"Private Charter, ac, labuan bajo, bar, komodo, padar, pink beach, kelor, kanawa",Warisan Tenun adalah kapal phinisi mewah yang menawarkan pengalaman berlayar eksklusif di Komodo Island. Dilengkapi fasilitas premium dan pelayanan profesional.,https://www.komodoluxury.com/wp-content/uploads/2025/11/Heritage-Tenun-Exclusive-Tenun-Collections1.webp,https://www.komodoluxury.com/id/heritage-tenun/,www.komodoluxury.com,"Warisan Tenun VVIP - 2 - 10 Guests Private Charter, ac, labuan bajo, bar, komodo, padar, pink beach, kelor, kanawa","Warisan Tenun VVIP - komodo, padar, pink beach, labuan bajo, kanawa, kelor Private Charter, ac, labuan bajo, bar, komodo, padar, pink beach, kelor, kanawa Warisan Tenun adalah kapal phinisi mewah yang menawarkan pengalaman berlayar eksklusif di Komodo Island. Dilengkapi fasilitas premium dan pelayanan profesional.",waris tenun vvip komodo padar pink beach labu bajo kanawa kelor private charter ac labu bajo bar komodo padar pink beach kelor kanawa waris tenun mewah tawar alam layar eksklusif komodo island lengkap fasilitas premium layan profesional
Pulau Komodo Sumbawa | tour Komodo,Pulau Sumbawa |,VVIP,-,0,-,2 - 10 Guests,"komodo, padar, pink beach, labuan bajo, kanawa, kelor","bar, ac","snorkeling, trekking","ac, snorkeling, labuan bajo, bar, komodo, padar, pink beach, trekking, kelor, kanawa",Pulau Sumbawa | adalah kapal phinisi mewah yang menawarkan pengalaman berlayar eksklusif di Komodo Island. Dilengkapi fasilitas premium dan pelayanan profesional.,https://www.komodoluxury.com/wp-content/uploads/2024/12/Sunset-at-Padar-island-Komodo-Luxury.webp,https://www.komodoluxury.com/id/tour-packages/komodo-island-sailing-tour-packages/komodo-to-sumbawa/,www.komodoluxury.com,"Pulau Komodo Sumbawa | tour Komodo VVIP - 2 - 10 Guests ac, snorkeling, labuan bajo, bar, komodo, padar, pink beach, trekking, kelor, kanawa","Pulau Sumbawa | VVIP - komodo, padar, pink beach, labuan bajo, kanawa, kelor ac, snorkeling, labuan bajo, bar, komodo, padar, pink beach, trekking, kelor, kanawa Pulau Sumbawa | adalah kapal phinisi mewah yang menawarkan pengalaman berlayar eksklusif di Komodo Island. Dilengkapi fasilitas premium dan pelayanan profesional.",pulau sumbawa vvip komodo padar pink beach labu bajo kanawa kelor ac snorkeling labu bajo bar komodo padar pink beach trekking kelor kanawa pulau sumbawa mewah tawar alam layar eksklusif komodo island lengkap fasilitas premium layan profesional
LUXURY YACHT CHARTER KOMODO & PHINISI CRUISE INDONESIA,YACHT & CRUISE INDONESIA,VVIP,-,0,3D2N,14 Guests,"komodo, padar, pink beach, labuan bajo, kanawa, kelor","jacuzzi, ac, cabin","diving, private charter, open trip","ac, labuan bajo, komodo, cabin, padar, pink beach, private charter, jacuzzi, diving, kelor, kanawa, open trip",YACHT & CRUISE INDONESIA adalah kapal phinisi mewah yang menawarkan pengalaman berlayar eksklusif di Komodo Island. Dilengkapi fasilitas premium dan pelayanan profesional.,https://www.komodoluxury.com/wp-content/uploads/2026/04/prana-sailing-komodo-island-luxury2.webp,https://www.komodoluxury.commailto:sales@komodoluxury.com,www.komodoluxury.com,"LUXURY YACHT CHARTER KOMODO & PHINISI CRUISE INDONESIA VVIP 3D2N 14 Guests ac, labuan bajo, komodo, cabin, padar, pink beach, private charter, jacuzzi, diving, kelor, kanawa, open trip","YACHT & CRUISE INDONESIA VVIP - komodo, padar, pink beach, labuan bajo, kanawa, kelor ac, labuan bajo, komodo, cabin, padar, pink beach, private charter, jacuzzi, diving, kelor, kanawa, open trip YACHT & CRUISE INDONESIA adalah kapal phinisi mewah yang menawarkan pengalaman berlayar eksklusif di Komodo Island. Dilengkapi fasilitas premium dan pelayanan profesional.",yacht cruise indonesia vvip komodo padar pink beach labu bajo kanawa kelor ac labu bajo komodo cabin padar pink beach private charter jacuzzi diving kelor kanawa open trip yacht cruise indonesia mewah tawar alam layar eksklusif komodo island lengkap fasilitas premium layan profesional
Komodo Island Tour - 3D2N Komodo Tour,Island - 3D2N,VVIP,IDR 12.3,123,3D2N,21 Guests,"komodo, padar, pink beach, labuan bajo, kanawa, kelor","bar, ac, cabin","snorkeling, open trip","ac, snorkeling, labuan bajo, bar, komodo, cabin, padar, pink beach, open trip, kelor, kanawa",Island - 3D2N adalah kapal phinisi mewah yang menawarkan pengalaman berlayar eksklusif di Komodo Island. Dilengkapi fasilitas premium dan pelayanan profesional.,https://www.komodoluxury.com/wp-content/uploads/2025/07/Tripadvisor-Awards-2025-White.png,https://www.komodoluxury.com/id/tour-packages/komodo-island-sailing-tour-packages/3d2n-komodo-tour/,www.komodoluxury.com,"Komodo Island Tour - 3D2N Komodo Tour VVIP 3D2N 21 Guests ac, snorkeling, labuan bajo, bar, komodo, cabin, padar, pink beach, open trip, kelor, kanawa","Island - 3D2N VVIP IDR 12.3 komodo, padar, pink beach, labuan bajo, kanawa, kelor ac, snorkeling, labuan bajo, bar, komodo, cabin, padar, pink beach, open trip, kelor, kanawa Island - 3D2N adalah kapal phinisi mewah yang menawarkan pengalaman berlayar eksklusif di Komodo Island. Dilengkapi fasilitas premium dan pelayanan profesional.",island d n vvip komodo padar pink beach labu bajo kanawa kelor ac snorkeling labu bajo bar komodo cabin padar pink beach open trip kelor kanawa island d n mewah tawar alam layar eksklusif komodo island lengkap fasilitas premium layan profesional
Catnazse Kapal Pesiar,Catnazse Pesiar,VVIP,IDR 2.100.000,2100000,3D2N,18 Guests,"komodo, padar, pink beach, labuan bajo, kanawa, kelor","bar, ac, bathroom, cabin","snorkeling, diving, trekking, private charter, open trip","ac, snorkeling, labuan bajo, bar, komodo, cabin, padar, pink beach, bathroom, private charter, trekking, diving, kelor, kanawa, open trip",Catnazse Pesiar adalah kapal phinisi mewah yang menawarkan pengalaman berlayar eksklusif di Komodo Island. Dilengkapi fasilitas premium dan pelayanan profesional.,https://www.komodoluxury.com/wp-content/uploads/2024/11/catnasze-layar2-16x9_11zon_11zon.webp,https://www.komodoluxury.com/id/sewa-kapal/vip/catnazse-cruise-liveaboard/,www.komodoluxury.com,"Catnazse Kapal Pesiar VVIP 3D2N 18 Guests ac, snorkeling, labuan bajo, bar, komodo, cabin, padar, pink beach, bathroom, private charter, trekking, diving, kelor, kanawa, open trip","Catnazse Pesiar VVIP IDR 2.100.000 komodo, padar, pink beach, labuan bajo, kanawa, kelor ac, snorkeling, labuan bajo, bar, komodo, cabin, padar, pink beach, bathroom, private charter, trekking, diving, kelor, kanawa, open trip Catnazse Pesiar adalah kapal phinisi mewah yang menawarkan pengalaman berlayar eksklusif di Komodo Island. Dilengkapi fasilitas premium dan pelayanan profesional.",catnazse pesiar vvip komodo padar pink beach labu bajo kanawa kelor ac snorkeling labu bajo bar komodo cabin padar pink beach bathroom private charter trekking diving kelor kanawa open trip catnazse pesiar mewah tawar alam layar eksklusif komodo island lengkap fasilitas premium layan profesional
वीवीआईपी नाव चयन में कोमोडो द्वीप,वीवीआईपी नाव चयन में कोमोडो द्वीप,VVIP,-,0,4D3N,2 - 10 Guests,"komodo, pink beach",ac,Private Charter,"Private Charter, pink beach, ac, komodo",वीवीआईपी नाव चयन में कोमोडो द्वीप adalah kapal phinisi mewah yang menawarkan pengalaman berlayar eksklusif di Komodo Island. Dilengkapi fasilitas premium dan pelayanan profesional.,https://www.komodoluxury.com/wp-content/uploads/2024/07/SiDatuBua_024-scaled.webp,https://www.komodoluxury.com/hi/boat-charter/vvip/,www.komodoluxury.com,"वीवीआईपी नाव चयन में कोमोडो द्वीप VVIP 4D3N 2 - 10 Guests Private Charter, pink beach, ac, komodo","वीवीआईपी नाव चयन में कोमोडो द्वीप VVIP - komodo, pink beach Private Charter, pink beach, ac, komodo वीवीआईपी नाव चयन में कोमोडो द्वीप adalah kapal phinisi mewah yang menawarkan pengalaman berlayar eksklusif di Komodo Island. Dilengkapi fasilitas premium dan pelayanan profesional.",vvip komodo pink beach private charter pink beach ac komodo mewah tawar alam layar eksklusif komodo island lengkap fasilitas premium layan profesional
코모도섬의 VVIP 보트 선택,코모도섬의 VVIP 보트 선택,VVIP,-,0,-,2 - 10 Guests,"komodo, pink beach",ac,Private Charter,"Private Charter, pink beach, ac, komodo",코모도섬의 VVIP 보트 선택 adalah kapal phinisi mewah yang menawarkan pengalaman berlayar eksklusif di Komodo Island. Dilengkapi fasilitas premium dan pelayanan profesional.,https://www.komodoluxury.com/wp-content/uploads/2024/07/SiDatuBua_024-scaled.webp,https://www.komodoluxury.com/ko/boat-charter/vvip/,www.komodoluxury.com,"코모도섬의 VVIP 보트 선택 VVIP - 2 - 10 Guests Private Charter, pink beach, ac, komodo","코모도섬의 VVIP 보트 선택 VVIP - komodo, pink beach Private Charter, pink beach, ac, komodo 코모도섬의 VVIP 보트 선택 adalah kapal phinisi mewah yang menawarkan pengalaman berlayar eksklusif di Komodo Island. Dilengkapi fasilitas premium dan pelayanan profesional.",vvip vvip komodo pink beach private charter pink beach ac komodo vvip mewah tawar alam layar eksklusif komodo island lengkap fasilitas premium layan profesional
Exclusive Yacht and Boat Investment Opportunities in Indonesia,Exclusive Yacht and Investment Opportunities in Indonesia,VVIP,-,0,-,2 - 10 Guests,"komodo, padar, pink beach, labuan bajo, kanawa, kelor",ac,"diving, private charter","ac, labuan bajo, komodo, padar, pink beach, private charter, kelor, diving, kanawa",Exclusive Yacht and Investment Opportunities in Indonesia adalah kapal phinisi mewah yang menawarkan pengalaman berlayar eksklusif di Komodo Island. Dilengkapi fasilitas premium dan pelayanan profesional.,https://www.komodoluxury.com/wp-content/uploads/2024/12/Sailing-KL-2.webp,https://www.komodoluxury.com/id/services/boat-services/boat-investment/,www.komodoluxury.com,"Exclusive Yacht and Boat Investment Opportunities in Indonesia VVIP - 2 - 10 Guests ac, labuan bajo, komodo, padar, pink beach, private charter, kelor, diving, kanawa","Exclusive Yacht and Investment Opportunities in Indonesia VVIP - komodo, padar, pink beach, labuan bajo, kanawa, kelor ac, labuan bajo, komodo, padar, pink beach, private charter, kelor, diving, kanawa Exclusive Yacht and Investment Opportunities in Indonesia adalah kapal phinisi mewah yang menawarkan pengalaman berlayar eksklusif di Komodo Island. Dilengkapi fasilitas premium dan pelayanan profesional.",exclusive yacht investment opportunities in indonesia vvip komodo padar pink beach labu bajo kanawa kelor ac labu bajo komodo padar pink beach private charter kelor diving kanawa exclusive yacht investment opportunities in indonesia mewah tawar alam layar eksklusif komodo island lengkap fasilitas premium layan profesional
Speedboat Selection in Komodo Island,Speedboat Selection in Island,VVIP,"IDR 16,000,000",16000000,3 days,2 - 10 Guests,"komodo, padar, pink beach, labuan bajo, kanawa, kelor","bar, ac, cabin","snorkeling, diving, private charter, open trip","ac, snorkeling, labuan bajo, bar, komodo, cabin, padar, pink beach, private charter, open trip, diving, kelor, kanawa",Speedboat Selection in Island adalah kapal phinisi mewah yang menawarkan pengalaman berlayar eksklusif di Komodo Island. Dilengkapi fasilitas premium dan pelayanan profesional.,https://www.komodoluxury.com/wp-content/uploads/2024/07/Sea-Runner-Exterior-II-Komodo-Lu.webp,https://www.komodoluxury.com/id/sewa-kapal/speedboat/,www.komodoluxury.com,"Speedboat Selection in Komodo Island VVIP 3 days 2 - 10 Guests ac, snorkeling, labuan bajo, bar, komodo, cabin, padar, pink beach, private charter, open trip, diving, kelor, kanawa","Speedboat Selection in Island VVIP IDR 16,000,000 komodo, padar, pink beach, labuan bajo, kanawa, kelor ac, snorkeling, labuan bajo, bar, komodo, cabin, padar, pink beach, private charter, open trip, diving, kelor, kanawa Speedboat Selection in Island adalah kapal phinisi mewah yang menawarkan pengalaman berlayar eksklusif di Komodo Island. Dilengkapi fasilitas premium dan pelayanan profesional.",speedboat selection in island vvip komodo padar pink beach labu bajo kanawa kelor ac snorkeling labu bajo bar komodo cabin padar pink beach private charter open trip diving kelor kanawa speedboat selection in island mewah tawar alam layar eksklusif komodo island lengkap fasilitas premium layan profesional
Ayvara Cruises,Ayvara Cruises,VVIP,IDR 2.100.000,2100000,1 DAY,2 - 10 Guests,"komodo, padar, pink beach, labuan bajo, kanawa, kelor","bar, ac","snorkeling, trekking","ac, snorkeling, labuan bajo, bar, komodo, padar, pink beach, trekking, kelor, kanawa",Ayvara Cruises adalah kapal phinisi mewah yang menawarkan pengalaman berlayar eksklusif di Komodo Island. Dilengkapi fasilitas premium dan pelayanan profesional.,https://www.komodoluxury.com/wp-content/uploads/2025/06/Ayvara-Cruise-Exterior-16-9.webp,https://www.komodoluxury.com/id/sewa-kapal/vip/ayvara/,www.komodoluxury.com,"Ayvara Cruises VVIP 1 DAY 2 - 10 Guests ac, snorkeling, labuan bajo, bar, komodo, padar, pink beach, trekking, kelor, kanawa","Ayvara Cruises VVIP IDR 2.100.000 komodo, padar, pink beach, labuan bajo, kanawa, kelor ac, snorkeling, labuan bajo, bar, komodo, padar, pink beach, trekking, kelor, kanawa Ayvara Cruises adalah kapal phinisi mewah yang menawarkan pengalaman berlayar eksklusif di Komodo Island. Dilengkapi fasilitas premium dan pelayanan profesional.",ayvara cruises vvip komodo padar pink beach labu bajo kanawa kelor ac snorkeling labu bajo bar komodo padar pink beach trekking kelor kanawa ayvara cruises mewah tawar alam layar eksklusif komodo island lengkap fasilitas premium layan profesional
Manta Point Destination,Manta Point Destination,VVIP,IDR 86.190.000,86190000,-,500 Guests,"komodo, padar, pink beach, labuan bajo, kanawa, kelor","bar, ac","snorkeling, diving, trekking, private charter","ac, snorkeling, labuan bajo, bar, komodo, padar, pink beach, private charter, trekking, diving, kelor, kanawa",Manta Point Destination adalah kapal phinisi mewah yang menawarkan pengalaman berlayar eksklusif di Komodo Island. Dilengkapi fasilitas premium dan pelayanan profesional.,https://www.komodoluxury.com/wp-content/uploads/2024/07/pexels-ylanite-koppens-697662-2-2-1.jpg,https://www.komodoluxury.com/id/destination/komodo-national-park/manta-point/,www.komodoluxury.com,"Manta Point Destination VVIP - 500 Guests ac, snorkeling, labuan bajo, bar, komodo, padar, pink beach, private charter, trekking, diving, kelor, kanawa","Manta Point Destination VVIP IDR 86.190.000 komodo, padar, pink beach, labuan bajo, kanawa, kelor ac, snorkeling, labuan bajo, bar, komodo, padar, pink beach, private charter, trekking, diving, kelor, kanawa Manta Point Destination adalah kapal phinisi mewah yang menawarkan pengalaman berlayar eksklusif di Komodo Island. Dilengkapi fasilitas premium dan pelayanan profesional.",manta point destination vvip komodo padar pink beach labu bajo kanawa kelor ac snorkeling labu bajo bar komodo padar pink beach private charter trekking diving kelor kanawa manta point destination mewah tawar alam layar eksklusif komodo island lengkap fasilitas premium layan profesional
Perjalanan Terbuka Raja Ampat: Kapal Pesiar Mewah Bersama,Perjalanan Terbuka Raja Ampat: Pesiar Mewah Bersama,VVIP,-,0,4 days,16 Guests,"komodo, padar, pink beach, labuan bajo, kanawa, kelor","bar, ac, cabin","snorkeling, diving, open trip","ac, snorkeling, labuan bajo, bar, komodo, cabin, padar, pink beach, open trip, diving, kelor, kanawa",Perjalanan Terbuka Raja Ampat: Pesiar Mewah Bersama adalah kapal phinisi mewah yang menawarkan pengalaman berlayar eksklusif di Komodo Island. Dilengkapi fasilitas premium dan pelayanan profesional.,https://www.komodoluxury.com/wp-content/uploads/2024/12/Wayag-raja-ampat-komodo-luxury-3.webp,https://www.komodoluxury.com/id/tour-packages/raja-ampat-sailing-tour-packages/share-trip-raja-ampat/,www.komodoluxury.com,"Perjalanan Terbuka Raja Ampat: Kapal Pesiar Mewah Bersama VVIP 4 days 16 Guests ac, snorkeling, labuan bajo, bar, komodo, cabin, padar, pink beach, open trip, diving, kelor, kanawa","Perjalanan Terbuka Raja Ampat: Pesiar Mewah Bersama VVIP - komodo, padar, pink beach, labuan bajo, kanawa, kelor ac, snorkeling, labuan bajo, bar, komodo, cabin, padar, pink beach, open trip, diving, kelor, kanawa Perjalanan Terbuka Raja Ampat: Pesiar Mewah Bersama adalah kapal phinisi mewah yang menawarkan pengalaman berlayar eksklusif di Komodo Island. Dilengkapi fasilitas premium dan pelayanan profesional.",jalan buka raja ampat pesiar mewah sama vvip komodo padar pink beach labu bajo kanawa kelor ac snorkeling labu bajo bar komodo cabin padar pink beach open trip diving kelor kanawa jalan buka raja ampat pesiar mewah sama mewah tawar alam layar eksklusif komodo island lengkap fasilitas premium layan profesional
Komodo Luxury Paket Wisata,Paket Wisata,VVIP,IDR 86.190.000,86190000,11 days,2 - 10 Guests,"komodo, padar, pink beach, labuan bajo, kanawa, kelor","bar, ac","snorkeling, diving, trekking, open trip","ac, snorkeling, labuan bajo, bar, komodo, padar, pink beach, trekking, diving, kelor, kanawa, open trip",Paket Wisata adalah kapal phinisi mewah yang menawarkan pengalaman berlayar eksklusif di Komodo Island. Dilengkapi fasilitas premium dan pelayanan profesional.,https://www.komodoluxury.com/wp-content/uploads/2024/12/wayag-island-raja-ampat-komodo-luxury.webp,https://www.komodoluxury.com/id/tour-packages/,www.komodoluxury.com,"Komodo Luxury Paket Wisata VVIP 11 days 2 - 10 Guests ac, snorkeling, labuan bajo, bar, komodo, padar, pink beach, trekking, diving, kelor, kanawa, open trip","Paket Wisata VVIP IDR 86.190.000 komodo, padar, pink beach, labuan bajo, kanawa, kelor ac, snorkeling, labuan bajo, bar, komodo, padar, pink beach, trekking, diving, kelor, kanawa, open trip Paket Wisata adalah kapal phinisi mewah yang menawarkan pengalaman berlayar eksklusif di Komodo Island. Dilengkapi fasilitas premium dan pelayanan profesional.",paket wisata vvip komodo padar pink beach labu bajo kanawa kelor ac snorkeling labu bajo bar komodo padar pink beach trekking diving kelor kanawa open trip paket wisata mewah tawar alam layar eksklusif komodo island lengkap fasilitas premium layan profesional
VVIP-Boot Auswahl auf der Insel Komodo,VVIP-Boot Auswahl auf der Insel,VVIP,-,0,3D2N,2 - 10 Guests,"komodo, padar, pink beach, labuan bajo, kanawa, kelor","bar, ac",Private Charter,"Private Charter, ac, labuan bajo, bar, komodo, padar, pink beach, kelor, kanawa",VVIP-Boot Auswahl auf der Insel adalah kapal phinisi mewah yang menawarkan pengalaman berlayar eksklusif di Komodo Island. Dilengkapi fasilitas premium dan pelayanan profesional.,https://www.komodoluxury.com/wp-content/uploads/2024/07/SiDatuBua_024-scaled.webp,https://www.komodoluxury.com/de/bootscharter/vvip/,www.komodoluxury.com,"VVIP-Boot Auswahl auf der Insel Komodo VVIP 3D2N 2 - 10 Guests Private Charter, ac, labuan bajo, bar, komodo, padar, pink beach, kelor, kanawa","VVIP-Boot Auswahl auf der Insel VVIP - komodo, padar, pink beach, labuan bajo, kanawa, kelor Private Charter, ac, labuan bajo, bar, komodo, padar, pink beach, kelor, kanawa VVIP-Boot Auswahl auf der Insel adalah kapal phinisi mewah yang menawarkan pengalaman berlayar eksklusif di Komodo Island. Dilengkapi fasilitas premium dan pelayanan profesional.",vvipboot auswahl auf der insel vvip komodo padar pink beach labu bajo kanawa kelor private charter ac labu bajo bar komodo padar pink beach kelor kanawa vvipboot auswahl auf der insel mewah tawar alam layar eksklusif komodo island lengkap fasilitas premium layan profesional
"Pulau Wayag, destinasi Ampat","Pulau Wayag, destinasi Ampat",VVIP,IDR 86.190.000,86190000,-,2 - 10 Guests,"komodo, padar, pink beach, labuan bajo, kanawa, kelor","bar, ac","snorkeling, trekking, kayak","ac, snorkeling, kayak, labuan bajo, bar, komodo, padar, pink beach, trekking, kelor, kanawa","Pulau Wayag, destinasi Ampat adalah kapal phinisi mewah yang menawarkan pengalaman berlayar eksklusif di Komodo Island. Dilengkapi fasilitas premium dan pelayanan profesional.",https://www.komodoluxury.com/wp-content/uploads/2024/07/pexels-ylanite-koppens-697662-2-2-1.jpg,https://www.komodoluxury.com/id/destination/raja-ampat/wayag-island/,www.komodoluxury.com,"Pulau Wayag, destinasi Ampat VVIP - 2 - 10 Guests ac, snorkeling, kayak, labuan bajo, bar, komodo, padar, pink beach, trekking, kelor, kanawa","Pulau Wayag, destinasi Ampat VVIP IDR 86.190.000 komodo, padar, pink beach, labuan bajo, kanawa, kelor ac, snorkeling, kayak, labuan bajo, bar, komodo, padar, pink beach, trekking, kelor, kanawa Pulau Wayag, destinasi Ampat adalah kapal phinisi mewah yang menawarkan pengalaman berlayar eksklusif di Komodo Island. Dilengkapi fasilitas premium dan pelayanan profesional.",pulau wayag destinasi ampat vvip komodo padar pink beach labu bajo kanawa kelor ac snorkeling kayak labu bajo bar komodo padar pink beach trekking kelor kanawa pulau wayag destinasi ampat mewah tawar alam layar eksklusif komodo island lengkap fasilitas premium layan profesional
Sewa Kapal Raja Ampat,Sewa Raja Ampat,VVIP,USD 4.000,4000,-,2 - 10 Guests,"komodo, padar, pink beach, labuan bajo, kanawa, kelor","bar, ac","snorkeling, kayak","ac, snorkeling, kayak, labuan bajo, bar, komodo, padar, pink beach, kelor, kanawa",Sewa Raja Ampat adalah kapal phinisi mewah yang menawarkan pengalaman berlayar eksklusif di Komodo Island. Dilengkapi fasilitas premium dan pelayanan profesional.,https://www.komodoluxury.com/wp-content/uploads/2026/01/Lamima-Phinisi-Boat-Charter.webp,https://www.komodoluxury.com/id/raja-ampat-yacht-charter/,www.komodoluxury.com,"Sewa Kapal Raja Ampat VVIP - 2 - 10 Guests ac, snorkeling, kayak, labuan bajo, bar, komodo, padar, pink beach, kelor, kanawa","Sewa Raja Ampat VVIP USD 4.000 komodo, padar, pink beach, labuan bajo, kanawa, kelor ac, snorkeling, kayak, labuan bajo, bar, komodo, padar, pink beach, kelor, kanawa Sewa Raja Ampat adalah kapal phinisi mewah yang menawarkan pengalaman berlayar eksklusif di Komodo Island. Dilengkapi fasilitas premium dan pelayanan profesional.",sewa raja ampat vvip komodo padar pink beach labu bajo kanawa kelor ac snorkeling kayak labu bajo bar komodo padar pink beach kelor kanawa sewa raja ampat mewah tawar alam layar eksklusif komodo island lengkap fasilitas premium layan profesional
اختيار قوارب كبار الشخصيات في جزيرة كومودو,اختيار قوارب كبار الشخصيات في جزيرة كومودو,VVIP,-,0,3D2N,2 - 10 Guests,"komodo, padar, pink beach, labuan bajo, kanawa",ac,Private Charter,"Private Charter, ac, labuan bajo, komodo, padar, pink beach, kanawa",اختيار قوارب كبار الشخصيات في جزيرة كومودو adalah kapal phinisi mewah yang menawarkan pengalaman berlayar eksklusif di Komodo Island. Dilengkapi fasilitas premium dan pelayanan profesional.,https://www.komodoluxury.com/wp-content/uploads/2024/07/SiDatuBua_024-scaled.webp,https://www.komodoluxury.com/ar/boat-charter/vvip/,www.komodoluxury.com,"اختيار قوارب كبار الشخصيات في جزيرة كومودو VVIP 3D2N 2 - 10 Guests Private Charter, ac, labuan bajo, komodo, padar, pink beach, kanawa","اختيار قوارب كبار الشخصيات في جزيرة كومودو VVIP - komodo, padar, pink beach, labuan bajo, kanawa Private Charter, ac, labuan bajo, komodo, padar, pink beach, kanawa اختيار قوارب كبار الشخصيات في جزيرة كومودو adalah kapal phinisi mewah yang menawarkan pengalaman berlayar eksklusif di Komodo Island. Dilengkapi fasilitas premium dan pelayanan profesional.",vvip komodo padar pink beach labu bajo kanawa private charter ac labu bajo komodo padar pink beach kanawa mewah tawar alam layar eksklusif komodo island lengkap fasilitas premium layan profesional
Trip Pelayaran Komodo,Pelayaran,VVIP,-,0,-,2 - 10 Guests,"komodo, padar, pink beach, labuan bajo, kanawa, kelor","bar, ac","snorkeling, trekking, kayak","ac, snorkeling, kayak, labuan bajo, bar, komodo, padar, pink beach, trekking, kelor, kanawa",Pelayaran adalah kapal phinisi mewah yang menawarkan pengalaman berlayar eksklusif di Komodo Island. Dilengkapi fasilitas premium dan pelayanan profesional.,https://www.komodoluxury.com/wp-content/uploads/2026/03/Sailing-in-Komodo-Island-Luxury-Yacht-Charter-Komodo-Komodo-Luxury.webp,https://www.komodoluxury.com/id/perjalanan-berlayar-komodo/,www.komodoluxury.com,"Trip Pelayaran Komodo VVIP - 2 - 10 Guests ac, snorkeling, kayak, labuan bajo, bar, komodo, padar, pink beach, trekking, kelor, kanawa","Pelayaran VVIP - komodo, padar, pink beach, labuan bajo, kanawa, kelor ac, snorkeling, kayak, labuan bajo, bar, komodo, padar, pink beach, trekking, kelor, kanawa Pelayaran adalah kapal phinisi mewah yang menawarkan pengalaman berlayar eksklusif di Komodo Island. Dilengkapi fasilitas premium dan pelayanan profesional.",layar vvip komodo padar pink beach labu bajo kanawa kelor ac snorkeling kayak labu bajo bar komodo padar pink beach trekking kelor kanawa layar mewah tawar alam layar eksklusif komodo island lengkap fasilitas premium layan profesional
Dafalen Destination Raja Ampat,Dafalen Destination Raja Ampat,VVIP,IDR 86.190.000,86190000,-,2 - 10 Guests,"komodo, padar, pink beach, labuan bajo, kanawa, kelor","bar, ac, cabin","snorkeling, island hopping","ac, snorkeling, labuan bajo, bar, komodo, cabin, padar, pink beach, island hopping, kelor, kanawa",Dafalen Destination Raja Ampat adalah kapal phinisi mewah yang menawarkan pengalaman berlayar eksklusif di Komodo Island. Dilengkapi fasilitas premium dan pelayanan profesional.,https://www.komodoluxury.com/wp-content/uploads/2024/07/pexels-ylanite-koppens-697662-2-2-1.jpg,https://www.komodoluxury.com/id/destination/raja-ampat/dafalen/,www.komodoluxury.com,"Dafalen Destination Raja Ampat VVIP - 2 - 10 Guests ac, snorkeling, labuan bajo, bar, komodo, cabin, padar, pink beach, island hopping, kelor, kanawa","Dafalen Destination Raja Ampat VVIP IDR 86.190.000 komodo, padar, pink beach, labuan bajo, kanawa, kelor ac, snorkeling, labuan bajo, bar, komodo, cabin, padar, pink beach, island hopping, kelor, kanawa Dafalen Destination Raja Ampat adalah kapal phinisi mewah yang menawarkan pengalaman berlayar eksklusif di Komodo Island. Dilengkapi fasilitas premium dan pelayanan profesional.",dafalen destination raja ampat vvip komodo padar pink beach labu bajo kanawa kelor ac snorkeling labu bajo bar komodo cabin padar pink beach island hopping kelor kanawa dafalen destination raja ampat mewah tawar alam layar eksklusif komodo island lengkap fasilitas premium layan profesional
科莫多岛的VVIP游艇精选,科莫多岛的VVIP游艇精选,VVIP,-,0,3D2N,2 - 10 Guests,"komodo, pink beach, labuan bajo, kanawa",ac,Private Charter,"Private Charter, ac, labuan bajo, komodo, pink beach, kanawa",科莫多岛的VVIP游艇精选 adalah kapal phinisi mewah yang menawarkan pengalaman berlayar eksklusif di Komodo Island. Dilengkapi fasilitas premium dan pelayanan profesional.,https://www.komodoluxury.com/wp-content/uploads/2024/07/SiDatuBua_024-scaled.webp,https://www.komodoluxury.com/zh/boat-charter/vvip/,www.komodoluxury.com,"科莫多岛的VVIP游艇精选 VVIP 3D2N 2 - 10 Guests Private Charter, ac, labuan bajo, komodo, pink beach, kanawa","科莫多岛的VVIP游艇精选 VVIP - komodo, pink beach, labuan bajo, kanawa Private Charter, ac, labuan bajo, komodo, pink beach, kanawa 科莫多岛的VVIP游艇精选 adalah kapal phinisi mewah yang menawarkan pengalaman berlayar eksklusif di Komodo Island. Dilengkapi fasilitas premium dan pelayanan profesional.",vvip vvip komodo pink beach labu bajo kanawa private charter ac labu bajo komodo pink beach kanawa vvip mewah tawar alam layar eksklusif komodo island lengkap fasilitas premium layan profesional
"SOLUSI DIGITAL TERLENGKAP DI KOMODO & LABUAN BAJO: FOTOGRAFI, VIDEOGRAFI, PEMASARAN, DAN DESAIN WEB","SOLUSI DIGITAL TERLENGKAP DI & LABUAN BAJO: FOTOGRAFI, VIDEOGRAFI, PEMASARAN, DAN DESAIN WEB",VVIP,-,0,-,2 - 10 Guests,"komodo, padar, pink beach, labuan bajo, kanawa, kelor",ac,Private Charter,"Private Charter, ac, labuan bajo, komodo, padar, pink beach, kelor, kanawa","SOLUSI DIGITAL TERLENGKAP DI & LABUAN BAJO: FOTOGRAFI, VIDEOGRAFI, PEMASARAN, DAN DESAIN WEB adalah kapal phinisi mewah yang menawarkan pengalaman berlayar eksklusif di Komodo Island. Dilengkapi fasilitas premium dan pelayanan profesional.",https://www.komodoluxury.com/wp-content/uploads/2024/11/DJI_0389_11zon_11zon.webp,https://www.komodoluxury.com/id/services/digital/,www.komodoluxury.com,"SOLUSI DIGITAL TERLENGKAP DI KOMODO & LABUAN BAJO: FOTOGRAFI, VIDEOGRAFI, PEMASARAN, DAN DESAIN WEB VVIP - 2 - 10 Guests Private Charter, ac, labuan bajo, komodo, padar, pink beach, kelor, kanawa","SOLUSI DIGITAL TERLENGKAP DI & LABUAN BAJO: FOTOGRAFI, VIDEOGRAFI, PEMASARAN, DAN DESAIN WEB VVIP - komodo, padar, pink beach, labuan bajo, kanawa, kelor Private Charter, ac, labuan bajo, komodo, padar, pink beach, kelor, kanawa SOLUSI DIGITAL TERLENGKAP DI & LABUAN BAJO: FOTOGRAFI, VIDEOGRAFI, PEMASARAN, DAN DESAIN WEB adalah kapal phinisi mewah yang menawarkan pengalaman berlayar eksklusif di Komodo Island. Dilengkapi fasilitas premium dan pelayanan profesional.",solusi digital lengkap labu bajo fotografi videografi pasar desain web vvip komodo padar pink beach labu bajo kanawa kelor private charter ac labu bajo komodo padar pink beach kelor kanawa solusi digital lengkap labu bajo fotografi videografi pasar desain web mewah tawar alam layar eksklusif komodo island lengkap fasilitas premium layan profesional
PERJALANAN BERLAYAR PRIBADI EKSKLUSIF KE KOMODO,PERJALANAN BERLAYAR PRIBADI EKSKLUSIF KE,VVIP,IDR 86.190.000,86190000,-,15 Guests,"komodo, padar, pink beach, labuan bajo, kanawa, kelor","bar, ac, bathroom, cabin, dining area, lounge, diving equipment","snorkeling, diving, private charter","ac, dining area, lounge, snorkeling, labuan bajo, bar, komodo, cabin, padar, pink beach, bathroom, diving equipment, private charter, kelor, diving, kanawa",PERJALANAN BERLAYAR PRIBADI EKSKLUSIF KE adalah kapal phinisi mewah yang menawarkan pengalaman berlayar eksklusif di Komodo Island. Dilengkapi fasilitas premium dan pelayanan profesional.,https://www.komodoluxury.com/wp-content/uploads/2025/03/beach-setup-activity-komodo-luxury-5.webp,https://www.komodoluxury.com/id/tour-packages/komodo-island-sailing-tour-packages/private-trip/,www.komodoluxury.com,"PERJALANAN BERLAYAR PRIBADI EKSKLUSIF KE KOMODO VVIP - 15 Guests ac, dining area, lounge, snorkeling, labuan bajo, bar, komodo, cabin, padar, pink beach, bathroom, diving equipment, private charter, kelor, diving, kanawa","PERJALANAN BERLAYAR PRIBADI EKSKLUSIF KE VVIP IDR 86.190.000 komodo, padar, pink beach, labuan bajo, kanawa, kelor ac, dining area, lounge, snorkeling, labuan bajo, bar, komodo, cabin, padar, pink beach, bathroom, diving equipment, private charter, kelor, diving, kanawa PERJALANAN BERLAYAR PRIBADI EKSKLUSIF KE adalah kapal phinisi mewah yang menawarkan pengalaman berlayar eksklusif di Komodo Island. Dilengkapi fasilitas premium dan pelayanan profesional.",jalan layar pribadi eksklusif vvip komodo padar pink beach labu bajo kanawa kelor ac ning area lounge snorkeling labu bajo bar komodo cabin padar pink beach bathroom diving equipment private charter kelor diving kanawa jalan layar pribadi eksklusif mewah tawar alam layar eksklusif komodo island lengkap fasilitas premium layan profesional
DESTINASI MEWAH KOMODO,DESTINASI MEWAH,VVIP,IDR 86.190.000,86190000,-,2 - 10 Guests,"komodo, padar, pink beach, labuan bajo, kanawa, kelor","bar, ac","snorkeling, diving, trekking, island hopping, private charter","ac, snorkeling, labuan bajo, bar, komodo, padar, pink beach, island hopping, private charter, trekking, diving, kelor, kanawa",DESTINASI MEWAH adalah kapal phinisi mewah yang menawarkan pengalaman berlayar eksklusif di Komodo Island. Dilengkapi fasilitas premium dan pelayanan profesional.,https://www.komodoluxury.com/wp-content/uploads/2024/12/Padar-Island-Komodo-Luxury.webp,https://www.komodoluxury.com/id/destination/,www.komodoluxury.com,"DESTINASI MEWAH KOMODO VVIP - 2 - 10 Guests ac, snorkeling, labuan bajo, bar, komodo, padar, pink beach, island hopping, private charter, trekking, diving, kelor, kanawa","DESTINASI MEWAH VVIP IDR 86.190.000 komodo, padar, pink beach, labuan bajo, kanawa, kelor ac, snorkeling, labuan bajo, bar, komodo, padar, pink beach, island hopping, private charter, trekking, diving, kelor, kanawa DESTINASI MEWAH adalah kapal phinisi mewah yang menawarkan pengalaman berlayar eksklusif di Komodo Island. Dilengkapi fasilitas premium dan pelayanan profesional.",destinasi mewah vvip komodo padar pink beach labu bajo kanawa kelor ac snorkeling labu bajo bar komodo padar pink beach island hopping private charter trekking diving kelor kanawa destinasi mewah mewah tawar alam layar eksklusif komodo island lengkap fasilitas premium layan profesional
Naturalia,Naturalia,VVIP,IDR 2.100.000,2100000,3D2N,24 Guests,"komodo, padar, pink beach, labuan bajo, kanawa, kelor","jacuzzi, bar, ac, bathroom, cabin, lounge","snorkeling, diving, trekking, open trip","ac, lounge, snorkeling, labuan bajo, bar, komodo, cabin, padar, pink beach, trekking, bathroom, jacuzzi, diving, kelor, kanawa, open trip",Naturalia adalah kapal phinisi mewah yang menawarkan pengalaman berlayar eksklusif di Komodo Island. Dilengkapi fasilitas premium dan pelayanan profesional.,https://www.komodoluxury.com/wp-content/uploads/2026/01/Naturalia-Cruise-Exterior-1.webp,https://www.komodoluxury.com/id/sewa-kapal/vip/naturalia/,www.komodoluxury.com,"Naturalia VVIP 3D2N 24 Guests ac, lounge, snorkeling, labuan bajo, bar, komodo, cabin, padar, pink beach, trekking, bathroom, jacuzzi, diving, kelor, kanawa, open trip","Naturalia VVIP IDR 2.100.000 komodo, padar, pink beach, labuan bajo, kanawa, kelor ac, lounge, snorkeling, labuan bajo, bar, komodo, cabin, padar, pink beach, trekking, bathroom, jacuzzi, diving, kelor, kanawa, open trip Naturalia adalah kapal phinisi mewah yang menawarkan pengalaman berlayar eksklusif di Komodo Island. Dilengkapi fasilitas premium dan pelayanan profesional.",naturalia vvip komodo padar pink beach labu bajo kanawa kelor ac lounge snorkeling labu bajo bar komodo cabin padar pink beach trekking bathroom jacuzzi diving kelor kanawa open trip naturalia mewah tawar alam layar eksklusif komodo island lengkap fasilitas premium layan profesional
Lombok to Flores Boat Trip (4 Days 3 Nights Sailing Tour),Lombok to Flores (4 Days 3 Nights Sailing ),VVIP,"IDR 12,500,000",12500000,4D3N,2 - 10 Guests,"komodo, padar, pink beach, labuan bajo, kanawa, kelor","sun deck, jacuzzi, bar, ac, bathroom, cabin, dining area, snorkeling equipment","snorkeling, trekking, open trip","ac, dining area, snorkeling, labuan bajo, bar, sun deck, snorkeling equipment, cabin, komodo, padar, pink beach, trekking, bathroom, jacuzzi, kelor, kanawa, open trip",Lombok to Flores (4 Days 3 Nights Sailing ) adalah kapal phinisi mewah yang menawarkan pengalaman berlayar eksklusif di Komodo Island. Dilengkapi fasilitas premium dan pelayanan profesional.,https://www.komodoluxury.com/wp-content/uploads/2024/11/lombok-tour-package.webp,https://www.komodoluxury.com/id/tour-packages/lombok-tour-packages/lombok-to-flores/,www.komodoluxury.com,"Lombok to Flores Boat Trip (4 Days 3 Nights Sailing Tour) VVIP 4D3N 2 - 10 Guests ac, dining area, snorkeling, labuan bajo, bar, sun deck, snorkeling equipment, cabin, komodo, padar, pink beach, trekking, bathroom, jacuzzi, kelor, kanawa, open trip","Lombok to Flores (4 Days 3 Nights Sailing ) VVIP IDR 12,500,000 komodo, padar, pink beach, labuan bajo, kanawa, kelor ac, dining area, snorkeling, labuan bajo, bar, sun deck, snorkeling equipment, cabin, komodo, padar, pink beach, trekking, bathroom, jacuzzi, kelor, kanawa, open trip Lombok to Flores (4 Days 3 Nights Sailing ) adalah kapal phinisi mewah yang menawarkan pengalaman berlayar eksklusif di Komodo Island. Dilengkapi fasilitas premium dan pelayanan profesional.",lombok flores days nights sailing vvip komodo padar pink beach labu bajo kanawa kelor ac ning area snorkeling labu bajo bar sun deck snorkeling equipment cabin komodo padar pink beach trekking bathroom jacuzzi kelor kanawa open trip lombok flores days nights sailing mewah tawar alam layar eksklusif komodo island lengkap fasilitas premium layan profesional
Tur Perahu Cepat Premium Raja Ampat,Tur Perahu Cepat Premium Raja Ampat,VVIP,-,0,9D8N,2 - 10 Guests,"komodo, padar, pink beach, labuan bajo, kanawa, kelor","bar, ac","snorkeling, diving, island hopping","ac, snorkeling, labuan bajo, bar, komodo, padar, pink beach, island hopping, kelor, diving, kanawa",Tur Perahu Cepat Premium Raja Ampat adalah kapal phinisi mewah yang menawarkan pengalaman berlayar eksklusif di Komodo Island. Dilengkapi fasilitas premium dan pelayanan profesional.,https://www.komodoluxury.com/wp-content/uploads/2024/12/Wayag-raja-ampat-komodo-luxury-3.webp,https://www.komodoluxury.com/id/tour-packages/raja-ampat-sailing-tour-packages/speedboat-raja-ampat/,www.komodoluxury.com,"Tur Perahu Cepat Premium Raja Ampat VVIP 9D8N 2 - 10 Guests ac, snorkeling, labuan bajo, bar, komodo, padar, pink beach, island hopping, kelor, diving, kanawa","Tur Perahu Cepat Premium Raja Ampat VVIP - komodo, padar, pink beach, labuan bajo, kanawa, kelor ac, snorkeling, labuan bajo, bar, komodo, padar, pink beach, island hopping, kelor, diving, kanawa Tur Perahu Cepat Premium Raja Ampat adalah kapal phinisi mewah yang menawarkan pengalaman berlayar eksklusif di Komodo Island. Dilengkapi fasilitas premium dan pelayanan profesional.",tur perahu cepat premium raja ampat vvip komodo padar pink beach labu bajo kanawa kelor ac snorkeling labu bajo bar komodo padar pink beach island hopping kelor diving kanawa tur perahu cepat premium raja ampat mewah tawar alam layar eksklusif komodo island lengkap fasilitas premium layan profesional
Lamima,Lamima,VVIP,USD 27.000,27000,1 DAY,14 Guests,"komodo, padar, pink beach, labuan bajo, kanawa, kelor","sun deck, bar, ac, bathroom, cabin, snorkeling equipment, diving equipment","snorkeling, diving, trekking, kayak","ac, snorkeling, kayak, labuan bajo, bar, sun deck, snorkeling equipment, cabin, komodo, padar, pink beach, bathroom, diving equipment, trekking, diving, kelor, kanawa",Lamima adalah kapal phinisi mewah yang menawarkan pengalaman berlayar eksklusif di Komodo Island. Dilengkapi fasilitas premium dan pelayanan profesional.,https://www.komodoluxury.com/wp-content/uploads/2024/07/LAMIMA_11zon_11zon-1.webp,https://www.komodoluxury.com/id/sewa-kapal/vvip/lamima-phinisi/,www.komodoluxury.com,"Lamima VVIP 1 DAY 14 Guests ac, snorkeling, kayak, labuan bajo, bar, sun deck, snorkeling equipment, cabin, komodo, padar, pink beach, bathroom, diving equipment, trekking, diving, kelor, kanawa","Lamima VVIP USD 27.000 komodo, padar, pink beach, labuan bajo, kanawa, kelor ac, snorkeling, kayak, labuan bajo, bar, sun deck, snorkeling equipment, cabin, komodo, padar, pink beach, bathroom, diving equipment, trekking, diving, kelor, kanawa Lamima adalah kapal phinisi mewah yang menawarkan pengalaman berlayar eksklusif di Komodo Island. Dilengkapi fasilitas premium dan pelayanan profesional.",lamima vvip komodo padar pink beach labu bajo kanawa kelor ac snorkeling kayak labu bajo bar sun deck snorkeling equipment cabin komodo padar pink beach bathroom diving equipment trekking diving kelor kanawa lamima mewah tawar alam layar eksklusif komodo island lengkap fasilitas premium layan profesional
VVIP Boat Selection in Komodo Island,VVIP Selection in Island,VVIP,USD 4.200,4200,-,28 Guests,"komodo, pink beach, labuan bajo","ac, cabin, dining area, snorkeling equipment","snorkeling, diving, private charter, kayak","ac, dining area, snorkeling, kayak, labuan bajo, snorkeling equipment, komodo, cabin, pink beach, private charter, diving",VVIP Selection in Island adalah kapal phinisi mewah yang menawarkan pengalaman berlayar eksklusif di Komodo Island. Dilengkapi fasilitas premium dan pelayanan profesional.,https://www.komodoluxury.com/wp-content/uploads/2024/07/SiDatuBua_024-scaled.webp,https://www.komodoluxury.com/uk/boat-charter/vvip/,www.komodoluxury.com,"VVIP Boat Selection in Komodo Island VVIP - 28 Guests ac, dining area, snorkeling, kayak, labuan bajo, snorkeling equipment, komodo, cabin, pink beach, private charter, diving","VVIP Selection in Island VVIP USD 4.200 komodo, pink beach, labuan bajo ac, dining area, snorkeling, kayak, labuan bajo, snorkeling equipment, komodo, cabin, pink beach, private charter, diving VVIP Selection in Island adalah kapal phinisi mewah yang menawarkan pengalaman berlayar eksklusif di Komodo Island. Dilengkapi fasilitas premium dan pelayanan profesional.",vvip selection in island vvip komodo pink beach labu bajo ac ning area snorkeling kayak labu bajo snorkeling equipment komodo cabin pink beach private charter diving vvip selection in island mewah tawar alam layar eksklusif komodo island lengkap fasilitas premium layan profesional
sewa kapal mewah Komodo: Rasakan Pengalaman Berlayar Pribadi Terbaik Rasakan,sewa mewah : Rasakan Pengalaman Berlayar Pribadi Terbaik Rasakan,VVIP,USD 5.900,5900,2D1N,22 Guests,"komodo, padar, pink beach, labuan bajo, kanawa, kelor","bar, ac, cabin","snorkeling, diving, trekking, private charter","ac, snorkeling, labuan bajo, bar, komodo, cabin, padar, pink beach, private charter, trekking, diving, kelor, kanawa",sewa mewah : Rasakan Pengalaman Berlayar Pribadi Terbaik Rasakan adalah kapal phinisi mewah yang menawarkan pengalaman berlayar eksklusif di Komodo Island. Dilengkapi fasilitas premium dan pelayanan profesional.,https://www.komodoluxury.com/wp-content/uploads/2026/01/Lamima-Phinisi-Boat-Charter.webp,https://www.komodoluxury.com/id/sewa-kapal-mewah-komodo/,www.komodoluxury.com,"sewa kapal mewah Komodo: Rasakan Pengalaman Berlayar Pribadi Terbaik Rasakan VVIP 2D1N 22 Guests ac, snorkeling, labuan bajo, bar, komodo, cabin, padar, pink beach, private charter, trekking, diving, kelor, kanawa","sewa mewah : Rasakan Pengalaman Berlayar Pribadi Terbaik Rasakan VVIP USD 5.900 komodo, padar, pink beach, labuan bajo, kanawa, kelor ac, snorkeling, labuan bajo, bar, komodo, cabin, padar, pink beach, private charter, trekking, diving, kelor, kanawa sewa mewah : Rasakan Pengalaman Berlayar Pribadi Terbaik Rasakan adalah kapal phinisi mewah yang menawarkan pengalaman berlayar eksklusif di Komodo Island. Dilengkapi fasilitas premium dan pelayanan profesional.",sewa mewah rasa alam layar pribadi baik rasa vvip komodo padar pink beach labu bajo kanawa kelor ac snorkeling labu bajo bar komodo cabin padar pink beach private charter trekking diving kelor kanawa sewa mewah rasa alam layar pribadi baik rasa mewah tawar alam layar eksklusif komodo island lengkap fasilitas premium layan profesional
Komodo Luxury Layanan,Layanan,VVIP,-,0,-,2 - 10 Guests,"komodo, padar, pink beach, labuan bajo, kanawa, kelor",ac,snorkeling,"ac, snorkeling, labuan bajo, komodo, padar, pink beach, kelor, kanawa",Layanan adalah kapal phinisi mewah yang menawarkan pengalaman berlayar eksklusif di Komodo Island. Dilengkapi fasilitas premium dan pelayanan profesional.,https://www.komodoluxury.com/wp-content/uploads/2024/07/SiDatuBua_01-scaled.webp,https://www.komodoluxury.com/id/services/,www.komodoluxury.com,"Komodo Luxury Layanan VVIP - 2 - 10 Guests ac, snorkeling, labuan bajo, komodo, padar, pink beach, kelor, kanawa","Layanan VVIP - komodo, padar, pink beach, labuan bajo, kanawa, kelor ac, snorkeling, labuan bajo, komodo, padar, pink beach, kelor, kanawa Layanan adalah kapal phinisi mewah yang menawarkan pengalaman berlayar eksklusif di Komodo Island. Dilengkapi fasilitas premium dan pelayanan profesional.",layan vvip komodo padar pink beach labu bajo kanawa kelor ac snorkeling labu bajo komodo padar pink beach kelor kanawa layan mewah tawar alam layar eksklusif komodo island lengkap fasilitas premium layan profesional
Selección de embarcaciones VVIP en Isla de Komodo,Selección de embarcaciones VVIP en Isla de,VVIP,-,0,-,2 - 10 Guests,"komodo, padar, pink beach, labuan bajo, kanawa, kelor","bar, ac, cabin",kayak,"ac, kayak, labuan bajo, bar, komodo, cabin, padar, pink beach, kelor, kanawa",Selección de embarcaciones VVIP en Isla de adalah kapal phinisi mewah yang menawarkan pengalaman berlayar eksklusif di Komodo Island. Dilengkapi fasilitas premium dan pelayanan profesional.,https://www.komodoluxury.com/wp-content/uploads/2024/07/SiDatuBua_024-scaled.webp,https://www.komodoluxury.com/es/boat-charter/vvip/,www.komodoluxury.com,"Selección de embarcaciones VVIP en Isla de Komodo VVIP - 2 - 10 Guests ac, kayak, labuan bajo, bar, komodo, cabin, padar, pink beach, kelor, kanawa","Selección de embarcaciones VVIP en Isla de VVIP - komodo, padar, pink beach, labuan bajo, kanawa, kelor ac, kayak, labuan bajo, bar, komodo, cabin, padar, pink beach, kelor, kanawa Selección de embarcaciones VVIP en Isla de adalah kapal phinisi mewah yang menawarkan pengalaman berlayar eksklusif di Komodo Island. Dilengkapi fasilitas premium dan pelayanan profesional.",selecci n de embarcaciones vvip en isla de vvip komodo padar pink beach labu bajo kanawa kelor ac kayak labu bajo bar komodo cabin padar pink beach kelor kanawa selecci n de embarcaciones vvip en isla de mewah tawar alam layar eksklusif komodo island lengkap fasilitas premium layan profesional
Harfat Destination Raja Ampat,Harfat Destination Raja Ampat,VVIP,IDR 86.190.000,86190000,-,2 - 10 Guests,"komodo, padar, pink beach, labuan bajo, kanawa, kelor","bar, ac",trekking,"ac, labuan bajo, bar, komodo, padar, pink beach, trekking, kelor, kanawa",Harfat Destination Raja Ampat adalah kapal phinisi mewah yang menawarkan pengalaman berlayar eksklusif di Komodo Island. Dilengkapi fasilitas premium dan pelayanan profesional.,https://www.komodoluxury.com/wp-content/uploads/2024/07/pexels-ylanite-koppens-697662-2-2-1.jpg,https://www.komodoluxury.com/id/destination/raja-ampat/harfat/,www.komodoluxury.com,"Harfat Destination Raja Ampat VVIP - 2 - 10 Guests ac, labuan bajo, bar, komodo, padar, pink beach, trekking, kelor, kanawa","Harfat Destination Raja Ampat VVIP IDR 86.190.000 komodo, padar, pink beach, labuan bajo, kanawa, kelor ac, labuan bajo, bar, komodo, padar, pink beach, trekking, kelor, kanawa Harfat Destination Raja Ampat adalah kapal phinisi mewah yang menawarkan pengalaman berlayar eksklusif di Komodo Island. Dilengkapi fasilitas premium dan pelayanan profesional.",harfat destination raja ampat vvip komodo padar pink beach labu bajo kanawa kelor ac labu bajo bar komodo padar pink beach trekking kelor kanawa harfat destination raja ampat mewah tawar alam layar eksklusif komodo island lengkap fasilitas premium layan profesional
sewa kapal mewah di sewa kapal & Raja Ampat,sewa mewah di sewa & Raja Ampat,VVIP,"IDR 11.800.000,",11800000,-,2 - 10 Guests,"komodo, padar, pink beach, labuan bajo, kanawa, kelor","bar, ac","snorkeling, trekking, kayak","ac, snorkeling, kayak, labuan bajo, bar, komodo, padar, pink beach, trekking, kelor, kanawa",sewa mewah di sewa & Raja Ampat adalah kapal phinisi mewah yang menawarkan pengalaman berlayar eksklusif di Komodo Island. Dilengkapi fasilitas premium dan pelayanan profesional.,https://www.komodoluxury.com/wp-content/uploads/2025/10/elbark-cruise-phinisi-boat-by-komodo-luxury.webp,https://www.komodoluxury.com/id/sewa-kapal/,www.komodoluxury.com,"sewa kapal mewah di sewa kapal & Raja Ampat VVIP - 2 - 10 Guests ac, snorkeling, kayak, labuan bajo, bar, komodo, padar, pink beach, trekking, kelor, kanawa","sewa mewah di sewa & Raja Ampat VVIP IDR 11.800.000, komodo, padar, pink beach, labuan bajo, kanawa, kelor ac, snorkeling, kayak, labuan bajo, bar, komodo, padar, pink beach, trekking, kelor, kanawa sewa mewah di sewa & Raja Ampat adalah kapal phinisi mewah yang menawarkan pengalaman berlayar eksklusif di Komodo Island. Dilengkapi fasilitas premium dan pelayanan profesional.",sewa mewah sewa raja ampat vvip komodo padar pink beach labu bajo kanawa kelor ac snorkeling kayak labu bajo bar komodo padar pink beach trekking kelor kanawa sewa mewah sewa raja ampat mewah tawar alam layar eksklusif komodo island lengkap fasilitas premium layan profesional
Tur Helikopter Eksklusif di Atas Taman Nasional Komodo Labuan Bajo,Tur Helikopter Eksklusif di Atas Taman Nasional Labuan Bajo,VVIP,USD 975,975,-,2 - 10 Guests,"komodo, padar, pink beach, labuan bajo, kanawa, kelor","bar, ac",Private Charter,"Private Charter, ac, labuan bajo, bar, komodo, padar, pink beach, kelor, kanawa",Tur Helikopter Eksklusif di Atas Taman Nasional Labuan Bajo adalah kapal phinisi mewah yang menawarkan pengalaman berlayar eksklusif di Komodo Island. Dilengkapi fasilitas premium dan pelayanan profesional.,https://www.komodoluxury.com/wp-content/uploads/2025/06/top-of-komodo-heli-tour-kl.webp,https://www.komodoluxury.com/id/services/heli-tour/,www.komodoluxury.com,"Tur Helikopter Eksklusif di Atas Taman Nasional Komodo Labuan Bajo VVIP - 2 - 10 Guests Private Charter, ac, labuan bajo, bar, komodo, padar, pink beach, kelor, kanawa","Tur Helikopter Eksklusif di Atas Taman Nasional Labuan Bajo VVIP USD 975 komodo, padar, pink beach, labuan bajo, kanawa, kelor Private Charter, ac, labuan bajo, bar, komodo, padar, pink beach, kelor, kanawa Tur Helikopter Eksklusif di Atas Taman Nasional Labuan Bajo adalah kapal phinisi mewah yang menawarkan pengalaman berlayar eksklusif di Komodo Island. Dilengkapi fasilitas premium dan pelayanan profesional.",tur helikopter eksklusif atas taman nasional labu bajo vvip komodo padar pink beach labu bajo kanawa kelor private charter ac labu bajo bar komodo padar pink beach kelor kanawa tur helikopter eksklusif atas taman nasional labu bajo mewah tawar alam layar eksklusif komodo island lengkap fasilitas premium layan profesional
Perjalanan Perahu Flores Lombok 4 Hari 3 Malam,Perjalanan Perahu Flores Lombok 4 Hari 3 Malam,VVIP,"IDR 12,250,000",12250000,4D3N,2 - 10 Guests,"komodo, padar, pink beach, labuan bajo, kanawa, kelor","jacuzzi, bar, ac, bathroom, cabin, dining area, lounge, snorkeling equipment, kitchen","snorkeling, trekking, open trip","ac, dining area, lounge, snorkeling, labuan bajo, bar, snorkeling equipment, komodo, cabin, kitchen, padar, trekking, pink beach, bathroom, jacuzzi, kelor, kanawa, open trip",Perjalanan Perahu Flores Lombok 4 Hari 3 Malam adalah kapal phinisi mewah yang menawarkan pengalaman berlayar eksklusif di Komodo Island. Dilengkapi fasilitas premium dan pelayanan profesional.,https://www.komodoluxury.com/wp-content/uploads/2025/02/Exterior-Boat-2.webp,https://www.komodoluxury.com/id/tour-packages/lombok-tour-packages/flores-to-lombok/,www.komodoluxury.com,"Perjalanan Perahu Flores Lombok 4 Hari 3 Malam VVIP 4D3N 2 - 10 Guests ac, dining area, lounge, snorkeling, labuan bajo, bar, snorkeling equipment, komodo, cabin, kitchen, padar, trekking, pink beach, bathroom, jacuzzi, kelor, kanawa, open trip","Perjalanan Perahu Flores Lombok 4 Hari 3 Malam VVIP IDR 12,250,000 komodo, padar, pink beach, labuan bajo, kanawa, kelor ac, dining area, lounge, snorkeling, labuan bajo, bar, snorkeling equipment, komodo, cabin, kitchen, padar, trekking, pink beach, bathroom, jacuzzi, kelor, kanawa, open trip Perjalanan Perahu Flores Lombok 4 Hari 3 Malam adalah kapal phinisi mewah yang menawarkan pengalaman berlayar eksklusif di Komodo Island. Dilengkapi fasilitas premium dan pelayanan profesional.",jalan perahu flores lombok hari malam vvip komodo padar pink beach labu bajo kanawa kelor ac ning area lounge snorkeling labu bajo bar snorkeling equipment komodo cabin kitchen padar trekking pink beach bathroom jacuzzi kelor kanawa open trip jalan perahu flores lombok hari malam mewah tawar alam layar eksklusif komodo island lengkap fasilitas premium layan profesional
Komodo Luxury Day Trip,Day,VVIP,IDR 1.450.000,1450000,-,2 - 10 Guests,"komodo, padar, pink beach, labuan bajo, kanawa, kelor","bar, ac, cabin","snorkeling, private charter, open trip","ac, snorkeling, labuan bajo, bar, komodo, cabin, padar, pink beach, private charter, open trip, kelor, kanawa",Day adalah kapal phinisi mewah yang menawarkan pengalaman berlayar eksklusif di Komodo Island. Dilengkapi fasilitas premium dan pelayanan profesional.,https://www.komodoluxury.com/wp-content/uploads/2025/01/Sea-Escape-Speedboat-3.webp,https://www.komodoluxury.com/id/tour-packages/komodo-island-sailing-tour-packages/one-day-trip/,www.komodoluxury.com,"Komodo Luxury Day Trip VVIP - 2 - 10 Guests ac, snorkeling, labuan bajo, bar, komodo, cabin, padar, pink beach, private charter, open trip, kelor, kanawa","Day VVIP IDR 1.450.000 komodo, padar, pink beach, labuan bajo, kanawa, kelor ac, snorkeling, labuan bajo, bar, komodo, cabin, padar, pink beach, private charter, open trip, kelor, kanawa Day adalah kapal phinisi mewah yang menawarkan pengalaman berlayar eksklusif di Komodo Island. Dilengkapi fasilitas premium dan pelayanan profesional.",day vvip komodo padar pink beach labu bajo kanawa kelor ac snorkeling labu bajo bar komodo cabin padar pink beach private charter open trip kelor kanawa day mewah tawar alam layar eksklusif komodo island lengkap fasilitas premium layan profesional
コモド島でのVVIP向けボート選び,コモド島でのVVIP向けボート選び,VVIP,-,0,-,2 - 10 Guests,"komodo, pink beach",ac,Private Charter,"Private Charter, pink beach, ac, komodo",コモド島でのVVIP向けボート選び adalah kapal phinisi mewah yang menawarkan pengalaman berlayar eksklusif di Komodo Island. Dilengkapi fasilitas premium dan pelayanan profesional.,https://www.komodoluxury.com/wp-content/uploads/2024/07/SiDatuBua_024-scaled.webp,https://www.komodoluxury.com/ja/boat-charter/vvip/,www.komodoluxury.com,"コモド島でのVVIP向けボート選び VVIP - 2 - 10 Guests Private Charter, pink beach, ac, komodo","コモド島でのVVIP向けボート選び VVIP - komodo, pink beach Private Charter, pink beach, ac, komodo コモド島でのVVIP向けボート選び adalah kapal phinisi mewah yang menawarkan pengalaman berlayar eksklusif di Komodo Island. Dilengkapi fasilitas premium dan pelayanan profesional.",vvip vvip komodo pink beach private charter pink beach ac komodo vvip mewah tawar alam layar eksklusif komodo island lengkap fasilitas premium layan profesional
Tentang Komodo Luxury,Tentang,VVIP,"USD,",0,-,2 - 10 Guests,"komodo, padar, pink beach, labuan bajo, kanawa, kelor","bar, ac, cabin","snorkeling, diving, island hopping","ac, snorkeling, labuan bajo, bar, komodo, cabin, padar, pink beach, island hopping, kelor, diving, kanawa",Tentang adalah kapal phinisi mewah yang menawarkan pengalaman berlayar eksklusif di Komodo Island. Dilengkapi fasilitas premium dan pelayanan profesional.,https://www.komodoluxury.com/wp-content/uploads/2025/09/Pink-Beach-Komodo-Komodo-Island-Tour-Komodo-Luxury42.webp,https://www.komodoluxury.com/id/tentang-kami/,www.komodoluxury.com,"Tentang Komodo Luxury VVIP - 2 - 10 Guests ac, snorkeling, labuan bajo, bar, komodo, cabin, padar, pink beach, island hopping, kelor, diving, kanawa","Tentang VVIP USD, komodo, padar, pink beach, labuan bajo, kanawa, kelor ac, snorkeling, labuan bajo, bar, komodo, cabin, padar, pink beach, island hopping, kelor, diving, kanawa Tentang adalah kapal phinisi mewah yang menawarkan pengalaman berlayar eksklusif di Komodo Island. Dilengkapi fasilitas premium dan pelayanan profesional.",vvip komodo padar pink beach labu bajo kanawa kelor ac snorkeling labu bajo bar komodo cabin padar pink beach island hopping kelor diving kanawa mewah tawar alam layar eksklusif komodo island lengkap fasilitas premium layan profesional
Luxury Komodo Tour Packages by Phinisi Yacht,by Yacht,VVIP,IDR 123.500.000,123500000,3D2N,2 - 10 Guests,"komodo, padar, pink beach, labuan bajo, kanawa, kelor","bar, ac, bathroom, cabin","snorkeling, diving, trekking, island hopping, private charter","ac, snorkeling, labuan bajo, bar, komodo, cabin, padar, pink beach, island hopping, bathroom, private charter, trekking, diving, kelor, kanawa",by Yacht adalah kapal phinisi mewah yang menawarkan pengalaman berlayar eksklusif di Komodo Island. Dilengkapi fasilitas premium dan pelayanan profesional.,https://www.komodoluxury.com/wp-content/uploads/2025/09/Exterior-Kayra-Phinisi-2.webp,https://www.komodoluxury.com/id/tour-packages/komodo-island-sailing-tour-packages/,www.komodoluxury.com,"Luxury Komodo Tour Packages by Phinisi Yacht VVIP 3D2N 2 - 10 Guests ac, snorkeling, labuan bajo, bar, komodo, cabin, padar, pink beach, island hopping, bathroom, private charter, trekking, diving, kelor, kanawa","by Yacht VVIP IDR 123.500.000 komodo, padar, pink beach, labuan bajo, kanawa, kelor ac, snorkeling, labuan bajo, bar, komodo, cabin, padar, pink beach, island hopping, bathroom, private charter, trekking, diving, kelor, kanawa by Yacht adalah kapal phinisi mewah yang menawarkan pengalaman berlayar eksklusif di Komodo Island. Dilengkapi fasilitas premium dan pelayanan profesional.",by yacht vvip komodo padar pink beach labu bajo kanawa kelor ac snorkeling labu bajo bar komodo cabin padar pink beach island hopping bathroom private charter trekking diving kelor kanawa by yacht mewah tawar alam layar eksklusif komodo island lengkap fasilitas premium layan profesional
"A World of Adventure, Exclusively for You","A World of Adventure, Exclusively for You",VVIP,IDR 86.190.000,86190000,-,2 - 10 Guests,"komodo, padar, pink beach, labuan bajo, kanawa, kelor","bar, ac, cabin","snorkeling, diving","ac, snorkeling, labuan bajo, bar, komodo, cabin, padar, pink beach, kelor, diving, kanawa","A World of Adventure, Exclusively for You adalah kapal phinisi mewah yang menawarkan pengalaman berlayar eksklusif di Komodo Island. Dilengkapi fasilitas premium dan pelayanan profesional.",https://www.komodoluxury.com/wp-content/uploads/2025/03/Triton-Bay-Tours-Kaimana-Tours-Luxury-Phinisi-Komodo-Luxury-7.webp,https://www.komodoluxury.com/id/destination/triton-bay-and-kaimana/,www.komodoluxury.com,"A World of Adventure, Exclusively for You VVIP - 2 - 10 Guests ac, snorkeling, labuan bajo, bar, komodo, cabin, padar, pink beach, kelor, diving, kanawa","A World of Adventure, Exclusively for You VVIP IDR 86.190.000 komodo, padar, pink beach, labuan bajo, kanawa, kelor ac, snorkeling, labuan bajo, bar, komodo, cabin, padar, pink beach, kelor, diving, kanawa A World of Adventure, Exclusively for You adalah kapal phinisi mewah yang menawarkan pengalaman berlayar eksklusif di Komodo Island. Dilengkapi fasilitas premium dan pelayanan profesional.",a world adventure exclusively for you vvip komodo padar pink beach labu bajo kanawa kelor ac snorkeling labu bajo bar komodo cabin padar pink beach kelor diving kanawa a world adventure exclusively for you mewah tawar alam layar eksklusif komodo island lengkap fasilitas premium layan profesional
Investment in Komodo Island & Labuan Bajo: Luxury Real Estate Opportunities,Investment in Island & Labuan Bajo: Real Estate Opportunities,VVIP,-,0,-,2 - 10 Guests,"komodo, padar, pink beach, labuan bajo, kanawa, kelor",ac,Private Charter,"Private Charter, ac, labuan bajo, komodo, padar, pink beach, kelor, kanawa",Investment in Island & Labuan Bajo: Real Estate Opportunities adalah kapal phinisi mewah yang menawarkan pengalaman berlayar eksklusif di Komodo Island. Dilengkapi fasilitas premium dan pelayanan profesional.,https://www.komodoluxury.com/wp-content/uploads/2025/12/luxury-villa-on-clifftop-in-labuan-bajo-on-sunset-with-luxury-phnisi-sailing.webp,https://www.komodoluxury.com/id/services/invest-komodo-labuan-bajo/,www.komodoluxury.com,"Investment in Komodo Island & Labuan Bajo: Luxury Real Estate Opportunities VVIP - 2 - 10 Guests Private Charter, ac, labuan bajo, komodo, padar, pink beach, kelor, kanawa","Investment in Island & Labuan Bajo: Real Estate Opportunities VVIP - komodo, padar, pink beach, labuan bajo, kanawa, kelor Private Charter, ac, labuan bajo, komodo, padar, pink beach, kelor, kanawa Investment in Island & Labuan Bajo: Real Estate Opportunities adalah kapal phinisi mewah yang menawarkan pengalaman berlayar eksklusif di Komodo Island. Dilengkapi fasilitas premium dan pelayanan profesional.",investment in island labu bajo real estate opportunities vvip komodo padar pink beach labu bajo kanawa kelor private charter ac labu bajo komodo padar pink beach kelor kanawa investment in island labu bajo real estate opportunities mewah tawar alam layar eksklusif komodo island lengkap fasilitas premium layan profesional
Discover the Finest Stays in Komodo Island and Labuan Bajo,Discover the Finest Stays in Island and Labuan Bajo,VVIP,-,0,-,2 - 10 Guests,"komodo, padar, pink beach, labuan bajo, kanawa, kelor","restaurant, bar, ac",Private Charter,"Private Charter, ac, labuan bajo, bar, restaurant, komodo, padar, pink beach, kelor, kanawa",Discover the Finest Stays in Island and Labuan Bajo adalah kapal phinisi mewah yang menawarkan pengalaman berlayar eksklusif di Komodo Island. Dilengkapi fasilitas premium dan pelayanan profesional.,https://www.komodoluxury.com/wp-content/uploads/2025/06/Taaktana-source-marriott.webp,https://www.komodoluxury.com/id/services/luxury-accommodation/,www.komodoluxury.com,"Discover the Finest Stays in Komodo Island and Labuan Bajo VVIP - 2 - 10 Guests Private Charter, ac, labuan bajo, bar, restaurant, komodo, padar, pink beach, kelor, kanawa","Discover the Finest Stays in Island and Labuan Bajo VVIP - komodo, padar, pink beach, labuan bajo, kanawa, kelor Private Charter, ac, labuan bajo, bar, restaurant, komodo, padar, pink beach, kelor, kanawa Discover the Finest Stays in Island and Labuan Bajo adalah kapal phinisi mewah yang menawarkan pengalaman berlayar eksklusif di Komodo Island. Dilengkapi fasilitas premium dan pelayanan profesional.",discover finest stays in island labu bajo vvip komodo padar pink beach labu bajo kanawa kelor private charter ac labu bajo bar restaurant komodo padar pink beach kelor kanawa discover finest stays in island labu bajo mewah tawar alam layar eksklusif komodo island lengkap fasilitas premium layan profesional
Paket Mewah Eksklusif: Hemat Lebih Banyak untuk Liburan Impian Anda di Indonesia,Paket Mewah Eksklusif: Hemat Lebih Banyak untuk Liburan Impian Anda di Indonesia,VVIP,IDR 400,400,3D2N,2 - 10 Guests,"komodo, padar, pink beach, labuan bajo, kanawa, kelor","bar, ac, cabin, snorkeling equipment",snorkeling,"ac, snorkeling, labuan bajo, bar, snorkeling equipment, komodo, cabin, padar, pink beach, kelor, kanawa",Paket Mewah Eksklusif: Hemat Lebih Banyak untuk Liburan Impian Anda di Indonesia adalah kapal phinisi mewah yang menawarkan pengalaman berlayar eksklusif di Komodo Island. Dilengkapi fasilitas premium dan pelayanan profesional.,https://www.komodoluxury.com/wp-content/uploads/2024/12/Green-Padar-On-Desember.webp,https://www.komodoluxury.com/id/bundle-package/,www.komodoluxury.com,"Paket Mewah Eksklusif: Hemat Lebih Banyak untuk Liburan Impian Anda di Indonesia VVIP 3D2N 2 - 10 Guests ac, snorkeling, labuan bajo, bar, snorkeling equipment, komodo, cabin, padar, pink beach, kelor, kanawa","Paket Mewah Eksklusif: Hemat Lebih Banyak untuk Liburan Impian Anda di Indonesia VVIP IDR 400 komodo, padar, pink beach, labuan bajo, kanawa, kelor ac, snorkeling, labuan bajo, bar, snorkeling equipment, komodo, cabin, padar, pink beach, kelor, kanawa Paket Mewah Eksklusif: Hemat Lebih Banyak untuk Liburan Impian Anda di Indonesia adalah kapal phinisi mewah yang menawarkan pengalaman berlayar eksklusif di Komodo Island. Dilengkapi fasilitas premium dan pelayanan profesional.",paket mewah eksklusif hemat lebih banyak libur impi indonesia vvip komodo padar pink beach labu bajo kanawa kelor ac snorkeling labu bajo bar snorkeling equipment komodo cabin padar pink beach kelor kanawa paket mewah eksklusif hemat lebih banyak libur impi indonesia mewah tawar alam layar eksklusif komodo island lengkap fasilitas premium layan profesional
Wellness Yacht Charter Indonesia,Wellness Yacht Indonesia,VVIP,-,0,-,2 - 10 Guests,"komodo, padar, pink beach, labuan bajo, kanawa, kelor","bar, ac, cabin",Private Charter,"Private Charter, ac, labuan bajo, bar, komodo, cabin, padar, pink beach, kelor, kanawa",Wellness Yacht Indonesia adalah kapal phinisi mewah yang menawarkan pengalaman berlayar eksklusif di Komodo Island. Dilengkapi fasilitas premium dan pelayanan profesional.,https://www.komodoluxury.com/wp-content/uploads/2026/04/The-Maj-Oceanic-Yoga.webp,https://www.komodoluxury.com/id/yacht-wellness/,www.komodoluxury.com,"Wellness Yacht Charter Indonesia VVIP - 2 - 10 Guests Private Charter, ac, labuan bajo, bar, komodo, cabin, padar, pink beach, kelor, kanawa","Wellness Yacht Indonesia VVIP - komodo, padar, pink beach, labuan bajo, kanawa, kelor Private Charter, ac, labuan bajo, bar, komodo, cabin, padar, pink beach, kelor, kanawa Wellness Yacht Indonesia adalah kapal phinisi mewah yang menawarkan pengalaman berlayar eksklusif di Komodo Island. Dilengkapi fasilitas premium dan pelayanan profesional.",wellness yacht indonesia vvip komodo padar pink beach labu bajo kanawa kelor private charter ac labu bajo bar komodo cabin padar pink beach kelor kanawa wellness yacht indonesia mewah tawar alam layar eksklusif komodo island lengkap fasilitas premium layan profesional
Malca Perjalanan,Malca Perjalanan,VVIP,IDR 2.100.000,2100000,3D2N,21 Guests,"komodo, padar, pink beach, labuan bajo, kanawa, kelor","jacuzzi, bar, ac, bathroom, cabin, lounge, diving equipment","snorkeling, diving, trekking, private charter","ac, lounge, snorkeling, labuan bajo, bar, komodo, cabin, padar, pink beach, trekking, bathroom, diving equipment, private charter, jacuzzi, diving, kelor, kanawa",Malca Perjalanan adalah kapal phinisi mewah yang menawarkan pengalaman berlayar eksklusif di Komodo Island. Dilengkapi fasilitas premium dan pelayanan profesional.,https://www.komodoluxury.com/wp-content/uploads/2024/07/MALCA_11zon_11zon.webp,https://www.komodoluxury.com/id/sewa-kapal/vip/malca-voyages/,www.komodoluxury.com,"Malca Perjalanan VVIP 3D2N 21 Guests ac, lounge, snorkeling, labuan bajo, bar, komodo, cabin, padar, pink beach, trekking, bathroom, diving equipment, private charter, jacuzzi, diving, kelor, kanawa","Malca Perjalanan VVIP IDR 2.100.000 komodo, padar, pink beach, labuan bajo, kanawa, kelor ac, lounge, snorkeling, labuan bajo, bar, komodo, cabin, padar, pink beach, trekking, bathroom, diving equipment, private charter, jacuzzi, diving, kelor, kanawa Malca Perjalanan adalah kapal phinisi mewah yang menawarkan pengalaman berlayar eksklusif di Komodo Island. Dilengkapi fasilitas premium dan pelayanan profesional.",malca jalan vvip komodo padar pink beach labu bajo kanawa kelor ac lounge snorkeling labu bajo bar komodo cabin padar pink beach trekking bathroom diving equipment private charter jacuzzi diving kelor kanawa malca jalan mewah tawar alam layar eksklusif komodo island lengkap fasilitas premium layan profesional
Labuan Bajo Yacht Rental: Your Gateway to Komodo National Park Tour,Labuan Bajo Yacht Rental: Your Gateway to National Park,VVIP,"USD 5,000",5000,2D1N,14 Guests,"komodo, padar, pink beach, labuan bajo, kanawa, kelor","wifi, sun deck, jacuzzi, bar, ac, cabin, snorkeling equipment, diving equipment","snorkeling, diving, trekking, private charter, open trip, kayak","snorkeling, labuan bajo, sun deck, cabin, pink beach, diving equipment, kelor, kanawa, ac, komodo, padar, private charter, jacuzzi, wifi, diving, kayak, bar, trekking, snorkeling equipment, open trip",Labuan Bajo Yacht Rental: Your Gateway to National Park adalah kapal phinisi mewah yang menawarkan pengalaman berlayar eksklusif di Komodo Island. Dilengkapi fasilitas premium dan pelayanan profesional.,https://www.komodoluxury.com/wp-content/uploads/2025/12/exterior-vela-phinisi6.webp,https://www.komodoluxury.com/id/sewa-kapal-labuan-bajo/,www.komodoluxury.com,"Labuan Bajo Yacht Rental: Your Gateway to Komodo National Park Tour VVIP 2D1N 14 Guests snorkeling, labuan bajo, sun deck, cabin, pink beach, diving equipment, kelor, kanawa, ac, komodo, padar, private charter, jacuzzi, wifi, diving, kayak, bar, trekking, snorkeling equipment, open trip","Labuan Bajo Yacht Rental: Your Gateway to National Park VVIP USD 5,000 komodo, padar, pink beach, labuan bajo, kanawa, kelor snorkeling, labuan bajo, sun deck, cabin, pink beach, diving equipment, kelor, kanawa, ac, komodo, padar, private charter, jacuzzi, wifi, diving, kayak, bar, trekking, snorkeling equipment, open trip Labuan Bajo Yacht Rental: Your Gateway to National Park adalah kapal phinisi mewah yang menawarkan pengalaman berlayar eksklusif di Komodo Island. Dilengkapi fasilitas premium dan pelayanan profesional.",labu bajo yacht rental your gateway national park vvip komodo padar pink beach labu bajo kanawa kelor snorkeling labu bajo sun deck cabin pink beach diving equipment kelor kanawa ac komodo padar private charter jacuzzi wifi diving kayak bar trekking snorkeling equipment open trip labu bajo yacht rental your gateway national park mewah tawar alam layar eksklusif komodo island lengkap fasilitas premium layan profesional
Nikmati Tur Pribadi Terbaik di Raja Ampat,Nikmati Tur Pribadi Terbaik di Raja Ampat,VVIP,IDR 86.190.000,86190000,7 days,2 - 10 Guests,"komodo, padar, pink beach, labuan bajo, kanawa, kelor","jacuzzi, bar, ac, cabin","snorkeling, diving, open trip","ac, snorkeling, labuan bajo, bar, komodo, cabin, padar, pink beach, jacuzzi, diving, kelor, kanawa, open trip",Nikmati Tur Pribadi Terbaik di Raja Ampat adalah kapal phinisi mewah yang menawarkan pengalaman berlayar eksklusif di Komodo Island. Dilengkapi fasilitas premium dan pelayanan profesional.,https://www.komodoluxury.com/wp-content/uploads/2024/12/Wayag-raja-ampat-komodo-luxury-3.webp,https://www.komodoluxury.com/id/tour-packages/raja-ampat-sailing-tour-packages/private-trip-raja-ampat/,www.komodoluxury.com,"Nikmati Tur Pribadi Terbaik di Raja Ampat VVIP 7 days 2 - 10 Guests ac, snorkeling, labuan bajo, bar, komodo, cabin, padar, pink beach, jacuzzi, diving, kelor, kanawa, open trip","Nikmati Tur Pribadi Terbaik di Raja Ampat VVIP IDR 86.190.000 komodo, padar, pink beach, labuan bajo, kanawa, kelor ac, snorkeling, labuan bajo, bar, komodo, cabin, padar, pink beach, jacuzzi, diving, kelor, kanawa, open trip Nikmati Tur Pribadi Terbaik di Raja Ampat adalah kapal phinisi mewah yang menawarkan pengalaman berlayar eksklusif di Komodo Island. Dilengkapi fasilitas premium dan pelayanan profesional.",nikmat tur pribadi baik raja ampat vvip komodo padar pink beach labu bajo kanawa kelor ac snorkeling labu bajo bar komodo cabin padar pink beach jacuzzi diving kelor kanawa open trip nikmat tur pribadi baik raja ampat mewah tawar alam layar eksklusif komodo island lengkap fasilitas premium layan profesional
การคัดเลือกเรือ VVIP ที่เกาะโคโมโด,การคัดเลือกเรือ VVIP ที่เกาะโคโมโด,VVIP,-,0,-,2 - 10 Guests,"komodo, pink beach, labuan bajo",ac,Private Charter,"Private Charter, ac, labuan bajo, komodo, pink beach",การคัดเลือกเรือ VVIP ที่เกาะโคโมโด adalah kapal phinisi mewah yang menawarkan pengalaman berlayar eksklusif di Komodo Island. Dilengkapi fasilitas premium dan pelayanan profesional.,https://www.komodoluxury.com/wp-content/uploads/2024/07/SiDatuBua_024-scaled.webp,https://www.komodoluxury.com/th/boat-charter/vvip/,www.komodoluxury.com,"การคัดเลือกเรือ VVIP ที่เกาะโคโมโด VVIP - 2 - 10 Guests Private Charter, ac, labuan bajo, komodo, pink beach","การคัดเลือกเรือ VVIP ที่เกาะโคโมโด VVIP - komodo, pink beach, labuan bajo Private Charter, ac, labuan bajo, komodo, pink beach การคัดเลือกเรือ VVIP ที่เกาะโคโมโด adalah kapal phinisi mewah yang menawarkan pengalaman berlayar eksklusif di Komodo Island. Dilengkapi fasilitas premium dan pelayanan profesional.",vvip vvip komodo pink beach labu bajo private charter ac labu bajo komodo pink beach vvip mewah tawar alam layar eksklusif komodo island lengkap fasilitas premium layan profesional
Manjarite Island Destination,Manjarite Island Destination,VVIP,IDR 86.190.000,86190000,-,2 - 10 Guests,"komodo, padar, pink beach, labuan bajo, kanawa, kelor","bar, ac","snorkeling, diving, trekking","ac, snorkeling, labuan bajo, bar, komodo, padar, pink beach, trekking, diving, kelor, kanawa",Manjarite Island Destination adalah kapal phinisi mewah yang menawarkan pengalaman berlayar eksklusif di Komodo Island. Dilengkapi fasilitas premium dan pelayanan profesional.,https://www.komodoluxury.com/wp-content/uploads/2024/07/pexels-ylanite-koppens-697662-2-2-1.jpg,https://www.komodoluxury.com/id/destination/komodo-national-park/manjarite-island/,www.komodoluxury.com,"Manjarite Island Destination VVIP - 2 - 10 Guests ac, snorkeling, labuan bajo, bar, komodo, padar, pink beach, trekking, diving, kelor, kanawa","Manjarite Island Destination VVIP IDR 86.190.000 komodo, padar, pink beach, labuan bajo, kanawa, kelor ac, snorkeling, labuan bajo, bar, komodo, padar, pink beach, trekking, diving, kelor, kanawa Manjarite Island Destination adalah kapal phinisi mewah yang menawarkan pengalaman berlayar eksklusif di Komodo Island. Dilengkapi fasilitas premium dan pelayanan profesional.",manjarite island destination vvip komodo padar pink beach labu bajo kanawa kelor ac snorkeling labu bajo bar komodo padar pink beach trekking diving kelor kanawa manjarite island destination mewah tawar alam layar eksklusif komodo island lengkap fasilitas premium layan profesional
Magia II,Magia II,VVIP,IDR 2.100.000,2100000,1 DAY,2 - 10 Guests,"komodo, padar, pink beach, labuan bajo, kanawa, kelor","jacuzzi, bar, ac, cabin","snorkeling, trekking","ac, snorkeling, labuan bajo, bar, komodo, cabin, padar, pink beach, trekking, jacuzzi, kelor, kanawa",Magia II adalah kapal phinisi mewah yang menawarkan pengalaman berlayar eksklusif di Komodo Island. Dilengkapi fasilitas premium dan pelayanan profesional.,https://www.komodoluxury.com/wp-content/uploads/2024/07/MAGIA-II.webp,https://www.komodoluxury.com/id/sewa-kapal/vvip/magia-ii/,www.komodoluxury.com,"Magia II VVIP 1 DAY 2 - 10 Guests ac, snorkeling, labuan bajo, bar, komodo, cabin, padar, pink beach, trekking, jacuzzi, kelor, kanawa","Magia II VVIP IDR 2.100.000 komodo, padar, pink beach, labuan bajo, kanawa, kelor ac, snorkeling, labuan bajo, bar, komodo, cabin, padar, pink beach, trekking, jacuzzi, kelor, kanawa Magia II adalah kapal phinisi mewah yang menawarkan pengalaman berlayar eksklusif di Komodo Island. Dilengkapi fasilitas premium dan pelayanan profesional.",magia ii vvip komodo padar pink beach labu bajo kanawa kelor ac snorkeling labu bajo bar komodo cabin padar pink beach trekking jacuzzi kelor kanawa magia ii mewah tawar alam layar eksklusif komodo island lengkap fasilitas premium layan profesional
Sauwandarek Destination Raja Ampat,Sauwandarek Destination Raja Ampat,VVIP,IDR 86.190.000,86190000,-,2 - 10 Guests,"komodo, padar, pink beach, labuan bajo, kanawa, kelor","bar, ac","snorkeling, diving","ac, snorkeling, labuan bajo, bar, komodo, padar, pink beach, kelor, diving, kanawa",Sauwandarek Destination Raja Ampat adalah kapal phinisi mewah yang menawarkan pengalaman berlayar eksklusif di Komodo Island. Dilengkapi fasilitas premium dan pelayanan profesional.,https://www.komodoluxury.com/wp-content/uploads/2024/07/pexels-ylanite-koppens-697662-2-2-1.jpg,https://www.komodoluxury.com/id/destination/raja-ampat/sauwandarek/,www.komodoluxury.com,"Sauwandarek Destination Raja Ampat VVIP - 2 - 10 Guests ac, snorkeling, labuan bajo, bar, komodo, padar, pink beach, kelor, diving, kanawa","Sauwandarek Destination Raja Ampat VVIP IDR 86.190.000 komodo, padar, pink beach, labuan bajo, kanawa, kelor ac, snorkeling, labuan bajo, bar, komodo, padar, pink beach, kelor, diving, kanawa Sauwandarek Destination Raja Ampat adalah kapal phinisi mewah yang menawarkan pengalaman berlayar eksklusif di Komodo Island. Dilengkapi fasilitas premium dan pelayanan profesional.",sauwandarek destination raja ampat vvip komodo padar pink beach labu bajo kanawa kelor ac snorkeling labu bajo bar komodo padar pink beach kelor diving kanawa sauwandarek destination raja ampat mewah tawar alam layar eksklusif komodo island lengkap fasilitas premium layan profesional
科莫多島的 VVIP 遊艇精選,科莫多島的 VVIP 遊艇精選,VVIP,-,0,-,2 - 10 Guests,"komodo, pink beach, labuan bajo",ac,Private Charter,"Private Charter, ac, labuan bajo, komodo, pink beach",科莫多島的 VVIP 遊艇精選 adalah kapal phinisi mewah yang menawarkan pengalaman berlayar eksklusif di Komodo Island. Dilengkapi fasilitas premium dan pelayanan profesional.,https://www.komodoluxury.com/wp-content/uploads/2024/07/SiDatuBua_024-scaled.webp,https://www.komodoluxury.com/zh-tw/boat-charter/vvip/,www.komodoluxury.com,"科莫多島的 VVIP 遊艇精選 VVIP - 2 - 10 Guests Private Charter, ac, labuan bajo, komodo, pink beach","科莫多島的 VVIP 遊艇精選 VVIP - komodo, pink beach, labuan bajo Private Charter, ac, labuan bajo, komodo, pink beach 科莫多島的 VVIP 遊艇精選 adalah kapal phinisi mewah yang menawarkan pengalaman berlayar eksklusif di Komodo Island. Dilengkapi fasilitas premium dan pelayanan profesional.",vvip vvip komodo pink beach labu bajo private charter ac labu bajo komodo pink beach vvip mewah tawar alam layar eksklusif komodo island lengkap fasilitas premium layan profesional
Raja Ampat Liveaboard & Luxury Boat Charter Rentals,Raja Ampat & Rentals,VVIP,IDR 86.190.000,86190000,-,2 - 10 Guests,"komodo, padar, pink beach, labuan bajo, kanawa, kelor","bar, ac, cabin, dining area","snorkeling, diving, island hopping, kayak","ac, dining area, snorkeling, kayak, labuan bajo, bar, komodo, cabin, padar, pink beach, island hopping, kelor, diving, kanawa",Raja Ampat & Rentals adalah kapal phinisi mewah yang menawarkan pengalaman berlayar eksklusif di Komodo Island. Dilengkapi fasilitas premium dan pelayanan profesional.,https://www.komodoluxury.com/wp-content/uploads/2024/12/raja-ampat-sailing-liveaboard-diving-snorkeling-2.webp,https://www.komodoluxury.com/id/boat-charter-raja-ampat/,www.komodoluxury.com,"Raja Ampat Liveaboard & Luxury Boat Charter Rentals VVIP - 2 - 10 Guests ac, dining area, snorkeling, kayak, labuan bajo, bar, komodo, cabin, padar, pink beach, island hopping, kelor, diving, kanawa","Raja Ampat & Rentals VVIP IDR 86.190.000 komodo, padar, pink beach, labuan bajo, kanawa, kelor ac, dining area, snorkeling, kayak, labuan bajo, bar, komodo, cabin, padar, pink beach, island hopping, kelor, diving, kanawa Raja Ampat & Rentals adalah kapal phinisi mewah yang menawarkan pengalaman berlayar eksklusif di Komodo Island. Dilengkapi fasilitas premium dan pelayanan profesional.",raja ampat rentals vvip komodo padar pink beach labu bajo kanawa kelor ac ning area snorkeling kayak labu bajo bar komodo cabin padar pink beach island hopping kelor diving kanawa raja ampat rentals mewah tawar alam layar eksklusif komodo island lengkap fasilitas premium layan profesional
Lombok Boat Tour Package: Sailing Between Lombok and Flores,Lombok : Sailing Between Lombok and Flores,VVIP,-,0,4 days,2 - 10 Guests,"komodo, padar, pink beach, labuan bajo, kanawa, kelor","bar, ac",snorkeling,"ac, snorkeling, labuan bajo, bar, komodo, padar, pink beach, kelor, kanawa",Lombok : Sailing Between Lombok and Flores adalah kapal phinisi mewah yang menawarkan pengalaman berlayar eksklusif di Komodo Island. Dilengkapi fasilitas premium dan pelayanan profesional.,https://www.komodoluxury.com/wp-content/uploads/2024/07/EMPEROR-RAJA-LAUT_11zon.webp,https://www.komodoluxury.com/id/tour-packages/lombok-tour-packages/,www.komodoluxury.com,"Lombok Boat Tour Package: Sailing Between Lombok and Flores VVIP 4 days 2 - 10 Guests ac, snorkeling, labuan bajo, bar, komodo, padar, pink beach, kelor, kanawa","Lombok : Sailing Between Lombok and Flores VVIP - komodo, padar, pink beach, labuan bajo, kanawa, kelor ac, snorkeling, labuan bajo, bar, komodo, padar, pink beach, kelor, kanawa Lombok : Sailing Between Lombok and Flores adalah kapal phinisi mewah yang menawarkan pengalaman berlayar eksklusif di Komodo Island. Dilengkapi fasilitas premium dan pelayanan profesional.",lombok sailing between lombok flores vvip komodo padar pink beach labu bajo kanawa kelor ac snorkeling labu bajo bar komodo padar pink beach kelor kanawa lombok sailing between lombok flores mewah tawar alam layar eksklusif komodo island lengkap fasilitas premium layan profesional
Pemilihan Perahu Motor di Raja Ampat,Pemilihan Perahu Motor di Raja Ampat,VVIP,"IDR 3,730,000",3730000,6 day,2 - 10 Guests,"komodo, padar, pink beach, labuan bajo, kanawa, kelor","ac, snorkeling equipment, diving equipment","snorkeling, diving","ac, snorkeling, labuan bajo, snorkeling equipment, komodo, padar, pink beach, diving equipment, kelor, diving, kanawa",Pemilihan Perahu Motor di Raja Ampat adalah kapal phinisi mewah yang menawarkan pengalaman berlayar eksklusif di Komodo Island. Dilengkapi fasilitas premium dan pelayanan profesional.,https://www.komodoluxury.com/wp-content/uploads/2024/07/dreambay-1.webp,https://www.komodoluxury.com/id/sewa-kapal/speedboat-boats-raja-ampat/,www.komodoluxury.com,"Pemilihan Perahu Motor di Raja Ampat VVIP 6 day 2 - 10 Guests ac, snorkeling, labuan bajo, snorkeling equipment, komodo, padar, pink beach, diving equipment, kelor, diving, kanawa","Pemilihan Perahu Motor di Raja Ampat VVIP IDR 3,730,000 komodo, padar, pink beach, labuan bajo, kanawa, kelor ac, snorkeling, labuan bajo, snorkeling equipment, komodo, padar, pink beach, diving equipment, kelor, diving, kanawa Pemilihan Perahu Motor di Raja Ampat adalah kapal phinisi mewah yang menawarkan pengalaman berlayar eksklusif di Komodo Island. Dilengkapi fasilitas premium dan pelayanan profesional.",pilih perahu motor raja ampat vvip komodo padar pink beach labu bajo kanawa kelor ac snorkeling labu bajo snorkeling equipment komodo padar pink beach diving equipment kelor diving kanawa pilih perahu motor raja ampat mewah tawar alam layar eksklusif komodo island lengkap fasilitas premium layan profesional
Komodo Island Destination,Island Destination,VVIP,IDR 86.190.000,86190000,-,2 - 10 Guests,"komodo, padar, pink beach, labuan bajo, kanawa, kelor","bar, ac","snorkeling, diving, trekking, private charter","ac, snorkeling, labuan bajo, bar, komodo, padar, pink beach, private charter, trekking, diving, kelor, kanawa",Island Destination adalah kapal phinisi mewah yang menawarkan pengalaman berlayar eksklusif di Komodo Island. Dilengkapi fasilitas premium dan pelayanan profesional.,https://www.komodoluxury.com/wp-content/uploads/2024/11/PRANA-DJI_0094_11zon_11zon.webp,https://www.komodoluxury.com/id/destination/komodo-national-park/komodo-island/,www.komodoluxury.com,"Komodo Island Destination VVIP - 2 - 10 Guests ac, snorkeling, labuan bajo, bar, komodo, padar, pink beach, private charter, trekking, diving, kelor, kanawa","Island Destination VVIP IDR 86.190.000 komodo, padar, pink beach, labuan bajo, kanawa, kelor ac, snorkeling, labuan bajo, bar, komodo, padar, pink beach, private charter, trekking, diving, kelor, kanawa Island Destination adalah kapal phinisi mewah yang menawarkan pengalaman berlayar eksklusif di Komodo Island. Dilengkapi fasilitas premium dan pelayanan profesional.",island destination vvip komodo padar pink beach labu bajo kanawa kelor ac snorkeling labu bajo bar komodo padar pink beach private charter trekking diving kelor kanawa island destination mewah tawar alam layar eksklusif komodo island lengkap fasilitas premium layan profesional
Komodo Island Tour - 4D3N Komodo Tour,Island - 4D3N,VVIP,IDR 700.000,700000,4D3N,2 - 10 Guests,"komodo, padar, pink beach, labuan bajo, kanawa, kelor","bar, ac","snorkeling, trekking","ac, snorkeling, labuan bajo, bar, komodo, padar, pink beach, trekking, kelor, kanawa",Island - 4D3N adalah kapal phinisi mewah yang menawarkan pengalaman berlayar eksklusif di Komodo Island. Dilengkapi fasilitas premium dan pelayanan profesional.,https://www.komodoluxury.com/wp-content/uploads/2025/07/Tripadvisor-Awards-2025-White.png,https://www.komodoluxury.com/id/tour-packages/komodo-island-sailing-tour-packages/4d3n-komodo-tour/,www.komodoluxury.com,"Komodo Island Tour - 4D3N Komodo Tour VVIP 4D3N 2 - 10 Guests ac, snorkeling, labuan bajo, bar, komodo, padar, pink beach, trekking, kelor, kanawa","Island - 4D3N VVIP IDR 700.000 komodo, padar, pink beach, labuan bajo, kanawa, kelor ac, snorkeling, labuan bajo, bar, komodo, padar, pink beach, trekking, kelor, kanawa Island - 4D3N adalah kapal phinisi mewah yang menawarkan pengalaman berlayar eksklusif di Komodo Island. Dilengkapi fasilitas premium dan pelayanan profesional.",island d n vvip komodo padar pink beach labu bajo kanawa kelor ac snorkeling labu bajo bar komodo padar pink beach trekking kelor kanawa island d n mewah tawar alam layar eksklusif komodo island lengkap fasilitas premium layan profesional
VIP Boat Selection in Raja Ampat,VIP Selection in Raja Ampat,VVIP,-,0,3 days,12 Guests,"komodo, padar, pink beach, labuan bajo, kanawa, kelor","ac, cabin, diving equipment","snorkeling, diving, island hopping, kayak","ac, snorkeling, kayak, labuan bajo, komodo, cabin, padar, pink beach, island hopping, diving equipment, kelor, diving, kanawa",VIP Selection in Raja Ampat adalah kapal phinisi mewah yang menawarkan pengalaman berlayar eksklusif di Komodo Island. Dilengkapi fasilitas premium dan pelayanan profesional.,https://www.komodoluxury.com/wp-content/uploads/2024/07/teman-cruise-phinisi-exterior-2.webp,https://www.komodoluxury.com/id/sewa-kapal/vip-boats-raja-ampat/,www.komodoluxury.com,"VIP Boat Selection in Raja Ampat VVIP 3 days 12 Guests ac, snorkeling, kayak, labuan bajo, komodo, cabin, padar, pink beach, island hopping, diving equipment, kelor, diving, kanawa","VIP Selection in Raja Ampat VVIP - komodo, padar, pink beach, labuan bajo, kanawa, kelor ac, snorkeling, kayak, labuan bajo, komodo, cabin, padar, pink beach, island hopping, diving equipment, kelor, diving, kanawa VIP Selection in Raja Ampat adalah kapal phinisi mewah yang menawarkan pengalaman berlayar eksklusif di Komodo Island. Dilengkapi fasilitas premium dan pelayanan profesional.",vip selection in raja ampat vvip komodo padar pink beach labu bajo kanawa kelor ac snorkeling kayak labu bajo komodo cabin padar pink beach island hopping diving equipment kelor diving kanawa vip selection in raja ampat mewah tawar alam layar eksklusif komodo island lengkap fasilitas premium layan profesional
Komodo Prestige oleh Komodo Luxury,Prestige oleh,VVIP,USD 20.000,20000,-,2 - 10 Guests,"komodo, padar, pink beach, labuan bajo, kanawa, kelor","jacuzzi, bar, ac, bathroom, cabin, lounge",private charter,"ac, lounge, labuan bajo, bar, komodo, cabin, padar, pink beach, bathroom, private charter, jacuzzi, kelor, kanawa",Prestige oleh adalah kapal phinisi mewah yang menawarkan pengalaman berlayar eksklusif di Komodo Island. Dilengkapi fasilitas premium dan pelayanan profesional.,https://www.komodoluxury.com/wp-content/uploads/2026/02/komodo-prestige-exterior-1024x687.webp,https://www.komodoluxury.com/id/our-fleet/komodo-prestige/,www.komodoluxury.com,"Komodo Prestige oleh Komodo Luxury VVIP - 2 - 10 Guests ac, lounge, labuan bajo, bar, komodo, cabin, padar, pink beach, bathroom, private charter, jacuzzi, kelor, kanawa","Prestige oleh VVIP USD 20.000 komodo, padar, pink beach, labuan bajo, kanawa, kelor ac, lounge, labuan bajo, bar, komodo, cabin, padar, pink beach, bathroom, private charter, jacuzzi, kelor, kanawa Prestige oleh adalah kapal phinisi mewah yang menawarkan pengalaman berlayar eksklusif di Komodo Island. Dilengkapi fasilitas premium dan pelayanan profesional.",prestige vvip komodo padar pink beach labu bajo kanawa kelor ac lounge labu bajo bar komodo cabin padar pink beach bathroom private charter jacuzzi kelor kanawa prestige mewah tawar alam layar eksklusif komodo island lengkap fasilitas premium layan profesional
Luxury Phinisi Cruise Komodo,Cruise,VVIP,USD 3.500,3500,10 days,20 Guests,"komodo, padar, pink beach, labuan bajo, kanawa, kelor","wifi, sun deck, bar, ac, cabin, snorkeling equipment","snorkeling, diving, trekking, private charter, kayak","ac, snorkeling, kayak, labuan bajo, bar, sun deck, snorkeling equipment, cabin, komodo, padar, pink beach, private charter, trekking, wifi, diving, kelor, kanawa",Cruise adalah kapal phinisi mewah yang menawarkan pengalaman berlayar eksklusif di Komodo Island. Dilengkapi fasilitas premium dan pelayanan profesional.,https://www.komodoluxury.com/wp-content/uploads/2026/03/Sailing-Phinisi-in-Komodo-National-Park.webp,https://www.komodoluxury.com/id/phinisi-mewah-komodo/,www.komodoluxury.com,"Luxury Phinisi Cruise Komodo VVIP 10 days 20 Guests ac, snorkeling, kayak, labuan bajo, bar, sun deck, snorkeling equipment, cabin, komodo, padar, pink beach, private charter, trekking, wifi, diving, kelor, kanawa","Cruise VVIP USD 3.500 komodo, padar, pink beach, labuan bajo, kanawa, kelor ac, snorkeling, kayak, labuan bajo, bar, sun deck, snorkeling equipment, cabin, komodo, padar, pink beach, private charter, trekking, wifi, diving, kelor, kanawa Cruise adalah kapal phinisi mewah yang menawarkan pengalaman berlayar eksklusif di Komodo Island. Dilengkapi fasilitas premium dan pelayanan profesional.",cruise vvip komodo padar pink beach labu bajo kanawa kelor ac snorkeling kayak labu bajo bar sun deck snorkeling equipment cabin komodo padar pink beach private charter trekking wifi diving kelor kanawa cruise mewah tawar alam layar eksklusif komodo island lengkap fasilitas premium layan profesional
Pink Beach Destination,Pink Beach Destination,VVIP,IDR 86.190.000,86190000,-,2 - 10 Guests,"komodo, padar, pink beach, labuan bajo, kanawa, kelor","bar, ac","snorkeling, trekking","ac, snorkeling, labuan bajo, bar, komodo, padar, pink beach, trekking, kelor, kanawa",Pink Beach Destination adalah kapal phinisi mewah yang menawarkan pengalaman berlayar eksklusif di Komodo Island. Dilengkapi fasilitas premium dan pelayanan profesional.,https://www.komodoluxury.com/wp-content/uploads/2024/07/pexels-ylanite-koppens-697662-2-2-1.jpg,https://www.komodoluxury.com/id/destination/komodo-national-park/pink-beach/,www.komodoluxury.com,"Pink Beach Destination VVIP - 2 - 10 Guests ac, snorkeling, labuan bajo, bar, komodo, padar, pink beach, trekking, kelor, kanawa","Pink Beach Destination VVIP IDR 86.190.000 komodo, padar, pink beach, labuan bajo, kanawa, kelor ac, snorkeling, labuan bajo, bar, komodo, padar, pink beach, trekking, kelor, kanawa Pink Beach Destination adalah kapal phinisi mewah yang menawarkan pengalaman berlayar eksklusif di Komodo Island. Dilengkapi fasilitas premium dan pelayanan profesional.",pink beach destination vvip komodo padar pink beach labu bajo kanawa kelor ac snorkeling labu bajo bar komodo padar pink beach trekking kelor kanawa pink beach destination mewah tawar alam layar eksklusif komodo island lengkap fasilitas premium layan profesional
Layanan Sopir Pribadi dan Transportasi VIP Eksklusif untuk Wisatawan yang Memiliki Selera Tinggi,Layanan Sopir Pribadi dan Transportasi VIP Eksklusif untuk Wisatawan yang Memiliki Selera Tinggi,VVIP,"IDR 4,650,000",4650000,-,2 - 10 Guests,"komodo, padar, pink beach, labuan bajo, kanawa, kelor","bar, ac",Private Charter,"Private Charter, ac, labuan bajo, bar, komodo, padar, pink beach, kelor, kanawa",Layanan Sopir Pribadi dan Transportasi VIP Eksklusif untuk Wisatawan yang Memiliki Selera Tinggi adalah kapal phinisi mewah yang menawarkan pengalaman berlayar eksklusif di Komodo Island. Dilengkapi fasilitas premium dan pelayanan profesional.,https://www.komodoluxury.com/wp-content/uploads/2025/09/hiace-and-mini-cooper-rent-car-komodo-by-komodo-luxury.webp,https://www.komodoluxury.com/id/services/luxury-transport-komodo/,www.komodoluxury.com,"Layanan Sopir Pribadi dan Transportasi VIP Eksklusif untuk Wisatawan yang Memiliki Selera Tinggi VVIP - 2 - 10 Guests Private Charter, ac, labuan bajo, bar, komodo, padar, pink beach, kelor, kanawa","Layanan Sopir Pribadi dan Transportasi VIP Eksklusif untuk Wisatawan yang Memiliki Selera Tinggi VVIP IDR 4,650,000 komodo, padar, pink beach, labuan bajo, kanawa, kelor Private Charter, ac, labuan bajo, bar, komodo, padar, pink beach, kelor, kanawa Layanan Sopir Pribadi dan Transportasi VIP Eksklusif untuk Wisatawan yang Memiliki Selera Tinggi adalah kapal phinisi mewah yang menawarkan pengalaman berlayar eksklusif di Komodo Island. Dilengkapi fasilitas premium dan pelayanan profesional.",layan sopir pribadi transportasi vip eksklusif wisatawan milik selera tinggi vvip komodo padar pink beach labu bajo kanawa kelor private charter ac labu bajo bar komodo padar pink beach kelor kanawa layan sopir pribadi transportasi vip eksklusif wisatawan milik selera tinggi mewah tawar alam layar eksklusif komodo island lengkap fasilitas premium layan profesional
Discover Alor & Maumere: Your Ultimate Island Adventure Awaits,Discover Alor & Maumere: Your Ultimate Island Adventure Awaits,VVIP,IDR 86.190.000,86190000,-,40 Guests,"komodo, padar, pink beach, labuan bajo, kanawa, kelor","bar, ac","snorkeling, diving","ac, snorkeling, labuan bajo, bar, komodo, padar, pink beach, kelor, diving, kanawa",Discover Alor & Maumere: Your Ultimate Island Adventure Awaits adalah kapal phinisi mewah yang menawarkan pengalaman berlayar eksklusif di Komodo Island. Dilengkapi fasilitas premium dan pelayanan profesional.,https://www.komodoluxury.com/wp-content/uploads/2025/10/Alor1_11zon_11zon.webp,https://www.komodoluxury.com/id/destination/alor-maumere/,www.komodoluxury.com,"Discover Alor & Maumere: Your Ultimate Island Adventure Awaits VVIP - 40 Guests ac, snorkeling, labuan bajo, bar, komodo, padar, pink beach, kelor, diving, kanawa","Discover Alor & Maumere: Your Ultimate Island Adventure Awaits VVIP IDR 86.190.000 komodo, padar, pink beach, labuan bajo, kanawa, kelor ac, snorkeling, labuan bajo, bar, komodo, padar, pink beach, kelor, diving, kanawa Discover Alor & Maumere: Your Ultimate Island Adventure Awaits adalah kapal phinisi mewah yang menawarkan pengalaman berlayar eksklusif di Komodo Island. Dilengkapi fasilitas premium dan pelayanan profesional.",discover alor maumere your ultimate island adventure awaits vvip komodo padar pink beach labu bajo kanawa kelor ac snorkeling labu bajo bar komodo padar pink beach kelor diving kanawa discover alor maumere your ultimate island adventure awaits mewah tawar alam layar eksklusif komodo island lengkap fasilitas premium layan profesional
Selezione di imbarcazioni VVIP a Isola di Komodo,Selezione di imbarcazioni VVIP a Isola di,VVIP,-,0,-,2 - 10 Guests,"komodo, padar, pink beach, labuan bajo, kanawa, kelor","bar, ac, cabin","snorkeling, kayak","ac, snorkeling, kayak, labuan bajo, bar, komodo, cabin, padar, pink beach, kelor, kanawa",Selezione di imbarcazioni VVIP a Isola di adalah kapal phinisi mewah yang menawarkan pengalaman berlayar eksklusif di Komodo Island. Dilengkapi fasilitas premium dan pelayanan profesional.,https://www.komodoluxury.com/wp-content/uploads/2024/07/SiDatuBua_024-scaled.webp,https://www.komodoluxury.com/it/boat-charter/vvip/,www.komodoluxury.com,"Selezione di imbarcazioni VVIP a Isola di Komodo VVIP - 2 - 10 Guests ac, snorkeling, kayak, labuan bajo, bar, komodo, cabin, padar, pink beach, kelor, kanawa","Selezione di imbarcazioni VVIP a Isola di VVIP - komodo, padar, pink beach, labuan bajo, kanawa, kelor ac, snorkeling, kayak, labuan bajo, bar, komodo, cabin, padar, pink beach, kelor, kanawa Selezione di imbarcazioni VVIP a Isola di adalah kapal phinisi mewah yang menawarkan pengalaman berlayar eksklusif di Komodo Island. Dilengkapi fasilitas premium dan pelayanan profesional.",selezione imbarcazioni vvip a isola vvip komodo padar pink beach labu bajo kanawa kelor ac snorkeling kayak labu bajo bar komodo cabin padar pink beach kelor kanawa selezione imbarcazioni vvip a isola mewah tawar alam layar eksklusif komodo island lengkap fasilitas premium layan profesional
Komodo Island Tour - 11D10N Komodo Tour,Island - 11D10N,VVIP,IDR 700.000,700000,11D10N,2 - 10 Guests,"komodo, padar, pink beach, labuan bajo, kanawa, kelor","bar, ac",snorkeling,"ac, snorkeling, labuan bajo, bar, komodo, padar, pink beach, kelor, kanawa",Island - 11D10N adalah kapal phinisi mewah yang menawarkan pengalaman berlayar eksklusif di Komodo Island. Dilengkapi fasilitas premium dan pelayanan profesional.,https://www.komodoluxury.com/wp-content/uploads/2025/07/Tripadvisor-Awards-2025-White.png,https://www.komodoluxury.com/id/tour-packages/komodo-island-sailing-tour-packages/11d10n-komodo-tour/,www.komodoluxury.com,"Komodo Island Tour - 11D10N Komodo Tour VVIP 11D10N 2 - 10 Guests ac, snorkeling, labuan bajo, bar, komodo, padar, pink beach, kelor, kanawa","Island - 11D10N VVIP IDR 700.000 komodo, padar, pink beach, labuan bajo, kanawa, kelor ac, snorkeling, labuan bajo, bar, komodo, padar, pink beach, kelor, kanawa Island - 11D10N adalah kapal phinisi mewah yang menawarkan pengalaman berlayar eksklusif di Komodo Island. Dilengkapi fasilitas premium dan pelayanan profesional.",island d n vvip komodo padar pink beach labu bajo kanawa kelor ac snorkeling labu bajo bar komodo padar pink beach kelor kanawa island d n mewah tawar alam layar eksklusif komodo island lengkap fasilitas premium layan profesional
Kanawa Island Destination,Kanawa Island Destination,VVIP,IDR 86.190.000,86190000,-,2 - 10 Guests,"komodo, padar, pink beach, labuan bajo, kanawa, kelor","bar, ac","snorkeling, trekking","ac, snorkeling, labuan bajo, bar, komodo, padar, pink beach, trekking, kelor, kanawa",Kanawa Island Destination adalah kapal phinisi mewah yang menawarkan pengalaman berlayar eksklusif di Komodo Island. Dilengkapi fasilitas premium dan pelayanan profesional.,https://www.komodoluxury.com/wp-content/uploads/2024/07/pexels-ylanite-koppens-697662-2-2-1.jpg,https://www.komodoluxury.com/id/destination/komodo-national-park/kanawa-island/,www.komodoluxury.com,"Kanawa Island Destination VVIP - 2 - 10 Guests ac, snorkeling, labuan bajo, bar, komodo, padar, pink beach, trekking, kelor, kanawa","Kanawa Island Destination VVIP IDR 86.190.000 komodo, padar, pink beach, labuan bajo, kanawa, kelor ac, snorkeling, labuan bajo, bar, komodo, padar, pink beach, trekking, kelor, kanawa Kanawa Island Destination adalah kapal phinisi mewah yang menawarkan pengalaman berlayar eksklusif di Komodo Island. Dilengkapi fasilitas premium dan pelayanan profesional.",kanawa island destination vvip komodo padar pink beach labu bajo kanawa kelor ac snorkeling labu bajo bar komodo padar pink beach trekking kelor kanawa kanawa island destination mewah tawar alam layar eksklusif komodo island lengkap fasilitas premium layan profesional
Experience the Charm of Spice Island: Luxury Meets History,the Charm of Spice Island: Meets History,VVIP,IDR 86.190.000,86190000,-,2 - 10 Guests,"komodo, padar, pink beach, labuan bajo, kanawa, kelor","bar, ac","snorkeling, diving, trekking","ac, snorkeling, labuan bajo, bar, komodo, padar, pink beach, trekking, diving, kelor, kanawa",the Charm of Spice Island: Meets History adalah kapal phinisi mewah yang menawarkan pengalaman berlayar eksklusif di Komodo Island. Dilengkapi fasilitas premium dan pelayanan profesional.,https://www.komodoluxury.com/wp-content/uploads/2025/10/ternate-dan-tidore-wikimedia-commons_11zon-e1761017505365.webp,https://www.komodoluxury.com/id/destination/spice-island/,www.komodoluxury.com,"Experience the Charm of Spice Island: Luxury Meets History VVIP - 2 - 10 Guests ac, snorkeling, labuan bajo, bar, komodo, padar, pink beach, trekking, diving, kelor, kanawa","the Charm of Spice Island: Meets History VVIP IDR 86.190.000 komodo, padar, pink beach, labuan bajo, kanawa, kelor ac, snorkeling, labuan bajo, bar, komodo, padar, pink beach, trekking, diving, kelor, kanawa the Charm of Spice Island: Meets History adalah kapal phinisi mewah yang menawarkan pengalaman berlayar eksklusif di Komodo Island. Dilengkapi fasilitas premium dan pelayanan profesional.",charm spice island meets history vvip komodo padar pink beach labu bajo kanawa kelor ac snorkeling labu bajo bar komodo padar pink beach trekking diving kelor kanawa charm spice island meets history mewah tawar alam layar eksklusif komodo island lengkap fasilitas premium layan profesional
Penyewaan Katamaran Mewah di Komodo,Penyewaan Katamaran Mewah di,VVIP,-,0,-,2 - 10 Guests,"komodo, padar, pink beach, labuan bajo, kanawa, kelor","sun deck, jacuzzi, bar, ac, cabin","snorkeling, trekking","ac, snorkeling, labuan bajo, bar, sun deck, komodo, cabin, padar, pink beach, trekking, jacuzzi, kelor, kanawa",Penyewaan Katamaran Mewah di adalah kapal phinisi mewah yang menawarkan pengalaman berlayar eksklusif di Komodo Island. Dilengkapi fasilitas premium dan pelayanan profesional.,https://www.komodoluxury.com/wp-content/uploads/2026/02/Catamaran-Sailing-in-Komodo-National-Park-by-Komodo-Luxury.webp,https://www.komodoluxury.com/id/catamaran-charter-komodo/,www.komodoluxury.com,"Penyewaan Katamaran Mewah di Komodo VVIP - 2 - 10 Guests ac, snorkeling, labuan bajo, bar, sun deck, komodo, cabin, padar, pink beach, trekking, jacuzzi, kelor, kanawa","Penyewaan Katamaran Mewah di VVIP - komodo, padar, pink beach, labuan bajo, kanawa, kelor ac, snorkeling, labuan bajo, bar, sun deck, komodo, cabin, padar, pink beach, trekking, jacuzzi, kelor, kanawa Penyewaan Katamaran Mewah di adalah kapal phinisi mewah yang menawarkan pengalaman berlayar eksklusif di Komodo Island. Dilengkapi fasilitas premium dan pelayanan profesional.",sewa katamaran mewah vvip komodo padar pink beach labu bajo kanawa kelor ac snorkeling labu bajo bar sun deck komodo cabin padar pink beach trekking jacuzzi kelor kanawa sewa katamaran mewah mewah tawar alam layar eksklusif komodo island lengkap fasilitas premium layan profesional
Bali Paket Pulau Komodo ke Pulau Komodo,Bali Paket Pulau ke Pulau,VVIP,USD 5.000,5000,7D6N,2 - 10 Guests,"komodo, padar, pink beach, labuan bajo, kanawa, kelor","bar, ac","snorkeling, trekking, private charter, kayak","ac, snorkeling, kayak, labuan bajo, bar, komodo, padar, pink beach, private charter, trekking, kelor, kanawa",Bali Paket Pulau ke Pulau adalah kapal phinisi mewah yang menawarkan pengalaman berlayar eksklusif di Komodo Island. Dilengkapi fasilitas premium dan pelayanan profesional.,https://www.komodoluxury.com/wp-content/uploads/2025/08/Padar-Island-Komodo-Komodo-Island-Tour-Komodo-Luxury111.webp,https://www.komodoluxury.com/id/tour-packages/bali-to-komodo-island-tour-packages/,www.komodoluxury.com,"Bali Paket Pulau Komodo ke Pulau Komodo VVIP 7D6N 2 - 10 Guests ac, snorkeling, kayak, labuan bajo, bar, komodo, padar, pink beach, private charter, trekking, kelor, kanawa","Bali Paket Pulau ke Pulau VVIP USD 5.000 komodo, padar, pink beach, labuan bajo, kanawa, kelor ac, snorkeling, kayak, labuan bajo, bar, komodo, padar, pink beach, private charter, trekking, kelor, kanawa Bali Paket Pulau ke Pulau adalah kapal phinisi mewah yang menawarkan pengalaman berlayar eksklusif di Komodo Island. Dilengkapi fasilitas premium dan pelayanan profesional.",bal paket pulau pulau vvip komodo padar pink beach labu bajo kanawa kelor ac snorkeling kayak labu bajo bar komodo padar pink beach private charter trekking kelor kanawa bal paket pulau pulau mewah tawar alam layar eksklusif komodo island lengkap fasilitas premium layan profesional
liveaboard Komodo: menyelam Mewah Berhari-hari di Taman Laut Utama Indonesia,: menyelam Mewah Berhari-hari di Taman Laut Utama Indonesia,VVIP,IDR 400.000,400000,-,2 - 10 Guests,"komodo, padar, pink beach, labuan bajo, kanawa, kelor","bar, ac","snorkeling, diving, trekking","ac, snorkeling, labuan bajo, bar, komodo, padar, pink beach, trekking, diving, kelor, kanawa",: menyelam Mewah Berhari-hari di Taman Laut Utama Indonesia adalah kapal phinisi mewah yang menawarkan pengalaman berlayar eksklusif di Komodo Island. Dilengkapi fasilitas premium dan pelayanan profesional.,https://www.komodoluxury.com/wp-content/uploads/2025/11/PRANA-DJI_0094_11zon_11zon.webp,https://www.komodoluxury.com/id/liveaboard-komodo/,www.komodoluxury.com,"liveaboard Komodo: menyelam Mewah Berhari-hari di Taman Laut Utama Indonesia VVIP - 2 - 10 Guests ac, snorkeling, labuan bajo, bar, komodo, padar, pink beach, trekking, diving, kelor, kanawa",": menyelam Mewah Berhari-hari di Taman Laut Utama Indonesia VVIP IDR 400.000 komodo, padar, pink beach, labuan bajo, kanawa, kelor ac, snorkeling, labuan bajo, bar, komodo, padar, pink beach, trekking, diving, kelor, kanawa : menyelam Mewah Berhari-hari di Taman Laut Utama Indonesia adalah kapal phinisi mewah yang menawarkan pengalaman berlayar eksklusif di Komodo Island. Dilengkapi fasilitas premium dan pelayanan profesional.",selam mewah berharihari taman laut utama indonesia vvip komodo padar pink beach labu bajo kanawa kelor ac snorkeling labu bajo bar komodo padar pink beach trekking diving kelor kanawa selam mewah berharihari taman laut utama indonesia mewah tawar alam layar eksklusif komodo island lengkap fasilitas premium layan profesional
Komodo Luxury Fakta Perusahaan,Fakta Perusahaan,VVIP,"USD,",0,-,2 - 10 Guests,"komodo, padar, pink beach, labuan bajo, kanawa, kelor","jacuzzi, bar, ac",Private Charter,"Private Charter, ac, labuan bajo, bar, komodo, padar, pink beach, jacuzzi, kelor, kanawa",Fakta Perusahaan adalah kapal phinisi mewah yang menawarkan pengalaman berlayar eksklusif di Komodo Island. Dilengkapi fasilitas premium dan pelayanan profesional.,https://www.komodoluxury.com/wp-content/uploads/2025/07/Padar-Island-Komodo-Island-Tour-Komodo-Luxury_11zon_11zon.webp,https://www.komodoluxury.com/id/company-facts/,www.komodoluxury.com,"Komodo Luxury Fakta Perusahaan VVIP - 2 - 10 Guests Private Charter, ac, labuan bajo, bar, komodo, padar, pink beach, jacuzzi, kelor, kanawa","Fakta Perusahaan VVIP USD, komodo, padar, pink beach, labuan bajo, kanawa, kelor Private Charter, ac, labuan bajo, bar, komodo, padar, pink beach, jacuzzi, kelor, kanawa Fakta Perusahaan adalah kapal phinisi mewah yang menawarkan pengalaman berlayar eksklusif di Komodo Island. Dilengkapi fasilitas premium dan pelayanan profesional.",fakta usaha vvip komodo padar pink beach labu bajo kanawa kelor private charter ac labu bajo bar komodo padar pink beach jacuzzi kelor kanawa fakta usaha mewah tawar alam layar eksklusif komodo island lengkap fasilitas premium layan profesional
Seleção de barcos VVIP na Ilha de Komodo,Seleção de barcos VVIP na Ilha de,VVIP,-,0,-,2 - 10 Guests,"komodo, padar, pink beach, labuan bajo, kanawa, kelor","bar, ac, cabin",Private Charter,"Private Charter, ac, labuan bajo, bar, komodo, cabin, padar, pink beach, kelor, kanawa",Seleção de barcos VVIP na Ilha de adalah kapal phinisi mewah yang menawarkan pengalaman berlayar eksklusif di Komodo Island. Dilengkapi fasilitas premium dan pelayanan profesional.,https://www.komodoluxury.com/wp-content/uploads/2024/07/SiDatuBua_024-scaled.webp,https://www.komodoluxury.com/pt/boat-charter/vvip/,www.komodoluxury.com,"Seleção de barcos VVIP na Ilha de Komodo VVIP - 2 - 10 Guests Private Charter, ac, labuan bajo, bar, komodo, cabin, padar, pink beach, kelor, kanawa","Seleção de barcos VVIP na Ilha de VVIP - komodo, padar, pink beach, labuan bajo, kanawa, kelor Private Charter, ac, labuan bajo, bar, komodo, cabin, padar, pink beach, kelor, kanawa Seleção de barcos VVIP na Ilha de adalah kapal phinisi mewah yang menawarkan pengalaman berlayar eksklusif di Komodo Island. Dilengkapi fasilitas premium dan pelayanan profesional.",sele o de barcos vvip na ilha de vvip komodo padar pink beach labu bajo kanawa kelor private charter ac labu bajo bar komodo cabin padar pink beach kelor kanawa sele o de barcos vvip na ilha de mewah tawar alam layar eksklusif komodo island lengkap fasilitas premium layan profesional
Pelayaran Mewah Indonesia,Pelayaran Mewah Indonesia,VVIP,"USD 4,000",4000,-,16 Guests,"komodo, padar, pink beach, labuan bajo, kanawa, kelor","bar, ac, cabin, snorkeling equipment, diving equipment","snorkeling, diving, trekking, island hopping, private charter, kayak","ac, snorkeling, kayak, labuan bajo, bar, snorkeling equipment, komodo, cabin, padar, pink beach, island hopping, private charter, diving equipment, trekking, diving, kelor, kanawa",Pelayaran Mewah Indonesia adalah kapal phinisi mewah yang menawarkan pengalaman berlayar eksklusif di Komodo Island. Dilengkapi fasilitas premium dan pelayanan profesional.,https://www.komodoluxury.com/wp-content/uploads/2025/06/Supraba-Cruises-Exterior.webp,https://www.komodoluxury.com/id/cruise-mewah-indonesia/,www.komodoluxury.com,"Pelayaran Mewah Indonesia VVIP - 16 Guests ac, snorkeling, kayak, labuan bajo, bar, snorkeling equipment, komodo, cabin, padar, pink beach, island hopping, private charter, diving equipment, trekking, diving, kelor, kanawa","Pelayaran Mewah Indonesia VVIP USD 4,000 komodo, padar, pink beach, labuan bajo, kanawa, kelor ac, snorkeling, kayak, labuan bajo, bar, snorkeling equipment, komodo, cabin, padar, pink beach, island hopping, private charter, diving equipment, trekking, diving, kelor, kanawa Pelayaran Mewah Indonesia adalah kapal phinisi mewah yang menawarkan pengalaman berlayar eksklusif di Komodo Island. Dilengkapi fasilitas premium dan pelayanan profesional.",layar mewah indonesia vvip komodo padar pink beach labu bajo kanawa kelor ac snorkeling kayak labu bajo bar snorkeling equipment komodo cabin padar pink beach island hopping private charter diving equipment trekking diving kelor kanawa layar mewah indonesia mewah tawar alam layar eksklusif komodo island lengkap fasilitas premium layan profesional
sewa kapal mewah Komodo cruise Phinisi,sewa mewah cruise,VVIP,-,0,-,2 - 10 Guests,"komodo, padar, pink beach, labuan bajo, kanawa, kelor","jacuzzi, bar, ac, cabin","snorkeling, diving, private charter","ac, snorkeling, labuan bajo, bar, komodo, cabin, padar, pink beach, private charter, jacuzzi, diving, kelor, kanawa",sewa mewah cruise adalah kapal phinisi mewah yang menawarkan pengalaman berlayar eksklusif di Komodo Island. Dilengkapi fasilitas premium dan pelayanan profesional.,https://www.komodoluxury.com/wp-content/uploads/2026/04/prana-sailing-komodo-island-luxury2.webp,https://www.komodoluxury.com/id/,www.komodoluxury.com,"sewa kapal mewah Komodo cruise Phinisi VVIP - 2 - 10 Guests ac, snorkeling, labuan bajo, bar, komodo, cabin, padar, pink beach, private charter, jacuzzi, diving, kelor, kanawa","sewa mewah cruise VVIP - komodo, padar, pink beach, labuan bajo, kanawa, kelor ac, snorkeling, labuan bajo, bar, komodo, cabin, padar, pink beach, private charter, jacuzzi, diving, kelor, kanawa sewa mewah cruise adalah kapal phinisi mewah yang menawarkan pengalaman berlayar eksklusif di Komodo Island. Dilengkapi fasilitas premium dan pelayanan profesional.",sewa mewah cruise vvip komodo padar pink beach labu bajo kanawa kelor ac snorkeling labu bajo bar komodo cabin padar pink beach private charter jacuzzi diving kelor kanawa sewa mewah cruise mewah tawar alam layar eksklusif komodo island lengkap fasilitas premium layan profesional
Pilihan Kapal VVIP di Raja Ampat,Pilihan VVIP di Raja Ampat,VVIP,-,0,-,2 - 10 Guests,"komodo, padar, pink beach, labuan bajo, kanawa, kelor","sun deck, jacuzzi, ac, cabin, lounge","snorkeling, diving, island hopping, kayak","ac, lounge, snorkeling, kayak, labuan bajo, sun deck, komodo, cabin, padar, pink beach, island hopping, jacuzzi, diving, kelor, kanawa",Pilihan VVIP di Raja Ampat adalah kapal phinisi mewah yang menawarkan pengalaman berlayar eksklusif di Komodo Island. Dilengkapi fasilitas premium dan pelayanan profesional.,https://www.komodoluxury.com/wp-content/uploads/2024/07/The-Maj-Oceanic-Exterior-KomodoLuxury.webp,https://www.komodoluxury.com/id/sewa-kapal/vvip-boats-raja-ampat/,www.komodoluxury.com,"Pilihan Kapal VVIP di Raja Ampat VVIP - 2 - 10 Guests ac, lounge, snorkeling, kayak, labuan bajo, sun deck, komodo, cabin, padar, pink beach, island hopping, jacuzzi, diving, kelor, kanawa","Pilihan VVIP di Raja Ampat VVIP - komodo, padar, pink beach, labuan bajo, kanawa, kelor ac, lounge, snorkeling, kayak, labuan bajo, sun deck, komodo, cabin, padar, pink beach, island hopping, jacuzzi, diving, kelor, kanawa Pilihan VVIP di Raja Ampat adalah kapal phinisi mewah yang menawarkan pengalaman berlayar eksklusif di Komodo Island. Dilengkapi fasilitas premium dan pelayanan profesional.",pilih vvip raja ampat vvip komodo padar pink beach labu bajo kanawa kelor ac lounge snorkeling kayak labu bajo sun deck komodo cabin padar pink beach island hopping jacuzzi diving kelor kanawa pilih vvip raja ampat mewah tawar alam layar eksklusif komodo island lengkap fasilitas premium layan profesional
Explore the Hidden Jewel of Indonesia: Raja Ampat Awaits You,Explore the Hidden Jewel of Indonesia: Raja Ampat Awaits You,VVIP,IDR 86.190.000,86190000,4 nights,12 Guests,"komodo, padar, pink beach, labuan bajo, kanawa, kelor","bar, ac, diving equipment","snorkeling, diving, trekking, island hopping, kayak","ac, snorkeling, kayak, labuan bajo, bar, komodo, padar, pink beach, island hopping, diving equipment, trekking, diving, kelor, kanawa",Explore the Hidden Jewel of Indonesia: Raja Ampat Awaits You adalah kapal phinisi mewah yang menawarkan pengalaman berlayar eksklusif di Komodo Island. Dilengkapi fasilitas premium dan pelayanan profesional.,https://www.komodoluxury.com/wp-content/uploads/2025/03/wayag-island-raja-ampat-diving-komodo-luxury.webp,https://www.komodoluxury.com/id/destination/raja-ampat/,www.komodoluxury.com,"Explore the Hidden Jewel of Indonesia: Raja Ampat Awaits You VVIP 4 nights 12 Guests ac, snorkeling, kayak, labuan bajo, bar, komodo, padar, pink beach, island hopping, diving equipment, trekking, diving, kelor, kanawa","Explore the Hidden Jewel of Indonesia: Raja Ampat Awaits You VVIP IDR 86.190.000 komodo, padar, pink beach, labuan bajo, kanawa, kelor ac, snorkeling, kayak, labuan bajo, bar, komodo, padar, pink beach, island hopping, diving equipment, trekking, diving, kelor, kanawa Explore the Hidden Jewel of Indonesia: Raja Ampat Awaits You adalah kapal phinisi mewah yang menawarkan pengalaman berlayar eksklusif di Komodo Island. Dilengkapi fasilitas premium dan pelayanan profesional.",explore hidden jewel indonesia raja ampat awaits you vvip komodo padar pink beach labu bajo kanawa kelor ac snorkeling kayak labu bajo bar komodo padar pink beach island hopping diving equipment trekking diving kelor kanawa explore hidden jewel indonesia raja ampat awaits you mewah tawar alam layar eksklusif komodo island lengkap fasilitas premium layan profesional
Pelayaran Bulan Madu Komodo,Pelayaran Bulan Madu,VVIP,-,0,7 days,2 - 10 Guests,"komodo, padar, pink beach, labuan bajo, kanawa, kelor","sun deck, jacuzzi, bar, ac, bathroom, cabin, snorkeling equipment","snorkeling, diving, trekking","ac, snorkeling, labuan bajo, bar, sun deck, snorkeling equipment, cabin, komodo, padar, pink beach, trekking, bathroom, jacuzzi, diving, kelor, kanawa",Pelayaran Bulan Madu adalah kapal phinisi mewah yang menawarkan pengalaman berlayar eksklusif di Komodo Island. Dilengkapi fasilitas premium dan pelayanan profesional.,https://www.komodoluxury.com/wp-content/uploads/2024/11/Dinner_Celestia-75_11zon_11zon-1.webp,https://www.komodoluxury.com/id/bulan-madu-komodo/,www.komodoluxury.com,"Pelayaran Bulan Madu Komodo VVIP 7 days 2 - 10 Guests ac, snorkeling, labuan bajo, bar, sun deck, snorkeling equipment, cabin, komodo, padar, pink beach, trekking, bathroom, jacuzzi, diving, kelor, kanawa","Pelayaran Bulan Madu VVIP - komodo, padar, pink beach, labuan bajo, kanawa, kelor ac, snorkeling, labuan bajo, bar, sun deck, snorkeling equipment, cabin, komodo, padar, pink beach, trekking, bathroom, jacuzzi, diving, kelor, kanawa Pelayaran Bulan Madu adalah kapal phinisi mewah yang menawarkan pengalaman berlayar eksklusif di Komodo Island. Dilengkapi fasilitas premium dan pelayanan profesional.",layar bulan madu vvip komodo padar pink beach labu bajo kanawa kelor ac snorkeling labu bajo bar sun deck snorkeling equipment cabin komodo padar pink beach trekking bathroom jacuzzi diving kelor kanawa layar bulan madu mewah tawar alam layar eksklusif komodo island lengkap fasilitas premium layan profesional
"Desain Kapal Khusus di Indonesia: Kemewahan, Dibuat dengan Sempurna","Desain Khusus di Indonesia: Kemewahan, Dibuat dengan Sempurna",VVIP,-,0,-,2 - 10 Guests,"komodo, padar, pink beach, labuan bajo, kanawa, kelor","jacuzzi, bar, ac, cabin",Private Charter,"Private Charter, ac, labuan bajo, bar, komodo, cabin, padar, pink beach, jacuzzi, kelor, kanawa","Desain Khusus di Indonesia: Kemewahan, Dibuat dengan Sempurna adalah kapal phinisi mewah yang menawarkan pengalaman berlayar eksklusif di Komodo Island. Dilengkapi fasilitas premium dan pelayanan profesional.",https://www.komodoluxury.com/wp-content/uploads/2025/02/exclusive-komodo-tour-komodo-luxury.webp,https://www.komodoluxury.com/id/services/boat-services/boat-design/,www.komodoluxury.com,"Desain Kapal Khusus di Indonesia: Kemewahan, Dibuat dengan Sempurna VVIP - 2 - 10 Guests Private Charter, ac, labuan bajo, bar, komodo, cabin, padar, pink beach, jacuzzi, kelor, kanawa","Desain Khusus di Indonesia: Kemewahan, Dibuat dengan Sempurna VVIP - komodo, padar, pink beach, labuan bajo, kanawa, kelor Private Charter, ac, labuan bajo, bar, komodo, cabin, padar, pink beach, jacuzzi, kelor, kanawa Desain Khusus di Indonesia: Kemewahan, Dibuat dengan Sempurna adalah kapal phinisi mewah yang menawarkan pengalaman berlayar eksklusif di Komodo Island. Dilengkapi fasilitas premium dan pelayanan profesional.",desain khusus indonesia mewah buat sempurna vvip komodo padar pink beach labu bajo kanawa kelor private charter ac labu bajo bar komodo cabin padar pink beach jacuzzi kelor kanawa desain khusus indonesia mewah buat sempurna mewah tawar alam layar eksklusif komodo island lengkap fasilitas premium layan profesional
Kalong Island Destination,Kalong Island Destination,VVIP,IDR 86.190.000,86190000,-,2 - 10 Guests,"komodo, padar, pink beach, labuan bajo, kanawa, kelor","bar, ac","snorkeling, diving, trekking","ac, snorkeling, labuan bajo, bar, komodo, padar, pink beach, trekking, diving, kelor, kanawa",Kalong Island Destination adalah kapal phinisi mewah yang menawarkan pengalaman berlayar eksklusif di Komodo Island. Dilengkapi fasilitas premium dan pelayanan profesional.,https://www.komodoluxury.com/wp-content/uploads/2024/07/pexels-ylanite-koppens-697662-2-2-1.jpg,https://www.komodoluxury.com/id/destination/komodo-national-park/kalong-island/,www.komodoluxury.com,"Kalong Island Destination VVIP - 2 - 10 Guests ac, snorkeling, labuan bajo, bar, komodo, padar, pink beach, trekking, diving, kelor, kanawa","Kalong Island Destination VVIP IDR 86.190.000 komodo, padar, pink beach, labuan bajo, kanawa, kelor ac, snorkeling, labuan bajo, bar, komodo, padar, pink beach, trekking, diving, kelor, kanawa Kalong Island Destination adalah kapal phinisi mewah yang menawarkan pengalaman berlayar eksklusif di Komodo Island. Dilengkapi fasilitas premium dan pelayanan profesional.",kalong island destination vvip komodo padar pink beach labu bajo kanawa kelor ac snorkeling labu bajo bar komodo padar pink beach trekking diving kelor kanawa kalong island destination mewah tawar alam layar eksklusif komodo island lengkap fasilitas premium layan profesional
Komodo Island Tour - 7D6N Komodo Tour,Island - 7D6N,VVIP,IDR 700.000,700000,7D6N,2 - 10 Guests,"komodo, padar, pink beach, labuan bajo, kanawa, kelor","bar, ac",snorkeling,"ac, snorkeling, labuan bajo, bar, komodo, padar, pink beach, kelor, kanawa",Island - 7D6N adalah kapal phinisi mewah yang menawarkan pengalaman berlayar eksklusif di Komodo Island. Dilengkapi fasilitas premium dan pelayanan profesional.,https://www.komodoluxury.com/wp-content/uploads/2025/07/Tripadvisor-Awards-2025-White.png,https://www.komodoluxury.com/id/tour-packages/komodo-island-sailing-tour-packages/7d6n-komodo-tour/,www.komodoluxury.com,"Komodo Island Tour - 7D6N Komodo Tour VVIP 7D6N 2 - 10 Guests ac, snorkeling, labuan bajo, bar, komodo, padar, pink beach, kelor, kanawa","Island - 7D6N VVIP IDR 700.000 komodo, padar, pink beach, labuan bajo, kanawa, kelor ac, snorkeling, labuan bajo, bar, komodo, padar, pink beach, kelor, kanawa Island - 7D6N adalah kapal phinisi mewah yang menawarkan pengalaman berlayar eksklusif di Komodo Island. Dilengkapi fasilitas premium dan pelayanan profesional.",island d n vvip komodo padar pink beach labu bajo kanawa kelor ac snorkeling labu bajo bar komodo padar pink beach kelor kanawa island d n mewah tawar alam layar eksklusif komodo island lengkap fasilitas premium layan profesional
Timbul Sand Destination Raja Ampat,Timbul Sand Destination Raja Ampat,VVIP,IDR 86.190.000,86190000,-,2 - 10 Guests,"komodo, padar, pink beach, labuan bajo, kanawa, kelor","bar, ac",snorkeling,"ac, snorkeling, labuan bajo, bar, komodo, padar, pink beach, kelor, kanawa",Timbul Sand Destination Raja Ampat adalah kapal phinisi mewah yang menawarkan pengalaman berlayar eksklusif di Komodo Island. Dilengkapi fasilitas premium dan pelayanan profesional.,https://www.komodoluxury.com/wp-content/uploads/2024/07/pexels-ylanite-koppens-697662-2-2-1.jpg,https://www.komodoluxury.com/id/destination/raja-ampat/timbul-sand/,www.komodoluxury.com,"Timbul Sand Destination Raja Ampat VVIP - 2 - 10 Guests ac, snorkeling, labuan bajo, bar, komodo, padar, pink beach, kelor, kanawa","Timbul Sand Destination Raja Ampat VVIP IDR 86.190.000 komodo, padar, pink beach, labuan bajo, kanawa, kelor ac, snorkeling, labuan bajo, bar, komodo, padar, pink beach, kelor, kanawa Timbul Sand Destination Raja Ampat adalah kapal phinisi mewah yang menawarkan pengalaman berlayar eksklusif di Komodo Island. Dilengkapi fasilitas premium dan pelayanan profesional.",timbul sand destination raja ampat vvip komodo padar pink beach labu bajo kanawa kelor ac snorkeling labu bajo bar komodo padar pink beach kelor kanawa timbul sand destination raja ampat mewah tawar alam layar eksklusif komodo island lengkap fasilitas premium layan profesional
Pesta Perahu di Komodo,Pesta Perahu di,VVIP,-,0,-,2 - 10 Guests,"komodo, padar, pink beach, labuan bajo, kanawa, kelor","jacuzzi, ac","snorkeling, diving, kayak","ac, snorkeling, kayak, labuan bajo, komodo, padar, pink beach, jacuzzi, diving, kelor, kanawa",Pesta Perahu di adalah kapal phinisi mewah yang menawarkan pengalaman berlayar eksklusif di Komodo Island. Dilengkapi fasilitas premium dan pelayanan profesional.,https://www.komodoluxury.com/wp-content/uploads/2024/06/Untitled-3_11zon_11zon_11zon.webp,https://www.komodoluxury.com/id/boat-party-komodo/,www.komodoluxury.com,"Pesta Perahu di Komodo VVIP - 2 - 10 Guests ac, snorkeling, kayak, labuan bajo, komodo, padar, pink beach, jacuzzi, diving, kelor, kanawa","Pesta Perahu di VVIP - komodo, padar, pink beach, labuan bajo, kanawa, kelor ac, snorkeling, kayak, labuan bajo, komodo, padar, pink beach, jacuzzi, diving, kelor, kanawa Pesta Perahu di adalah kapal phinisi mewah yang menawarkan pengalaman berlayar eksklusif di Komodo Island. Dilengkapi fasilitas premium dan pelayanan profesional.",pesta perahu vvip komodo padar pink beach labu bajo kanawa kelor ac snorkeling kayak labu bajo komodo padar pink beach jacuzzi diving kelor kanawa pesta perahu mewah tawar alam layar eksklusif komodo island lengkap fasilitas premium layan profesional
Luxury Phinisi Boat Construction in Indonesia: Tailored Yachts with Heritage Craftsmanship,Construction in Indonesia: Tailored Yachts with Heritage Craftsmanship,VVIP,-,0,-,2 - 10 Guests,"komodo, padar, pink beach, labuan bajo, kanawa, kelor","ac, cabin",Private Charter,"Private Charter, ac, labuan bajo, komodo, cabin, padar, pink beach, kelor, kanawa",Construction in Indonesia: Tailored Yachts with Heritage Craftsmanship adalah kapal phinisi mewah yang menawarkan pengalaman berlayar eksklusif di Komodo Island. Dilengkapi fasilitas premium dan pelayanan profesional.,https://www.komodoluxury.com/wp-content/uploads/2025/02/exclusive-komodo-tour-komodo-luxury.webp,https://www.komodoluxury.com/id/services/boat-services/boat-construction/,www.komodoluxury.com,"Luxury Phinisi Boat Construction in Indonesia: Tailored Yachts with Heritage Craftsmanship VVIP - 2 - 10 Guests Private Charter, ac, labuan bajo, komodo, cabin, padar, pink beach, kelor, kanawa","Construction in Indonesia: Tailored Yachts with Heritage Craftsmanship VVIP - komodo, padar, pink beach, labuan bajo, kanawa, kelor Private Charter, ac, labuan bajo, komodo, cabin, padar, pink beach, kelor, kanawa Construction in Indonesia: Tailored Yachts with Heritage Craftsmanship adalah kapal phinisi mewah yang menawarkan pengalaman berlayar eksklusif di Komodo Island. Dilengkapi fasilitas premium dan pelayanan profesional.",construction in indonesia tailored yachts with heritage craftsmanship vvip komodo padar pink beach labu bajo kanawa kelor private charter ac labu bajo komodo cabin padar pink beach kelor kanawa construction in indonesia tailored yachts with heritage craftsmanship mewah tawar alam layar eksklusif komodo island lengkap fasilitas premium layan profesional
Komodo Boat Tour: Explore the National Park by Sea,: Explore the National Park by Sea,VVIP,"IDR 1,450,000,",1450000,30 days,2 - 10 Guests,"komodo, padar, pink beach, labuan bajo, kanawa, kelor","wifi, bar, ac, cabin","snorkeling, diving, trekking, private charter","ac, snorkeling, labuan bajo, bar, komodo, cabin, padar, pink beach, private charter, trekking, wifi, diving, kelor, kanawa",: Explore the National Park by Sea adalah kapal phinisi mewah yang menawarkan pengalaman berlayar eksklusif di Komodo Island. Dilengkapi fasilitas premium dan pelayanan profesional.,https://www.komodoluxury.com/wp-content/uploads/2024/07/Teman-Liveaboard-Sunset.webp,https://www.komodoluxury.com/id/tour-kapal-komodo/,www.komodoluxury.com,"Komodo Boat Tour: Explore the National Park by Sea VVIP 30 days 2 - 10 Guests ac, snorkeling, labuan bajo, bar, komodo, cabin, padar, pink beach, private charter, trekking, wifi, diving, kelor, kanawa",": Explore the National Park by Sea VVIP IDR 1,450,000, komodo, padar, pink beach, labuan bajo, kanawa, kelor ac, snorkeling, labuan bajo, bar, komodo, cabin, padar, pink beach, private charter, trekking, wifi, diving, kelor, kanawa : Explore the National Park by Sea adalah kapal phinisi mewah yang menawarkan pengalaman berlayar eksklusif di Komodo Island. Dilengkapi fasilitas premium dan pelayanan profesional.",explore national park by sea vvip komodo padar pink beach labu bajo kanawa kelor ac snorkeling labu bajo bar komodo cabin padar pink beach private charter trekking wifi diving kelor kanawa explore national park by sea mewah tawar alam layar eksklusif komodo island lengkap fasilitas premium layan profesional
Luxury Boat Repairs Service Tailored to Perfection,Repairs Service Tailored to Perfection,VVIP,"USD,",0,-,2 - 10 Guests,"komodo, padar, pink beach, labuan bajo, kanawa, kelor",ac,Private Charter,"Private Charter, ac, labuan bajo, komodo, padar, pink beach, kelor, kanawa",Repairs Service Tailored to Perfection adalah kapal phinisi mewah yang menawarkan pengalaman berlayar eksklusif di Komodo Island. Dilengkapi fasilitas premium dan pelayanan profesional.,https://www.komodoluxury.com/wp-content/uploads/2025/01/SiDatuBua_032_11zon_11zon.webp,https://www.komodoluxury.com/id/services/boat-services/boat-repair/,www.komodoluxury.com,"Luxury Boat Repairs Service Tailored to Perfection VVIP - 2 - 10 Guests Private Charter, ac, labuan bajo, komodo, padar, pink beach, kelor, kanawa","Repairs Service Tailored to Perfection VVIP USD, komodo, padar, pink beach, labuan bajo, kanawa, kelor Private Charter, ac, labuan bajo, komodo, padar, pink beach, kelor, kanawa Repairs Service Tailored to Perfection adalah kapal phinisi mewah yang menawarkan pengalaman berlayar eksklusif di Komodo Island. Dilengkapi fasilitas premium dan pelayanan profesional.",repairs service tailored perfection vvip komodo padar pink beach labu bajo kanawa kelor private charter ac labu bajo komodo padar pink beach kelor kanawa repairs service tailored perfection mewah tawar alam layar eksklusif komodo island lengkap fasilitas premium layan profesional
Komodo Yacht Charter: Private Sailing Tours From Labuan Bajo,Yacht : Sailing Tours From Labuan Bajo,VVIP,IDR 2.100.000,2100000,3D2N,2 - 10 Guests,"komodo, padar, pink beach, labuan bajo, kanawa, kelor","sun deck, jacuzzi, bar, ac, cabin, lounge, diving equipment","snorkeling, diving, trekking, island hopping","ac, lounge, snorkeling, labuan bajo, bar, sun deck, komodo, cabin, padar, pink beach, trekking, island hopping, diving equipment, jacuzzi, diving, kelor, kanawa",Yacht : Sailing Tours From Labuan Bajo adalah kapal phinisi mewah yang menawarkan pengalaman berlayar eksklusif di Komodo Island. Dilengkapi fasilitas premium dan pelayanan profesional.,https://www.komodoluxury.com/wp-content/uploads/2026/01/prana-sailing-komodo-island-luxury.webp,https://www.komodoluxury.com/id/sewa-kapal-komodo/,www.komodoluxury.com,"Komodo Yacht Charter: Private Sailing Tours From Labuan Bajo VVIP 3D2N 2 - 10 Guests ac, lounge, snorkeling, labuan bajo, bar, sun deck, komodo, cabin, padar, pink beach, trekking, island hopping, diving equipment, jacuzzi, diving, kelor, kanawa","Yacht : Sailing Tours From Labuan Bajo VVIP IDR 2.100.000 komodo, padar, pink beach, labuan bajo, kanawa, kelor ac, lounge, snorkeling, labuan bajo, bar, sun deck, komodo, cabin, padar, pink beach, trekking, island hopping, diving equipment, jacuzzi, diving, kelor, kanawa Yacht : Sailing Tours From Labuan Bajo adalah kapal phinisi mewah yang menawarkan pengalaman berlayar eksklusif di Komodo Island. Dilengkapi fasilitas premium dan pelayanan profesional.",yacht sailing tours from labu bajo vvip komodo padar pink beach labu bajo kanawa kelor ac lounge snorkeling labu bajo bar sun deck komodo cabin padar pink beach trekking island hopping diving equipment jacuzzi diving kelor kanawa yacht sailing tours from labu bajo mewah tawar alam layar eksklusif komodo island lengkap fasilitas premium layan profesional
Tidak diketahui,Tidak diketahui,VVIP,-,0,-,2 - 10 Guests,komodo,ac,Private Charter,"Private Charter, ac, komodo",Tidak diketahui adalah kapal phinisi mewah yang menawarkan pengalaman berlayar eksklusif di Komodo Island. Dilengkapi fasilitas premium dan pelayanan profesional.,https://pps.whatsapp.net/v/t61.24694-24/294946178_630185171447814_3643514107363867581_n.jpg?ccb=11-4&oh=01_Q5Aa4gGVmht2z4OQLUzbtIaeLG5dJ87ECvqURen72Qn8ljdp4A&oe=6A07E4BA&_nc_sid=5e03e0&_nc_cat=100,https://api.whatsapp.com/send/?phone=628113823875&text=hello+Komodo+Luxury&type=phone_number&app_absent=0,www.komodoluxury.com,"Tidak diketahui VVIP - 2 - 10 Guests Private Charter, ac, komodo","Tidak diketahui VVIP - komodo Private Charter, ac, komodo Tidak diketahui adalah kapal phinisi mewah yang menawarkan pengalaman berlayar eksklusif di Komodo Island. Dilengkapi fasilitas premium dan pelayanan profesional.",tahu vvip komodo private charter ac komodo tahu mewah tawar alam layar eksklusif komodo island lengkap fasilitas premium layan profesional
Komodo Shared Boat Trip 3 Days 2 Nights: Luxury Group Sailing from Labuan Bajo,Shared 3 Days 2 Nights: Group Sailing from Labuan Bajo,VVIP,IDR 11.500.000,11500000,3D2N,12 Guests,"komodo, padar, pink beach, labuan bajo, kanawa, kelor","wifi, sun deck, jacuzzi, restaurant, bar, ac, bathroom, cabin, dining area, lounge, snorkeling equipment","snorkeling, diving, trekking, private charter, open trip","snorkeling, labuan bajo, restaurant, sun deck, cabin, pink beach, kelor, kanawa, ac, lounge, komodo, padar, private charter, jacuzzi, wifi, diving, bar, trekking, dining area, snorkeling equipment, bathroom, open trip",Shared 3 Days 2 Nights: Group Sailing from Labuan Bajo adalah kapal phinisi mewah yang menawarkan pengalaman berlayar eksklusif di Komodo Island. Dilengkapi fasilitas premium dan pelayanan profesional.,https://www.komodoluxury.com/wp-content/uploads/2025/08/Komodo-Island-Komodo-National-Park-Komodo-Island-Tour-Komodo-Luxury3.webp,https://www.komodoluxury.com/id/tour-packages/komodo-island-sailing-tour-packages/open-trip/,www.komodoluxury.com,"Komodo Shared Boat Trip 3 Days 2 Nights: Luxury Group Sailing from Labuan Bajo VVIP 3D2N 12 Guests snorkeling, labuan bajo, restaurant, sun deck, cabin, pink beach, kelor, kanawa, ac, lounge, komodo, padar, private charter, jacuzzi, wifi, diving, bar, trekking, dining area, snorkeling equipment, bathroom, open trip","Shared 3 Days 2 Nights: Group Sailing from Labuan Bajo VVIP IDR 11.500.000 komodo, padar, pink beach, labuan bajo, kanawa, kelor snorkeling, labuan bajo, restaurant, sun deck, cabin, pink beach, kelor, kanawa, ac, lounge, komodo, padar, private charter, jacuzzi, wifi, diving, bar, trekking, dining area, snorkeling equipment, bathroom, open trip Shared 3 Days 2 Nights: Group Sailing from Labuan Bajo adalah kapal phinisi mewah yang menawarkan pengalaman berlayar eksklusif di Komodo Island. Dilengkapi fasilitas premium dan pelayanan profesional.",shared days nights group sailing from labu bajo vvip komodo padar pink beach labu bajo kanawa kelor snorkeling labu bajo restaurant sun deck cabin pink beach kelor kanawa ac lounge komodo padar private charter jacuzzi wifi diving bar trekking ning area snorkeling equipment bathroom open trip shared days nights group sailing from labu bajo mewah tawar alam layar eksklusif komodo island lengkap fasilitas premium layan profesional
"ULTIMATE BOAT SERVICES IN INDONESIA: DESIGN, CONSTRUCTION, MANAGEMENT & SALES","ULTIMATE SERVICES IN INDONESIA: DESIGN, CONSTRUCTION, MANAGEMENT & SALES",VVIP,-,0,-,2 - 10 Guests,"komodo, padar, pink beach, labuan bajo, kanawa, kelor","ac, cabin","snorkeling, diving, private charter","ac, snorkeling, labuan bajo, komodo, cabin, padar, pink beach, private charter, kelor, diving, kanawa","ULTIMATE SERVICES IN INDONESIA: DESIGN, CONSTRUCTION, MANAGEMENT & SALES adalah kapal phinisi mewah yang menawarkan pengalaman berlayar eksklusif di Komodo Island. Dilengkapi fasilitas premium dan pelayanan profesional.",https://www.komodoluxury.com/wp-content/uploads/2025/02/lamima-sailing-komodo-luxury.webp,https://www.komodoluxury.com/id/services/boat-services/,www.komodoluxury.com,"ULTIMATE BOAT SERVICES IN INDONESIA: DESIGN, CONSTRUCTION, MANAGEMENT & SALES VVIP - 2 - 10 Guests ac, snorkeling, labuan bajo, komodo, cabin, padar, pink beach, private charter, kelor, diving, kanawa","ULTIMATE SERVICES IN INDONESIA: DESIGN, CONSTRUCTION, MANAGEMENT & SALES VVIP - komodo, padar, pink beach, labuan bajo, kanawa, kelor ac, snorkeling, labuan bajo, komodo, cabin, padar, pink beach, private charter, kelor, diving, kanawa ULTIMATE SERVICES IN INDONESIA: DESIGN, CONSTRUCTION, MANAGEMENT & SALES adalah kapal phinisi mewah yang menawarkan pengalaman berlayar eksklusif di Komodo Island. Dilengkapi fasilitas premium dan pelayanan profesional.",ultimate services in indonesia design construction management sales vvip komodo padar pink beach labu bajo kanawa kelor ac snorkeling labu bajo komodo cabin padar pink beach private charter kelor diving kanawa ultimate services in indonesia design construction management sales mewah tawar alam layar eksklusif komodo island lengkap fasilitas premium layan profesional
Batu Bolong Destination,Batu Bolong Destination,VVIP,IDR 86.190.000,86190000,-,2 - 10 Guests,"komodo, padar, pink beach, labuan bajo, kanawa, kelor","bar, ac","snorkeling, diving, trekking, private charter","ac, snorkeling, labuan bajo, bar, komodo, padar, pink beach, private charter, trekking, diving, kelor, kanawa",Batu Bolong Destination adalah kapal phinisi mewah yang menawarkan pengalaman berlayar eksklusif di Komodo Island. Dilengkapi fasilitas premium dan pelayanan profesional.,https://www.komodoluxury.com/wp-content/uploads/2024/07/pexels-ylanite-koppens-697662-2-2-1.jpg,https://www.komodoluxury.com/id/destination/komodo-national-park/batu-bolong/,www.komodoluxury.com,"Batu Bolong Destination VVIP - 2 - 10 Guests ac, snorkeling, labuan bajo, bar, komodo, padar, pink beach, private charter, trekking, diving, kelor, kanawa","Batu Bolong Destination VVIP IDR 86.190.000 komodo, padar, pink beach, labuan bajo, kanawa, kelor ac, snorkeling, labuan bajo, bar, komodo, padar, pink beach, private charter, trekking, diving, kelor, kanawa Batu Bolong Destination adalah kapal phinisi mewah yang menawarkan pengalaman berlayar eksklusif di Komodo Island. Dilengkapi fasilitas premium dan pelayanan profesional.",batu bolong destination vvip komodo padar pink beach labu bajo kanawa kelor ac snorkeling labu bajo bar komodo padar pink beach private charter trekking diving kelor kanawa batu bolong destination mewah tawar alam layar eksklusif komodo island lengkap fasilitas premium layan profesional
Fenides,Fenides,VVIP,IDR 2.100.000,2100000,1 DAY,2 - 10 Guests,"komodo, padar, pink beach, labuan bajo, kanawa, kelor","bar, ac, lounge","snorkeling, trekking","ac, lounge, snorkeling, labuan bajo, bar, komodo, padar, pink beach, trekking, kelor, kanawa",Fenides adalah kapal phinisi mewah yang menawarkan pengalaman berlayar eksklusif di Komodo Island. Dilengkapi fasilitas premium dan pelayanan profesional.,https://www.komodoluxury.com/wp-content/uploads/2024/07/FENIDES.webp,https://www.komodoluxury.com/id/sewa-kapal/vvip/fenides/,www.komodoluxury.com,"Fenides VVIP 1 DAY 2 - 10 Guests ac, lounge, snorkeling, labuan bajo, bar, komodo, padar, pink beach, trekking, kelor, kanawa","Fenides VVIP IDR 2.100.000 komodo, padar, pink beach, labuan bajo, kanawa, kelor ac, lounge, snorkeling, labuan bajo, bar, komodo, padar, pink beach, trekking, kelor, kanawa Fenides adalah kapal phinisi mewah yang menawarkan pengalaman berlayar eksklusif di Komodo Island. Dilengkapi fasilitas premium dan pelayanan profesional.",fenides vvip komodo padar pink beach labu bajo kanawa kelor ac lounge snorkeling labu bajo bar komodo padar pink beach trekking kelor kanawa fenides mewah tawar alam layar eksklusif komodo island lengkap fasilitas premium layan profesional
Padar Island Destination,Padar Island Destination,VVIP,IDR 86.190.000,86190000,3D2N,2 - 10 Guests,"komodo, padar, pink beach, labuan bajo, kanawa, kelor","restaurant, bar, ac","snorkeling, trekking","ac, snorkeling, labuan bajo, bar, restaurant, komodo, padar, pink beach, trekking, kelor, kanawa",Padar Island Destination adalah kapal phinisi mewah yang menawarkan pengalaman berlayar eksklusif di Komodo Island. Dilengkapi fasilitas premium dan pelayanan profesional.,https://www.komodoluxury.com/wp-content/uploads/2024/07/pexels-ylanite-koppens-697662-2-2-1.jpg,https://www.komodoluxury.com/id/destination/komodo-national-park/padar-island/,www.komodoluxury.com,"Padar Island Destination VVIP 3D2N 2 - 10 Guests ac, snorkeling, labuan bajo, bar, restaurant, komodo, padar, pink beach, trekking, kelor, kanawa","Padar Island Destination VVIP IDR 86.190.000 komodo, padar, pink beach, labuan bajo, kanawa, kelor ac, snorkeling, labuan bajo, bar, restaurant, komodo, padar, pink beach, trekking, kelor, kanawa Padar Island Destination adalah kapal phinisi mewah yang menawarkan pengalaman berlayar eksklusif di Komodo Island. Dilengkapi fasilitas premium dan pelayanan profesional.",padar island destination vvip komodo padar pink beach labu bajo kanawa kelor ac snorkeling labu bajo bar restaurant komodo padar pink beach trekking kelor kanawa padar island destination mewah tawar alam layar eksklusif komodo island lengkap fasilitas premium layan profesional
VIP Boat Selection in Komodo Island,VIP Selection in Island,VVIP,"IDR 73,000,000",73000000,-,44 Guests,"komodo, padar, pink beach, labuan bajo, kanawa, kelor","jacuzzi, ac, bathroom, cabin, lounge, snorkeling equipment","snorkeling, diving, private charter, open trip, kayak","ac, lounge, snorkeling, kayak, labuan bajo, snorkeling equipment, komodo, cabin, padar, pink beach, bathroom, private charter, jacuzzi, diving, kelor, kanawa, open trip",VIP Selection in Island adalah kapal phinisi mewah yang menawarkan pengalaman berlayar eksklusif di Komodo Island. Dilengkapi fasilitas premium dan pelayanan profesional.,https://www.komodoluxury.com/wp-content/uploads/2024/07/Pinta-Exterior-3.webp,https://www.komodoluxury.com/id/sewa-kapal/vip/,www.komodoluxury.com,"VIP Boat Selection in Komodo Island VVIP - 44 Guests ac, lounge, snorkeling, kayak, labuan bajo, snorkeling equipment, komodo, cabin, padar, pink beach, bathroom, private charter, jacuzzi, diving, kelor, kanawa, open trip","VIP Selection in Island VVIP IDR 73,000,000 komodo, padar, pink beach, labuan bajo, kanawa, kelor ac, lounge, snorkeling, kayak, labuan bajo, snorkeling equipment, komodo, cabin, padar, pink beach, bathroom, private charter, jacuzzi, diving, kelor, kanawa, open trip VIP Selection in Island adalah kapal phinisi mewah yang menawarkan pengalaman berlayar eksklusif di Komodo Island. Dilengkapi fasilitas premium dan pelayanan profesional.",vip selection in island vvip komodo padar pink beach labu bajo kanawa kelor ac lounge snorkeling kayak labu bajo snorkeling equipment komodo cabin padar pink beach bathroom private charter jacuzzi diving kelor kanawa open trip vip selection in island mewah tawar alam layar eksklusif komodo island lengkap fasilitas premium layan profesional
Taka Makassar: destinasi,Taka Makassar: destinasi,VVIP,IDR 86.190.000,86190000,-,2 - 10 Guests,"komodo, padar, pink beach, labuan bajo, kanawa, kelor","bar, ac","snorkeling, trekking","ac, snorkeling, labuan bajo, bar, komodo, padar, pink beach, trekking, kelor, kanawa",Taka Makassar: destinasi adalah kapal phinisi mewah yang menawarkan pengalaman berlayar eksklusif di Komodo Island. Dilengkapi fasilitas premium dan pelayanan profesional.,https://www.komodoluxury.com/wp-content/uploads/2024/07/pexels-ylanite-koppens-697662-2-2-1.jpg,https://www.komodoluxury.com/id/destination/komodo-national-park/taka-makassar/,www.komodoluxury.com,"Taka Makassar: destinasi VVIP - 2 - 10 Guests ac, snorkeling, labuan bajo, bar, komodo, padar, pink beach, trekking, kelor, kanawa","Taka Makassar: destinasi VVIP IDR 86.190.000 komodo, padar, pink beach, labuan bajo, kanawa, kelor ac, snorkeling, labuan bajo, bar, komodo, padar, pink beach, trekking, kelor, kanawa Taka Makassar: destinasi adalah kapal phinisi mewah yang menawarkan pengalaman berlayar eksklusif di Komodo Island. Dilengkapi fasilitas premium dan pelayanan profesional.",taka makassar destinasi vvip komodo padar pink beach labu bajo kanawa kelor ac snorkeling labu bajo bar komodo padar pink beach trekking kelor kanawa taka makassar destinasi mewah tawar alam layar eksklusif komodo island lengkap fasilitas premium layan profesional
Komodo Signature oleh Komodo Luxury,Signature oleh,VVIP,"USD 30,000",30000,-,20 Guests,"komodo, padar, pink beach, labuan bajo, kanawa, kelor","jacuzzi, ac, cabin, lounge",private charter,"ac, lounge, labuan bajo, komodo, cabin, padar, pink beach, private charter, jacuzzi, kelor, kanawa",Signature oleh adalah kapal phinisi mewah yang menawarkan pengalaman berlayar eksklusif di Komodo Island. Dilengkapi fasilitas premium dan pelayanan profesional.,https://www.komodoluxury.com/wp-content/uploads/2026/02/signature-liveartboard1-1024x765.webp,https://www.komodoluxury.com/id/our-fleet/komodo-signature/,www.komodoluxury.com,"Komodo Signature oleh Komodo Luxury VVIP - 20 Guests ac, lounge, labuan bajo, komodo, cabin, padar, pink beach, private charter, jacuzzi, kelor, kanawa","Signature oleh VVIP USD 30,000 komodo, padar, pink beach, labuan bajo, kanawa, kelor ac, lounge, labuan bajo, komodo, cabin, padar, pink beach, private charter, jacuzzi, kelor, kanawa Signature oleh adalah kapal phinisi mewah yang menawarkan pengalaman berlayar eksklusif di Komodo Island. Dilengkapi fasilitas premium dan pelayanan profesional.",signature vvip komodo padar pink beach labu bajo kanawa kelor ac lounge labu bajo komodo cabin padar pink beach private charter jacuzzi kelor kanawa signature mewah tawar alam layar eksklusif komodo island lengkap fasilitas premium layan profesional
Lombok to Komodo Boat Trip (4D3N Phinisi Sailing Tour),Lombok to (4D3N Sailing ),VVIP,"IDR 12,250,000",12250000,4D3N,2 - 10 Guests,"komodo, padar, pink beach, labuan bajo, kanawa, kelor","jacuzzi, bar, ac, bathroom, cabin, dining area, lounge, snorkeling equipment, kitchen","snorkeling, trekking, open trip","ac, dining area, lounge, snorkeling, labuan bajo, bar, snorkeling equipment, komodo, cabin, kitchen, padar, trekking, pink beach, bathroom, jacuzzi, kelor, kanawa, open trip",Lombok to (4D3N Sailing ) adalah kapal phinisi mewah yang menawarkan pengalaman berlayar eksklusif di Komodo Island. Dilengkapi fasilitas premium dan pelayanan profesional.,https://www.komodoluxury.com/wp-content/uploads/2025/02/Exterior-Boat-2.webp,https://www.komodoluxury.com/id/tour-packages/lombok-tour-packages/lombok-to-komodo/,www.komodoluxury.com,"Lombok to Komodo Boat Trip (4D3N Phinisi Sailing Tour) VVIP 4D3N 2 - 10 Guests ac, dining area, lounge, snorkeling, labuan bajo, bar, snorkeling equipment, komodo, cabin, kitchen, padar, trekking, pink beach, bathroom, jacuzzi, kelor, kanawa, open trip","Lombok to (4D3N Sailing ) VVIP IDR 12,250,000 komodo, padar, pink beach, labuan bajo, kanawa, kelor ac, dining area, lounge, snorkeling, labuan bajo, bar, snorkeling equipment, komodo, cabin, kitchen, padar, trekking, pink beach, bathroom, jacuzzi, kelor, kanawa, open trip Lombok to (4D3N Sailing ) adalah kapal phinisi mewah yang menawarkan pengalaman berlayar eksklusif di Komodo Island. Dilengkapi fasilitas premium dan pelayanan profesional.",lombok d n sailing vvip komodo padar pink beach labu bajo kanawa kelor ac ning area lounge snorkeling labu bajo bar snorkeling equipment komodo cabin kitchen padar trekking pink beach bathroom jacuzzi kelor kanawa open trip lombok d n sailing mewah tawar alam layar eksklusif komodo island lengkap fasilitas premium layan profesional
Silolona,Silolona,VVIP,IDR 2.100.000,2100000,1 DAY,2 - 10 Guests,"komodo, padar, pink beach, labuan bajo, kanawa, kelor","bar, ac, lounge","snorkeling, trekking","ac, lounge, snorkeling, labuan bajo, bar, komodo, padar, pink beach, trekking, kelor, kanawa",Silolona adalah kapal phinisi mewah yang menawarkan pengalaman berlayar eksklusif di Komodo Island. Dilengkapi fasilitas premium dan pelayanan profesional.,https://www.komodoluxury.com/wp-content/uploads/2024/07/SILOLONA.webp,https://www.komodoluxury.com/id/sewa-kapal/vvip/silolona/,www.komodoluxury.com,"Silolona VVIP 1 DAY 2 - 10 Guests ac, lounge, snorkeling, labuan bajo, bar, komodo, padar, pink beach, trekking, kelor, kanawa","Silolona VVIP IDR 2.100.000 komodo, padar, pink beach, labuan bajo, kanawa, kelor ac, lounge, snorkeling, labuan bajo, bar, komodo, padar, pink beach, trekking, kelor, kanawa Silolona adalah kapal phinisi mewah yang menawarkan pengalaman berlayar eksklusif di Komodo Island. Dilengkapi fasilitas premium dan pelayanan profesional.",silolona vvip komodo padar pink beach labu bajo kanawa kelor ac lounge snorkeling labu bajo bar komodo padar pink beach trekking kelor kanawa silolona mewah tawar alam layar eksklusif komodo island lengkap fasilitas premium layan profesional
Explore Exclusive Luxury Boats for Sale in Komodo and Beyond,Explore Exclusive Boats for Sale in and Beyond,VVIP,USD 153.000,153000,-,2 - 10 Guests,"komodo, padar, pink beach, labuan bajo, kanawa, kelor","bar, ac, cabin","diving, island hopping","ac, labuan bajo, bar, komodo, cabin, padar, pink beach, island hopping, kelor, diving, kanawa",Explore Exclusive Boats for Sale in and Beyond adalah kapal phinisi mewah yang menawarkan pengalaman berlayar eksklusif di Komodo Island. Dilengkapi fasilitas premium dan pelayanan profesional.,https://www.komodoluxury.com/wp-content/uploads/2024/07/Boat-Construction-19-2.webp,https://www.komodoluxury.com/id/services/boat-services/boat-for-sale/,www.komodoluxury.com,"Explore Exclusive Luxury Boats for Sale in Komodo and Beyond VVIP - 2 - 10 Guests ac, labuan bajo, bar, komodo, cabin, padar, pink beach, island hopping, kelor, diving, kanawa","Explore Exclusive Boats for Sale in and Beyond VVIP USD 153.000 komodo, padar, pink beach, labuan bajo, kanawa, kelor ac, labuan bajo, bar, komodo, cabin, padar, pink beach, island hopping, kelor, diving, kanawa Explore Exclusive Boats for Sale in and Beyond adalah kapal phinisi mewah yang menawarkan pengalaman berlayar eksklusif di Komodo Island. Dilengkapi fasilitas premium dan pelayanan profesional.",explore exclusive boats for sale in beyond vvip komodo padar pink beach labu bajo kanawa kelor ac labu bajo bar komodo cabin padar pink beach island hopping kelor diving kanawa explore exclusive boats for sale in beyond mewah tawar alam layar eksklusif komodo island lengkap fasilitas premium layan profesional
Piaynemo Destination Raja Ampat,Piaynemo Destination Raja Ampat,VVIP,IDR 86.190.000,86190000,-,2 - 10 Guests,"komodo, padar, pink beach, labuan bajo, kanawa, kelor","bar, ac","snorkeling, diving, kayak","ac, snorkeling, kayak, labuan bajo, bar, komodo, padar, pink beach, kelor, diving, kanawa",Piaynemo Destination Raja Ampat adalah kapal phinisi mewah yang menawarkan pengalaman berlayar eksklusif di Komodo Island. Dilengkapi fasilitas premium dan pelayanan profesional.,https://www.komodoluxury.com/wp-content/uploads/2024/07/pexels-ylanite-koppens-697662-2-2-1.jpg,https://www.komodoluxury.com/id/destination/raja-ampat/piaynemo/,www.komodoluxury.com,"Piaynemo Destination Raja Ampat VVIP - 2 - 10 Guests ac, snorkeling, kayak, labuan bajo, bar, komodo, padar, pink beach, kelor, diving, kanawa","Piaynemo Destination Raja Ampat VVIP IDR 86.190.000 komodo, padar, pink beach, labuan bajo, kanawa, kelor ac, snorkeling, kayak, labuan bajo, bar, komodo, padar, pink beach, kelor, diving, kanawa Piaynemo Destination Raja Ampat adalah kapal phinisi mewah yang menawarkan pengalaman berlayar eksklusif di Komodo Island. Dilengkapi fasilitas premium dan pelayanan profesional.",piaynemo destination raja ampat vvip komodo padar pink beach labu bajo kanawa kelor ac snorkeling kayak labu bajo bar komodo padar pink beach kelor diving kanawa piaynemo destination raja ampat mewah tawar alam layar eksklusif komodo island lengkap fasilitas premium layan profesional
Tur Komodo Hari Kerja 3 hari 2 malam keberangkatan Senin–Rabu),Tur Hari Kerja 3 hari 2 malam keberangkatan Senin–Rabu),VVIP,IDR 4.000.000,4000000,3D2N,2 - 10 Guests,"komodo, padar, pink beach, labuan bajo, kanawa, kelor","bar, ac","snorkeling, trekking, open trip","ac, snorkeling, labuan bajo, bar, komodo, padar, pink beach, trekking, open trip, kelor, kanawa",Tur Hari Kerja 3 hari 2 malam keberangkatan Senin–Rabu) adalah kapal phinisi mewah yang menawarkan pengalaman berlayar eksklusif di Komodo Island. Dilengkapi fasilitas premium dan pelayanan profesional.,https://www.komodoluxury.com/wp-content/uploads/2024/11/manjarite-island-komodo-luxury.webp,https://www.komodoluxury.com/id/tour-packages/komodo-island-sailing-tour-packages/open-trip-komodo-weekday/,www.komodoluxury.com,"Tur Komodo Hari Kerja 3 hari 2 malam keberangkatan Senin–Rabu) VVIP 3D2N 2 - 10 Guests ac, snorkeling, labuan bajo, bar, komodo, padar, pink beach, trekking, open trip, kelor, kanawa","Tur Hari Kerja 3 hari 2 malam keberangkatan Senin–Rabu) VVIP IDR 4.000.000 komodo, padar, pink beach, labuan bajo, kanawa, kelor ac, snorkeling, labuan bajo, bar, komodo, padar, pink beach, trekking, open trip, kelor, kanawa Tur Hari Kerja 3 hari 2 malam keberangkatan Senin–Rabu) adalah kapal phinisi mewah yang menawarkan pengalaman berlayar eksklusif di Komodo Island. Dilengkapi fasilitas premium dan pelayanan profesional.",tur hari kerja hari malam berangkat senin rabu vvip komodo padar pink beach labu bajo kanawa kelor ac snorkeling labu bajo bar komodo padar pink beach trekking open trip kelor kanawa tur hari kerja hari malam berangkat senin rabu mewah tawar alam layar eksklusif komodo island lengkap fasilitas premium layan profesional
Komodo National Park: Luxury Adventures in Nature's Paradise,National Park: Adventures in Nature's Paradise,VVIP,IDR 86.190.000,86190000,-,2 - 10 Guests,"komodo, padar, pink beach, labuan bajo, kanawa, kelor","bar, ac, cabin","snorkeling, diving, trekking","ac, snorkeling, labuan bajo, bar, komodo, cabin, padar, pink beach, trekking, diving, kelor, kanawa",National Park: Adventures in Nature's Paradise adalah kapal phinisi mewah yang menawarkan pengalaman berlayar eksklusif di Komodo Island. Dilengkapi fasilitas premium dan pelayanan profesional.,https://www.komodoluxury.com/wp-content/uploads/2025/08/Komodo-Island-Komodo-National-Park-Komodo-Island-Tour-Komodo-Luxury3.webp,https://www.komodoluxury.com/id/destination/komodo-national-park/,www.komodoluxury.com,"Komodo National Park: Luxury Adventures in Nature's Paradise VVIP - 2 - 10 Guests ac, snorkeling, labuan bajo, bar, komodo, cabin, padar, pink beach, trekking, diving, kelor, kanawa","National Park: Adventures in Nature's Paradise VVIP IDR 86.190.000 komodo, padar, pink beach, labuan bajo, kanawa, kelor ac, snorkeling, labuan bajo, bar, komodo, cabin, padar, pink beach, trekking, diving, kelor, kanawa National Park: Adventures in Nature's Paradise adalah kapal phinisi mewah yang menawarkan pengalaman berlayar eksklusif di Komodo Island. Dilengkapi fasilitas premium dan pelayanan profesional.",national park adventures in natures paradise vvip komodo padar pink beach labu bajo kanawa kelor ac snorkeling labu bajo bar komodo cabin padar pink beach trekking diving kelor kanawa national park adventures in natures paradise mewah tawar alam layar eksklusif komodo island lengkap fasilitas premium layan profesional
Boat Charter Komodo Island: Luxury Yacht & Phinisi Experience,Island: Yacht &,VVIP,IDR 86.190.000,86190000,-,3 Guests,"komodo, padar, pink beach, labuan bajo, kanawa, kelor","bar, ac, bathroom, cabin, snorkeling equipment","snorkeling, diving, private charter","ac, snorkeling, labuan bajo, bar, snorkeling equipment, komodo, cabin, padar, pink beach, bathroom, private charter, kelor, diving, kanawa",Island: Yacht & adalah kapal phinisi mewah yang menawarkan pengalaman berlayar eksklusif di Komodo Island. Dilengkapi fasilitas premium dan pelayanan profesional.,https://www.komodoluxury.com/wp-content/uploads/2024/07/lamain-2-exterior-1.webp,https://www.komodoluxury.com/id/boat-charter-komodo-island/,www.komodoluxury.com,"Boat Charter Komodo Island: Luxury Yacht & Phinisi Experience VVIP - 3 Guests ac, snorkeling, labuan bajo, bar, snorkeling equipment, komodo, cabin, padar, pink beach, bathroom, private charter, kelor, diving, kanawa","Island: Yacht & VVIP IDR 86.190.000 komodo, padar, pink beach, labuan bajo, kanawa, kelor ac, snorkeling, labuan bajo, bar, snorkeling equipment, komodo, cabin, padar, pink beach, bathroom, private charter, kelor, diving, kanawa Island: Yacht & adalah kapal phinisi mewah yang menawarkan pengalaman berlayar eksklusif di Komodo Island. Dilengkapi fasilitas premium dan pelayanan profesional.",island yacht vvip komodo padar pink beach labu bajo kanawa kelor ac snorkeling labu bajo bar snorkeling equipment komodo cabin padar pink beach bathroom private charter kelor diving kanawa island yacht mewah tawar alam layar eksklusif komodo island lengkap fasilitas premium layan profesional
Komodo Tour From Bali,From Bali,VVIP,"IDR 250,000",250000,5 days,2 - 10 Guests,"komodo, padar, pink beach, labuan bajo, kanawa, kelor","restaurant, bar, ac, bathroom, cabin, snorkeling equipment","snorkeling, diving, trekking, island hopping, private charter","ac, snorkeling, labuan bajo, bar, restaurant, snorkeling equipment, cabin, komodo, padar, pink beach, island hopping, bathroom, private charter, trekking, diving, kelor, kanawa",From Bali adalah kapal phinisi mewah yang menawarkan pengalaman berlayar eksklusif di Komodo Island. Dilengkapi fasilitas premium dan pelayanan profesional.,https://www.komodoluxury.com/wp-content/uploads/2026/02/Manjarite-Island-Komodo-Komodo-Island-tour-Komodo-Luxury-e1770092015876.webp,https://www.komodoluxury.com/id/tour-komodo-dari-bali/,www.komodoluxury.com,"Komodo Tour From Bali VVIP 5 days 2 - 10 Guests ac, snorkeling, labuan bajo, bar, restaurant, snorkeling equipment, cabin, komodo, padar, pink beach, island hopping, bathroom, private charter, trekking, diving, kelor, kanawa","From Bali VVIP IDR 250,000 komodo, padar, pink beach, labuan bajo, kanawa, kelor ac, snorkeling, labuan bajo, bar, restaurant, snorkeling equipment, cabin, komodo, padar, pink beach, island hopping, bathroom, private charter, trekking, diving, kelor, kanawa From Bali adalah kapal phinisi mewah yang menawarkan pengalaman berlayar eksklusif di Komodo Island. Dilengkapi fasilitas premium dan pelayanan profesional.",from bal vvip komodo padar pink beach labu bajo kanawa kelor ac snorkeling labu bajo bar restaurant snorkeling equipment cabin komodo padar pink beach island hopping bathroom private charter trekking diving kelor kanawa from bal mewah tawar alam layar eksklusif komodo island lengkap fasilitas premium layan profesional
Layanan Pengelolaan Kapal Mewah di Indonesia: Ditangani dengan Profesional dan Penuh Perhatian,Layanan Pengelolaan Mewah di Indonesia: Ditangani dengan Profesional dan Penuh Perhatian,VVIP,-,0,-,2 - 10 Guests,"komodo, padar, pink beach, labuan bajo, kanawa, kelor",ac,"snorkeling, diving","ac, snorkeling, labuan bajo, komodo, padar, pink beach, kelor, diving, kanawa",Layanan Pengelolaan Mewah di Indonesia: Ditangani dengan Profesional dan Penuh Perhatian adalah kapal phinisi mewah yang menawarkan pengalaman berlayar eksklusif di Komodo Island. Dilengkapi fasilitas premium dan pelayanan profesional.,https://www.komodoluxury.com/wp-content/uploads/2024/12/Sailing-KL-2.webp,https://www.komodoluxury.com/id/services/boat-services/boat-management/,www.komodoluxury.com,"Layanan Pengelolaan Kapal Mewah di Indonesia: Ditangani dengan Profesional dan Penuh Perhatian VVIP - 2 - 10 Guests ac, snorkeling, labuan bajo, komodo, padar, pink beach, kelor, diving, kanawa","Layanan Pengelolaan Mewah di Indonesia: Ditangani dengan Profesional dan Penuh Perhatian VVIP - komodo, padar, pink beach, labuan bajo, kanawa, kelor ac, snorkeling, labuan bajo, komodo, padar, pink beach, kelor, diving, kanawa Layanan Pengelolaan Mewah di Indonesia: Ditangani dengan Profesional dan Penuh Perhatian adalah kapal phinisi mewah yang menawarkan pengalaman berlayar eksklusif di Komodo Island. Dilengkapi fasilitas premium dan pelayanan profesional.",layan kelola mewah indonesia tangan profesional penuh perhati vvip komodo padar pink beach labu bajo kanawa kelor ac snorkeling labu bajo komodo padar pink beach kelor diving kanawa layan kelola mewah indonesia tangan profesional penuh perhati mewah tawar alam layar eksklusif komodo island lengkap fasilitas premium layan profesional
Sebayur Island Destination,Sebayur Island Destination,VVIP,IDR 86.190.000,86190000,-,2 - 10 Guests,"komodo, padar, pink beach, labuan bajo, kanawa, kelor","bar, ac","snorkeling, diving, trekking, private charter","ac, snorkeling, labuan bajo, bar, komodo, padar, pink beach, private charter, trekking, diving, kelor, kanawa",Sebayur Island Destination adalah kapal phinisi mewah yang menawarkan pengalaman berlayar eksklusif di Komodo Island. Dilengkapi fasilitas premium dan pelayanan profesional.,https://www.komodoluxury.com/wp-content/uploads/2024/07/pexels-ylanite-koppens-697662-2-2-1.jpg,https://www.komodoluxury.com/id/destination/komodo-national-park/sebayur-island/,www.komodoluxury.com,"Sebayur Island Destination VVIP - 2 - 10 Guests ac, snorkeling, labuan bajo, bar, komodo, padar, pink beach, private charter, trekking, diving, kelor, kanawa","Sebayur Island Destination VVIP IDR 86.190.000 komodo, padar, pink beach, labuan bajo, kanawa, kelor ac, snorkeling, labuan bajo, bar, komodo, padar, pink beach, private charter, trekking, diving, kelor, kanawa Sebayur Island Destination adalah kapal phinisi mewah yang menawarkan pengalaman berlayar eksklusif di Komodo Island. Dilengkapi fasilitas premium dan pelayanan profesional.",bayur island destination vvip komodo padar pink beach labu bajo kanawa kelor ac snorkeling labu bajo bar komodo padar pink beach private charter trekking diving kelor kanawa bayur island destination mewah tawar alam layar eksklusif komodo island lengkap fasilitas premium layan profesional
Komodo Luxury Fleet Collection,Fleet Collection,VVIP,USD 20.000,20000,-,16 Guests,"komodo, padar, pink beach, labuan bajo, kanawa, kelor","jacuzzi, ac, cabin, lounge","diving, private charter","ac, lounge, labuan bajo, komodo, cabin, padar, pink beach, private charter, jacuzzi, diving, kelor, kanawa",Fleet Collection adalah kapal phinisi mewah yang menawarkan pengalaman berlayar eksklusif di Komodo Island. Dilengkapi fasilitas premium dan pelayanan profesional.,https://www.komodoluxury.com/wp-content/uploads/2026/02/Komodo-Prestige-by-Komodo-Luxury.webp,https://www.komodoluxury.com/id/our-fleet/,www.komodoluxury.com,"Komodo Luxury Fleet Collection VVIP - 16 Guests ac, lounge, labuan bajo, komodo, cabin, padar, pink beach, private charter, jacuzzi, diving, kelor, kanawa","Fleet Collection VVIP USD 20.000 komodo, padar, pink beach, labuan bajo, kanawa, kelor ac, lounge, labuan bajo, komodo, cabin, padar, pink beach, private charter, jacuzzi, diving, kelor, kanawa Fleet Collection adalah kapal phinisi mewah yang menawarkan pengalaman berlayar eksklusif di Komodo Island. Dilengkapi fasilitas premium dan pelayanan profesional.",fleet collection vvip komodo padar pink beach labu bajo kanawa kelor ac lounge labu bajo komodo cabin padar pink beach private charter jacuzzi diving kelor kanawa fleet collection mewah tawar alam layar eksklusif komodo island lengkap fasilitas premium layan profesional
Triton Bay Kaimana Liveaboard 12 Hari 11 Malam - Petualangan Raja Ampat yang Tak Terlupakan,Triton Bay Kaimana 12 Hari 11 Malam - Petualangan Raja Ampat yang Tak Terlupakan,VVIP,-,0,12D11N,2 - 10 Guests,"komodo, padar, pink beach, labuan bajo, kanawa, kelor","jacuzzi, bar, ac, lounge","snorkeling, trekking, kayak","ac, snorkeling, lounge, kayak, labuan bajo, bar, komodo, padar, pink beach, trekking, jacuzzi, kelor, kanawa",Triton Bay Kaimana 12 Hari 11 Malam - Petualangan Raja Ampat yang Tak Terlupakan adalah kapal phinisi mewah yang menawarkan pengalaman berlayar eksklusif di Komodo Island. Dilengkapi fasilitas premium dan pelayanan profesional.,https://www.komodoluxury.com/wp-content/uploads/2026/02/Tripadvisor-Awards-2025-White-crop.webp,https://www.komodoluxury.com/id/tour-packages/triton-bay-kaimana-tour-package/,www.komodoluxury.com,"Triton Bay Kaimana Liveaboard 12 Hari 11 Malam - Petualangan Raja Ampat yang Tak Terlupakan VVIP 12D11N 2 - 10 Guests ac, snorkeling, lounge, kayak, labuan bajo, bar, komodo, padar, pink beach, trekking, jacuzzi, kelor, kanawa","Triton Bay Kaimana 12 Hari 11 Malam - Petualangan Raja Ampat yang Tak Terlupakan VVIP - komodo, padar, pink beach, labuan bajo, kanawa, kelor ac, snorkeling, lounge, kayak, labuan bajo, bar, komodo, padar, pink beach, trekking, jacuzzi, kelor, kanawa Triton Bay Kaimana 12 Hari 11 Malam - Petualangan Raja Ampat yang Tak Terlupakan adalah kapal phinisi mewah yang menawarkan pengalaman berlayar eksklusif di Komodo Island. Dilengkapi fasilitas premium dan pelayanan profesional.",triton bay kaimana hari malam tualang raja ampat tak lupa vvip komodo padar pink beach labu bajo kanawa kelor ac snorkeling lounge kayak labu bajo bar komodo padar pink beach trekking jacuzzi kelor kanawa triton bay kaimana hari malam tualang raja ampat tak lupa mewah tawar alam layar eksklusif komodo island lengkap fasilitas premium layan profesional
Tur Pelayaran Mewah & Menginap di Phinisi Raja Ampat Phinisi,Tur Pelayaran Mewah & Menginap di Raja Ampat,VVIP,IDR 86.190.000,86190000,7D6N,2 - 10 Guests,"komodo, padar, pink beach, labuan bajo, kanawa, kelor","bar, ac, bathroom, cabin","snorkeling, diving, trekking, private charter, open trip","ac, snorkeling, labuan bajo, bar, komodo, cabin, padar, pink beach, bathroom, private charter, trekking, diving, kelor, kanawa, open trip",Tur Pelayaran Mewah & Menginap di Raja Ampat adalah kapal phinisi mewah yang menawarkan pengalaman berlayar eksklusif di Komodo Island. Dilengkapi fasilitas premium dan pelayanan profesional.,https://www.komodoluxury.com/wp-content/uploads/2024/12/raja-ampat-sailing-liveaboard-diving-snorkeling.webp,https://www.komodoluxury.com/id/tour-packages/raja-ampat-sailing-tour-packages/,www.komodoluxury.com,"Tur Pelayaran Mewah & Menginap di Phinisi Raja Ampat Phinisi VVIP 7D6N 2 - 10 Guests ac, snorkeling, labuan bajo, bar, komodo, cabin, padar, pink beach, bathroom, private charter, trekking, diving, kelor, kanawa, open trip","Tur Pelayaran Mewah & Menginap di Raja Ampat VVIP IDR 86.190.000 komodo, padar, pink beach, labuan bajo, kanawa, kelor ac, snorkeling, labuan bajo, bar, komodo, cabin, padar, pink beach, bathroom, private charter, trekking, diving, kelor, kanawa, open trip Tur Pelayaran Mewah & Menginap di Raja Ampat adalah kapal phinisi mewah yang menawarkan pengalaman berlayar eksklusif di Komodo Island. Dilengkapi fasilitas premium dan pelayanan profesional.",tur layar mewah inap raja ampat vvip komodo padar pink beach labu bajo kanawa kelor ac snorkeling labu bajo bar komodo cabin padar pink beach bathroom private charter trekking diving kelor kanawa open trip tur layar mewah inap raja ampat mewah tawar alam layar eksklusif komodo island lengkap fasilitas premium layan profesional
Kelor Island Destination,Kelor Island Destination,VVIP,IDR 86.190.000,86190000,-,2 - 10 Guests,"komodo, padar, pink beach, labuan bajo, kanawa, kelor","restaurant, bar, ac","snorkeling, trekking, private charter, kayak","ac, snorkeling, kayak, labuan bajo, bar, restaurant, komodo, padar, pink beach, private charter, trekking, kelor, kanawa",Kelor Island Destination adalah kapal phinisi mewah yang menawarkan pengalaman berlayar eksklusif di Komodo Island. Dilengkapi fasilitas premium dan pelayanan profesional.,https://www.komodoluxury.com/wp-content/uploads/2024/07/pexels-ylanite-koppens-697662-2-2-1.jpg,https://www.komodoluxury.com/id/destination/komodo-national-park/kelor-island/,www.komodoluxury.com,"Kelor Island Destination VVIP - 2 - 10 Guests ac, snorkeling, kayak, labuan bajo, bar, restaurant, komodo, padar, pink beach, private charter, trekking, kelor, kanawa","Kelor Island Destination VVIP IDR 86.190.000 komodo, padar, pink beach, labuan bajo, kanawa, kelor ac, snorkeling, kayak, labuan bajo, bar, restaurant, komodo, padar, pink beach, private charter, trekking, kelor, kanawa Kelor Island Destination adalah kapal phinisi mewah yang menawarkan pengalaman berlayar eksklusif di Komodo Island. Dilengkapi fasilitas premium dan pelayanan profesional.",kelor island destination vvip komodo padar pink beach labu bajo kanawa kelor ac snorkeling kayak labu bajo bar restaurant komodo padar pink beach private charter trekking kelor kanawa kelor island destination mewah tawar alam layar eksklusif komodo island lengkap fasilitas premium layan profesional
Komodo Island Tour - 9D8N Komodo Tour,Island - 9D8N,VVIP,IDR 700.000,700000,9D8N,2 - 10 Guests,"komodo, padar, pink beach, labuan bajo, kanawa, kelor","bar, ac","snorkeling, diving, trekking","ac, snorkeling, labuan bajo, bar, komodo, padar, pink beach, trekking, diving, kelor, kanawa",Island - 9D8N adalah kapal phinisi mewah yang menawarkan pengalaman berlayar eksklusif di Komodo Island. Dilengkapi fasilitas premium dan pelayanan profesional.,https://www.komodoluxury.com/wp-content/uploads/2025/07/Tripadvisor-Awards-2025-White.png,https://www.komodoluxury.com/id/tour-packages/komodo-island-sailing-tour-packages/9d8n-komodo-tour/,www.komodoluxury.com,"Komodo Island Tour - 9D8N Komodo Tour VVIP 9D8N 2 - 10 Guests ac, snorkeling, labuan bajo, bar, komodo, padar, pink beach, trekking, diving, kelor, kanawa","Island - 9D8N VVIP IDR 700.000 komodo, padar, pink beach, labuan bajo, kanawa, kelor ac, snorkeling, labuan bajo, bar, komodo, padar, pink beach, trekking, diving, kelor, kanawa Island - 9D8N adalah kapal phinisi mewah yang menawarkan pengalaman berlayar eksklusif di Komodo Island. Dilengkapi fasilitas premium dan pelayanan profesional.",island d n vvip komodo padar pink beach labu bajo kanawa kelor ac snorkeling labu bajo bar komodo padar pink beach trekking diving kelor kanawa island d n mewah tawar alam layar eksklusif komodo island lengkap fasilitas premium layan profesional
Komodo Luxury penghargaan pengakuan,penghargaan pengakuan,VVIP,-,0,-,2 - 10 Guests,"komodo, padar, pink beach, labuan bajo, kanawa, kelor",ac,Private Charter,"Private Charter, ac, labuan bajo, komodo, padar, pink beach, kelor, kanawa",penghargaan pengakuan adalah kapal phinisi mewah yang menawarkan pengalaman berlayar eksklusif di Komodo Island. Dilengkapi fasilitas premium dan pelayanan profesional.,https://www.komodoluxury.com/wp-content/uploads/2026/03/Luxury-Phinisi-in-Komodo-Island-by-Komodo-Luxury.png,https://www.komodoluxury.com/id/penghargaan/,www.komodoluxury.com,"Komodo Luxury penghargaan pengakuan VVIP - 2 - 10 Guests Private Charter, ac, labuan bajo, komodo, padar, pink beach, kelor, kanawa","penghargaan pengakuan VVIP - komodo, padar, pink beach, labuan bajo, kanawa, kelor Private Charter, ac, labuan bajo, komodo, padar, pink beach, kelor, kanawa penghargaan pengakuan adalah kapal phinisi mewah yang menawarkan pengalaman berlayar eksklusif di Komodo Island. Dilengkapi fasilitas premium dan pelayanan profesional.",harga aku vvip komodo padar pink beach labu bajo kanawa kelor private charter ac labu bajo komodo padar pink beach kelor kanawa harga aku mewah tawar alam layar eksklusif komodo island lengkap fasilitas premium layan profesional
Explore the Wonders of Cenderawasih Bay: A Luxury Liveaboard Adventure Awaits,Explore the Wonders of Cenderawasih Bay: A Adventure Awaits,VVIP,IDR 86.190.000,86190000,-,2 - 10 Guests,"komodo, padar, pink beach, labuan bajo, kanawa, kelor","bar, ac","snorkeling, diving","ac, snorkeling, labuan bajo, bar, komodo, padar, pink beach, kelor, diving, kanawa",Explore the Wonders of Cenderawasih Bay: A Adventure Awaits adalah kapal phinisi mewah yang menawarkan pengalaman berlayar eksklusif di Komodo Island. Dilengkapi fasilitas premium dan pelayanan profesional.,https://www.komodoluxury.com/wp-content/uploads/2025/01/cenderawasih-bay-3_11zon_11zon.webp,https://www.komodoluxury.com/id/destination/cendrawasih-bay/,www.komodoluxury.com,"Explore the Wonders of Cenderawasih Bay: A Luxury Liveaboard Adventure Awaits VVIP - 2 - 10 Guests ac, snorkeling, labuan bajo, bar, komodo, padar, pink beach, kelor, diving, kanawa","Explore the Wonders of Cenderawasih Bay: A Adventure Awaits VVIP IDR 86.190.000 komodo, padar, pink beach, labuan bajo, kanawa, kelor ac, snorkeling, labuan bajo, bar, komodo, padar, pink beach, kelor, diving, kanawa Explore the Wonders of Cenderawasih Bay: A Adventure Awaits adalah kapal phinisi mewah yang menawarkan pengalaman berlayar eksklusif di Komodo Island. Dilengkapi fasilitas premium dan pelayanan profesional.",explore wonders cenderawasih bay a adventure awaits vvip komodo padar pink beach labu bajo kanawa kelor ac snorkeling labu bajo bar komodo padar pink beach kelor diving kanawa explore wonders cenderawasih bay a adventure awaits mewah tawar alam layar eksklusif komodo island lengkap fasilitas premium layan profesional
Deluxe Boat Selection in Komodo Island,Deluxe Selection in Island,VVIP,"IDR 25,000,000",25000000,7 days,2 - 10 Guests,"komodo, padar, pink beach, labuan bajo, kanawa, kelor","jacuzzi, ac, bathroom, cabin","snorkeling, diving, trekking, private charter","ac, snorkeling, labuan bajo, komodo, cabin, padar, pink beach, trekking, bathroom, private charter, jacuzzi, diving, kelor, kanawa",Deluxe Selection in Island adalah kapal phinisi mewah yang menawarkan pengalaman berlayar eksklusif di Komodo Island. Dilengkapi fasilitas premium dan pelayanan profesional.,https://www.komodoluxury.com/wp-content/uploads/2024/07/Pesona-Bajo-Exterior2-KomodoLuxury.webp,https://www.komodoluxury.com/id/sewa-kapal/deluxe/,www.komodoluxury.com,"Deluxe Boat Selection in Komodo Island VVIP 7 days 2 - 10 Guests ac, snorkeling, labuan bajo, komodo, cabin, padar, pink beach, trekking, bathroom, private charter, jacuzzi, diving, kelor, kanawa","Deluxe Selection in Island VVIP IDR 25,000,000 komodo, padar, pink beach, labuan bajo, kanawa, kelor ac, snorkeling, labuan bajo, komodo, cabin, padar, pink beach, trekking, bathroom, private charter, jacuzzi, diving, kelor, kanawa Deluxe Selection in Island adalah kapal phinisi mewah yang menawarkan pengalaman berlayar eksklusif di Komodo Island. Dilengkapi fasilitas premium dan pelayanan profesional.",deluxe selection in island vvip komodo padar pink beach labu bajo kanawa kelor ac snorkeling labu bajo komodo cabin padar pink beach trekking bathroom private charter jacuzzi diving kelor kanawa deluxe selection in island mewah tawar alam layar eksklusif komodo island lengkap fasilitas premium layan profesional
"Private Yacht Charter Komodo: 100% Your Group, Every Moment Yours","Yacht : 100% Your Group, Every Moment Yours",VVIP,IDR 2.100.000,2100000,2D1N,12 Guests,"komodo, padar, pink beach, labuan bajo, kanawa, kelor","wifi, jacuzzi, bar, ac","snorkeling, trekking, private charter, kayak","ac, snorkeling, kayak, labuan bajo, bar, komodo, padar, pink beach, trekking, private charter, jacuzzi, wifi, kelor, kanawa","Yacht : 100% Your Group, Every Moment Yours adalah kapal phinisi mewah yang menawarkan pengalaman berlayar eksklusif di Komodo Island. Dilengkapi fasilitas premium dan pelayanan profesional.",https://www.komodoluxury.com/wp-content/uploads/2026/03/Luxury-Phinisi-Komodo-by-Komodo-Luxury.webp,https://www.komodoluxury.com/id/sewa-kapal-pribadi-komodo/,www.komodoluxury.com,"Private Yacht Charter Komodo: 100% Your Group, Every Moment Yours VVIP 2D1N 12 Guests ac, snorkeling, kayak, labuan bajo, bar, komodo, padar, pink beach, trekking, private charter, jacuzzi, wifi, kelor, kanawa","Yacht : 100% Your Group, Every Moment Yours VVIP IDR 2.100.000 komodo, padar, pink beach, labuan bajo, kanawa, kelor ac, snorkeling, kayak, labuan bajo, bar, komodo, padar, pink beach, trekking, private charter, jacuzzi, wifi, kelor, kanawa Yacht : 100% Your Group, Every Moment Yours adalah kapal phinisi mewah yang menawarkan pengalaman berlayar eksklusif di Komodo Island. Dilengkapi fasilitas premium dan pelayanan profesional.",yacht your group every moment yours vvip komodo padar pink beach labu bajo kanawa kelor ac snorkeling kayak labu bajo bar komodo padar pink beach trekking private charter jacuzzi wifi kelor kanawa yacht your group every moment yours mewah tawar alam layar eksklusif komodo island lengkap fasilitas premium layan profesional
Selectie van VVIP-boten op Komodo Eiland,Selectie van VVIP-boten op Eiland,VVIP,-,0,3D2N,2 - 10 Guests,"komodo, padar, pink beach, labuan bajo, kanawa, kelor",ac,Private Charter,"Private Charter, ac, labuan bajo, komodo, padar, pink beach, kelor, kanawa",Selectie van VVIP-boten op Eiland adalah kapal phinisi mewah yang menawarkan pengalaman berlayar eksklusif di Komodo Island. Dilengkapi fasilitas premium dan pelayanan profesional.,https://www.komodoluxury.com/wp-content/uploads/2024/07/SiDatuBua_024-scaled.webp,https://www.komodoluxury.com/nl/boat-charter/vvip/,www.komodoluxury.com,"Selectie van VVIP-boten op Komodo Eiland VVIP 3D2N 2 - 10 Guests Private Charter, ac, labuan bajo, komodo, padar, pink beach, kelor, kanawa","Selectie van VVIP-boten op Eiland VVIP - komodo, padar, pink beach, labuan bajo, kanawa, kelor Private Charter, ac, labuan bajo, komodo, padar, pink beach, kelor, kanawa Selectie van VVIP-boten op Eiland adalah kapal phinisi mewah yang menawarkan pengalaman berlayar eksklusif di Komodo Island. Dilengkapi fasilitas premium dan pelayanan profesional.",selectie van vvipboten op eiland vvip komodo padar pink beach labu bajo kanawa kelor private charter ac labu bajo komodo padar pink beach kelor kanawa selectie van vvipboten op eiland mewah tawar alam layar eksklusif komodo island lengkap fasilitas premium layan profesional
Rinca Island Destination,Rinca Island Destination,VVIP,IDR 86.190.000,86190000,-,2 - 10 Guests,"komodo, padar, pink beach, labuan bajo, kanawa, kelor","bar, ac","snorkeling, trekking","ac, snorkeling, labuan bajo, bar, komodo, padar, pink beach, trekking, kelor, kanawa",Rinca Island Destination adalah kapal phinisi mewah yang menawarkan pengalaman berlayar eksklusif di Komodo Island. Dilengkapi fasilitas premium dan pelayanan profesional.,https://www.komodoluxury.com/wp-content/uploads/2024/07/pexels-ylanite-koppens-697662-2-2-1.jpg,https://www.komodoluxury.com/id/destination/komodo-national-park/rinca-island/,www.komodoluxury.com,"Rinca Island Destination VVIP - 2 - 10 Guests ac, snorkeling, labuan bajo, bar, komodo, padar, pink beach, trekking, kelor, kanawa","Rinca Island Destination VVIP IDR 86.190.000 komodo, padar, pink beach, labuan bajo, kanawa, kelor ac, snorkeling, labuan bajo, bar, komodo, padar, pink beach, trekking, kelor, kanawa Rinca Island Destination adalah kapal phinisi mewah yang menawarkan pengalaman berlayar eksklusif di Komodo Island. Dilengkapi fasilitas premium dan pelayanan profesional.",rinca island destination vvip komodo padar pink beach labu bajo kanawa kelor ac snorkeling labu bajo bar komodo padar pink beach trekking kelor kanawa rinca island destination mewah tawar alam layar eksklusif komodo island lengkap fasilitas premium layan profesional
Trip Kapal Komodo,Phinisi Boat,VVIP,USD 50,50,-,2 - 10 Guests,"komodo, padar, pink beach, labuan bajo, kanawa, kelor","bar, ac, bathroom, cabin, kitchen","snorkeling, diving, trekking, island hopping, private charter","ac, snorkeling, labuan bajo, bar, komodo, cabin, kitchen, padar, island hopping, pink beach, bathroom, private charter, trekking, diving, kelor, kanawa",Phinisi Boat adalah kapal phinisi mewah yang menawarkan pengalaman berlayar eksklusif di Komodo Island. Dilengkapi fasilitas premium dan pelayanan profesional.,https://www.komodoluxury.com/wp-content/uploads/2026/04/komodo-boat-trip-Lamain.webp,https://www.komodoluxury.com/id/perjalanan-kapal-komodo/,www.komodoluxury.com,"Trip Kapal Komodo VVIP - 2 - 10 Guests ac, snorkeling, labuan bajo, bar, komodo, cabin, kitchen, padar, island hopping, pink beach, bathroom, private charter, trekking, diving, kelor, kanawa","Phinisi Boat VVIP USD 50 komodo, padar, pink beach, labuan bajo, kanawa, kelor ac, snorkeling, labuan bajo, bar, komodo, cabin, kitchen, padar, island hopping, pink beach, bathroom, private charter, trekking, diving, kelor, kanawa Phinisi Boat adalah kapal phinisi mewah yang menawarkan pengalaman berlayar eksklusif di Komodo Island. Dilengkapi fasilitas premium dan pelayanan profesional.",vvip komodo padar pink beach labu bajo kanawa kelor ac snorkeling labu bajo bar komodo cabin kitchen padar island hopping pink beach bathroom private charter trekking diving kelor kanawa mewah tawar alam layar eksklusif komodo island lengkap fasilitas premium layan profesional
VIP-bootselectie op Komodo Eiland,VIP-bootselectie op Eiland,VIP,-,0,3D2N,2 - 10 Guests,"komodo, padar, pink beach, labuan bajo, kanawa, kelor","wifi, jacuzzi, bar, ac, lounge",Private Charter,"Private Charter, ac, lounge, labuan bajo, bar, komodo, padar, pink beach, jacuzzi, wifi, kelor, kanawa",VIP-bootselectie op Eiland adalah kapal phinisi mewah yang menawarkan pengalaman berlayar eksklusif di Komodo Island. Dilengkapi fasilitas premium dan pelayanan profesional.,https://www.komodoluxury.com/wp-content/uploads/2024/07/Pinta-Exterior-3.webp,https://www.komodoluxury.com/nl/boat-charter/vip/,www.komodoluxury.com,"VIP-bootselectie op Komodo Eiland VIP 3D2N 2 - 10 Guests Private Charter, ac, lounge, labuan bajo, bar, komodo, padar, pink beach, jacuzzi, wifi, kelor, kanawa","VIP-bootselectie op Eiland VIP - komodo, padar, pink beach, labuan bajo, kanawa, kelor Private Charter, ac, lounge, labuan bajo, bar, komodo, padar, pink beach, jacuzzi, wifi, kelor, kanawa VIP-bootselectie op Eiland adalah kapal phinisi mewah yang menawarkan pengalaman berlayar eksklusif di Komodo Island. Dilengkapi fasilitas premium dan pelayanan profesional.",vipbootselectie op eiland vip komodo padar pink beach labu bajo kanawa kelor private charter ac lounge labu bajo bar komodo padar pink beach jacuzzi wifi kelor kanawa vipbootselectie op eiland mewah tawar alam layar eksklusif komodo island lengkap fasilitas premium layan profesional
VIP-Boot-Auswahl auf der Insel Komodo,VIP-Boot-Auswahl auf der Insel,VIP,-,0,3D2N,2 - 10 Guests,"komodo, padar, pink beach, labuan bajo, kanawa, kelor","bar, ac",private charter,"ac, labuan bajo, bar, komodo, padar, pink beach, private charter, kelor, kanawa",VIP-Boot-Auswahl auf der Insel adalah kapal phinisi mewah yang menawarkan pengalaman berlayar eksklusif di Komodo Island. Dilengkapi fasilitas premium dan pelayanan profesional.,https://www.komodoluxury.com/wp-content/uploads/2024/07/Pinta-Exterior-3.webp,https://www.komodoluxury.com/de/bootscharter/vip/,www.komodoluxury.com,"VIP-Boot-Auswahl auf der Insel Komodo VIP 3D2N 2 - 10 Guests ac, labuan bajo, bar, komodo, padar, pink beach, private charter, kelor, kanawa","VIP-Boot-Auswahl auf der Insel VIP - komodo, padar, pink beach, labuan bajo, kanawa, kelor ac, labuan bajo, bar, komodo, padar, pink beach, private charter, kelor, kanawa VIP-Boot-Auswahl auf der Insel adalah kapal phinisi mewah yang menawarkan pengalaman berlayar eksklusif di Komodo Island. Dilengkapi fasilitas premium dan pelayanan profesional.",vipbootauswahl auf der insel vip komodo padar pink beach labu bajo kanawa kelor ac labu bajo bar komodo padar pink beach private charter kelor kanawa vipbootauswahl auf der insel mewah tawar alam layar eksklusif komodo island lengkap fasilitas premium layan profesional
Selección de embarcaciones VIP en Isla de Komodo,Selección de embarcaciones VIP en Isla de,VIP,-,0,-,2 - 10 Guests,"komodo, padar, pink beach, labuan bajo, kanawa, kelor","wifi, jacuzzi, bar, ac, cabin",kayak,"ac, kayak, labuan bajo, bar, komodo, cabin, padar, pink beach, jacuzzi, wifi, kelor, kanawa",Selección de embarcaciones VIP en Isla de adalah kapal phinisi mewah yang menawarkan pengalaman berlayar eksklusif di Komodo Island. Dilengkapi fasilitas premium dan pelayanan profesional.,https://www.komodoluxury.com/wp-content/uploads/2024/07/Pinta-Exterior-3.webp,https://www.komodoluxury.com/es/boat-charter/vip/,www.komodoluxury.com,"Selección de embarcaciones VIP en Isla de Komodo VIP - 2 - 10 Guests ac, kayak, labuan bajo, bar, komodo, cabin, padar, pink beach, jacuzzi, wifi, kelor, kanawa","Selección de embarcaciones VIP en Isla de VIP - komodo, padar, pink beach, labuan bajo, kanawa, kelor ac, kayak, labuan bajo, bar, komodo, cabin, padar, pink beach, jacuzzi, wifi, kelor, kanawa Selección de embarcaciones VIP en Isla de adalah kapal phinisi mewah yang menawarkan pengalaman berlayar eksklusif di Komodo Island. Dilengkapi fasilitas premium dan pelayanan profesional.",selecci n de embarcaciones vip en isla de vip komodo padar pink beach labu bajo kanawa kelor ac kayak labu bajo bar komodo cabin padar pink beach jacuzzi wifi kelor kanawa selecci n de embarcaciones vip en isla de mewah tawar alam layar eksklusif komodo island lengkap fasilitas premium layan profesional
वीआईपी नाव चयन में कोमोडो द्वीप,वीआईपी नाव चयन में कोमोडो द्वीप,VIP,-,0,4D3N,2 - 10 Guests,"komodo, pink beach",ac,Private Charter,"Private Charter, pink beach, ac, komodo",वीआईपी नाव चयन में कोमोडो द्वीप adalah kapal phinisi mewah yang menawarkan pengalaman berlayar eksklusif di Komodo Island. Dilengkapi fasilitas premium dan pelayanan profesional.,https://www.komodoluxury.com/wp-content/uploads/2024/07/Pinta-Exterior-3.webp,https://www.komodoluxury.com/hi/boat-charter/vip/,www.komodoluxury.com,"वीआईपी नाव चयन में कोमोडो द्वीप VIP 4D3N 2 - 10 Guests Private Charter, pink beach, ac, komodo","वीआईपी नाव चयन में कोमोडो द्वीप VIP - komodo, pink beach Private Charter, pink beach, ac, komodo वीआईपी नाव चयन में कोमोडो द्वीप adalah kapal phinisi mewah yang menawarkan pengalaman berlayar eksklusif di Komodo Island. Dilengkapi fasilitas premium dan pelayanan profesional.",vip komodo pink beach private charter pink beach ac komodo mewah tawar alam layar eksklusif komodo island lengkap fasilitas premium layan profesional
코모도섬의 VIP 보트 선택,코모도섬의 VIP 보트 선택,VIP,-,0,-,2 - 10 Guests,"komodo, pink beach",ac,Private Charter,"Private Charter, pink beach, ac, komodo",코모도섬의 VIP 보트 선택 adalah kapal phinisi mewah yang menawarkan pengalaman berlayar eksklusif di Komodo Island. Dilengkapi fasilitas premium dan pelayanan profesional.,https://www.komodoluxury.com/wp-content/uploads/2024/07/Pinta-Exterior-3.webp,https://www.komodoluxury.com/ko/boat-charter/vip/,www.komodoluxury.com,"코모도섬의 VIP 보트 선택 VIP - 2 - 10 Guests Private Charter, pink beach, ac, komodo","코모도섬의 VIP 보트 선택 VIP - komodo, pink beach Private Charter, pink beach, ac, komodo 코모도섬의 VIP 보트 선택 adalah kapal phinisi mewah yang menawarkan pengalaman berlayar eksklusif di Komodo Island. Dilengkapi fasilitas premium dan pelayanan profesional.",vip vip komodo pink beach private charter pink beach ac komodo vip mewah tawar alam layar eksklusif komodo island lengkap fasilitas premium layan profesional
Sélection de bateaux VIP sur l'île de Komodo,Sélection de bateaux VIP sur l'île de,VIP,-,0,-,2 - 10 Guests,"komodo, padar, pink beach, labuan bajo, kanawa, kelor","jacuzzi, ac, cabin",kayak,"ac, kayak, labuan bajo, komodo, cabin, padar, pink beach, jacuzzi, kelor, kanawa",Sélection de bateaux VIP sur l'île de adalah kapal phinisi mewah yang menawarkan pengalaman berlayar eksklusif di Komodo Island. Dilengkapi fasilitas premium dan pelayanan profesional.,https://www.komodoluxury.com/wp-content/uploads/2024/07/Pinta-Exterior-3.webp,https://www.komodoluxury.com/fr/affretement-bateau/vip/,www.komodoluxury.com,"Sélection de bateaux VIP sur l'île de Komodo VIP - 2 - 10 Guests ac, kayak, labuan bajo, komodo, cabin, padar, pink beach, jacuzzi, kelor, kanawa","Sélection de bateaux VIP sur l'île de VIP - komodo, padar, pink beach, labuan bajo, kanawa, kelor ac, kayak, labuan bajo, komodo, cabin, padar, pink beach, jacuzzi, kelor, kanawa Sélection de bateaux VIP sur l'île de adalah kapal phinisi mewah yang menawarkan pengalaman berlayar eksklusif di Komodo Island. Dilengkapi fasilitas premium dan pelayanan profesional.",s lection de bateaux vip sur l le de vip komodo padar pink beach labu bajo kanawa kelor ac kayak labu bajo komodo cabin padar pink beach jacuzzi kelor kanawa s lection de bateaux vip sur l le de mewah tawar alam layar eksklusif komodo island lengkap fasilitas premium layan profesional
科莫多岛的VIP游艇精选,科莫多岛的VIP游艇精选,VIP,-,0,3D2N,2 - 10 Guests,"komodo, pink beach, labuan bajo, kanawa",ac,Private Charter,"Private Charter, ac, labuan bajo, komodo, pink beach, kanawa",科莫多岛的VIP游艇精选 adalah kapal phinisi mewah yang menawarkan pengalaman berlayar eksklusif di Komodo Island. Dilengkapi fasilitas premium dan pelayanan profesional.,https://www.komodoluxury.com/wp-content/uploads/2024/07/Pinta-Exterior-3.webp,https://www.komodoluxury.com/zh/boat-charter/vip/,www.komodoluxury.com,"科莫多岛的VIP游艇精选 VIP 3D2N 2 - 10 Guests Private Charter, ac, labuan bajo, komodo, pink beach, kanawa","科莫多岛的VIP游艇精选 VIP - komodo, pink beach, labuan bajo, kanawa Private Charter, ac, labuan bajo, komodo, pink beach, kanawa 科莫多岛的VIP游艇精选 adalah kapal phinisi mewah yang menawarkan pengalaman berlayar eksklusif di Komodo Island. Dilengkapi fasilitas premium dan pelayanan profesional.",vip vip komodo pink beach labu bajo kanawa private charter ac labu bajo komodo pink beach kanawa vip mewah tawar alam layar eksklusif komodo island lengkap fasilitas premium layan profesional
科莫多島的 VIP 遊艇精選,科莫多島的 VIP 遊艇精選,VIP,-,0,-,2 - 10 Guests,"komodo, pink beach, labuan bajo",ac,Private Charter,"Private Charter, ac, labuan bajo, komodo, pink beach",科莫多島的 VIP 遊艇精選 adalah kapal phinisi mewah yang menawarkan pengalaman berlayar eksklusif di Komodo Island. Dilengkapi fasilitas premium dan pelayanan profesional.,https://www.komodoluxury.com/wp-content/uploads/2024/07/Pinta-Exterior-3.webp,https://www.komodoluxury.com/zh-tw/boat-charter/vip/,www.komodoluxury.com,"科莫多島的 VIP 遊艇精選 VIP - 2 - 10 Guests Private Charter, ac, labuan bajo, komodo, pink beach","科莫多島的 VIP 遊艇精選 VIP - komodo, pink beach, labuan bajo Private Charter, ac, labuan bajo, komodo, pink beach 科莫多島的 VIP 遊艇精選 adalah kapal phinisi mewah yang menawarkan pengalaman berlayar eksklusif di Komodo Island. Dilengkapi fasilitas premium dan pelayanan profesional.",vip vip komodo pink beach labu bajo private charter ac labu bajo komodo pink beach vip mewah tawar alam layar eksklusif komodo island lengkap fasilitas premium layan profesional
Komodo Adası'nda VIP Tekne Seçenekleri,Adası'nda VIP Tekne Seçenekleri,VIP,-,0,-,2 - 10 Guests,"komodo, padar, pink beach, labuan bajo, kanawa, kelor",ac,Private Charter,"Private Charter, ac, labuan bajo, komodo, padar, pink beach, kelor, kanawa",Adası'nda VIP Tekne Seçenekleri adalah kapal phinisi mewah yang menawarkan pengalaman berlayar eksklusif di Komodo Island. Dilengkapi fasilitas premium dan pelayanan profesional.,https://www.komodoluxury.com/wp-content/uploads/2024/07/Pinta-Exterior-3.webp,https://www.komodoluxury.com/tr/boat-charter/vip/,www.komodoluxury.com,"Komodo Adası'nda VIP Tekne Seçenekleri VIP - 2 - 10 Guests Private Charter, ac, labuan bajo, komodo, padar, pink beach, kelor, kanawa","Adası'nda VIP Tekne Seçenekleri VIP - komodo, padar, pink beach, labuan bajo, kanawa, kelor Private Charter, ac, labuan bajo, komodo, padar, pink beach, kelor, kanawa Adası'nda VIP Tekne Seçenekleri adalah kapal phinisi mewah yang menawarkan pengalaman berlayar eksklusif di Komodo Island. Dilengkapi fasilitas premium dan pelayanan profesional.",adas nda vip tekne se enekleri vip komodo padar pink beach labu bajo kanawa kelor private charter ac labu bajo komodo padar pink beach kelor kanawa adas nda vip tekne se enekleri mewah tawar alam layar eksklusif komodo island lengkap fasilitas premium layan profesional
Вибір VIP-яхт на Острів Комодо,Вибір VIP-яхт на Острів Комодо,VIP,-,0,-,2 - 10 Guests,"komodo, pink beach",ac,Private Charter,"Private Charter, pink beach, ac, komodo",Вибір VIP-яхт на Острів Комодо adalah kapal phinisi mewah yang menawarkan pengalaman berlayar eksklusif di Komodo Island. Dilengkapi fasilitas premium dan pelayanan profesional.,https://www.komodoluxury.com/wp-content/uploads/2024/07/Pinta-Exterior-3.webp,https://www.komodoluxury.com/uk/boat-charter/vip/,www.komodoluxury.com,"Вибір VIP-яхт на Острів Комодо VIP - 2 - 10 Guests Private Charter, pink beach, ac, komodo","Вибір VIP-яхт на Острів Комодо VIP - komodo, pink beach Private Charter, pink beach, ac, komodo Вибір VIP-яхт на Острів Комодо adalah kapal phinisi mewah yang menawarkan pengalaman berlayar eksklusif di Komodo Island. Dilengkapi fasilitas premium dan pelayanan profesional.",vip vip komodo pink beach private charter pink beach ac komodo vip mewah tawar alam layar eksklusif komodo island lengkap fasilitas premium layan profesional
การเลือกเรือ VIP ที่เกาะโคโมโด,การเลือกเรือ VIP ที่เกาะโคโมโด,VIP,-,0,-,2 - 10 Guests,"komodo, padar, pink beach, labuan bajo",ac,Private Charter,"Private Charter, ac, labuan bajo, komodo, padar, pink beach",การเลือกเรือ VIP ที่เกาะโคโมโด adalah kapal phinisi mewah yang menawarkan pengalaman berlayar eksklusif di Komodo Island. Dilengkapi fasilitas premium dan pelayanan profesional.,https://www.komodoluxury.com/wp-content/uploads/2024/07/Pinta-Exterior-3.webp,https://www.komodoluxury.com/th/boat-charter/vip/,www.komodoluxury.com,"การเลือกเรือ VIP ที่เกาะโคโมโด VIP - 2 - 10 Guests Private Charter, ac, labuan bajo, komodo, padar, pink beach","การเลือกเรือ VIP ที่เกาะโคโมโด VIP - komodo, padar, pink beach, labuan bajo Private Charter, ac, labuan bajo, komodo, padar, pink beach การเลือกเรือ VIP ที่เกาะโคโมโด adalah kapal phinisi mewah yang menawarkan pengalaman berlayar eksklusif di Komodo Island. Dilengkapi fasilitas premium dan pelayanan profesional.",vip vip komodo padar pink beach labu bajo private charter ac labu bajo komodo padar pink beach vip mewah tawar alam layar eksklusif komodo island lengkap fasilitas premium layan profesional
コモド島でのVIPボート選び,コモド島でのVIPボート選び,VIP,-,0,-,2 - 10 Guests,"komodo, pink beach",ac,Private Charter,"Private Charter, pink beach, ac, komodo",コモド島でのVIPボート選び adalah kapal phinisi mewah yang menawarkan pengalaman berlayar eksklusif di Komodo Island. Dilengkapi fasilitas premium dan pelayanan profesional.,https://www.komodoluxury.com/wp-content/uploads/2024/07/Pinta-Exterior-3.webp,https://www.komodoluxury.com/ja/boat-charter/vip/,www.komodoluxury.com,"コモド島でのVIPボート選び VIP - 2 - 10 Guests Private Charter, pink beach, ac, komodo","コモド島でのVIPボート選び VIP - komodo, pink beach Private Charter, pink beach, ac, komodo コモド島でのVIPボート選び adalah kapal phinisi mewah yang menawarkan pengalaman berlayar eksklusif di Komodo Island. Dilengkapi fasilitas premium dan pelayanan profesional.",vip vip komodo pink beach private charter pink beach ac komodo vip mewah tawar alam layar eksklusif komodo island lengkap fasilitas premium layan profesional
Selezione di imbarcazioni VIP a Isola di Komodo,Selezione di imbarcazioni VIP a Isola di,VIP,-,0,-,2 - 10 Guests,"komodo, padar, pink beach, labuan bajo, kanawa, kelor","bar, ac, cabin","snorkeling, kayak","ac, snorkeling, kayak, labuan bajo, bar, komodo, cabin, padar, pink beach, kelor, kanawa",Selezione di imbarcazioni VIP a Isola di adalah kapal phinisi mewah yang menawarkan pengalaman berlayar eksklusif di Komodo Island. Dilengkapi fasilitas premium dan pelayanan profesional.,https://www.komodoluxury.com/wp-content/uploads/2024/07/Pinta-Exterior-3.webp,https://www.komodoluxury.com/it/boat-charter/vip/,www.komodoluxury.com,"Selezione di imbarcazioni VIP a Isola di Komodo VIP - 2 - 10 Guests ac, snorkeling, kayak, labuan bajo, bar, komodo, cabin, padar, pink beach, kelor, kanawa","Selezione di imbarcazioni VIP a Isola di VIP - komodo, padar, pink beach, labuan bajo, kanawa, kelor ac, snorkeling, kayak, labuan bajo, bar, komodo, cabin, padar, pink beach, kelor, kanawa Selezione di imbarcazioni VIP a Isola di adalah kapal phinisi mewah yang menawarkan pengalaman berlayar eksklusif di Komodo Island. Dilengkapi fasilitas premium dan pelayanan profesional.",selezione imbarcazioni vip a isola vip komodo padar pink beach labu bajo kanawa kelor ac snorkeling kayak labu bajo bar komodo cabin padar pink beach kelor kanawa selezione imbarcazioni vip a isola mewah tawar alam layar eksklusif komodo island lengkap fasilitas premium layan profesional
Selección de barcos de lujo en Isla de Komodo,Selección de barcos de lujo en Isla de,DELUXE,USD 7.800,7800,-,2 - 10 Guests,"komodo, padar, pink beach, labuan bajo, kanawa, kelor","jacuzzi, bar, ac",Private Charter,"Private Charter, ac, labuan bajo, bar, komodo, padar, pink beach, jacuzzi, kelor, kanawa",Selección de barcos de lujo en Isla de adalah kapal phinisi mewah yang menawarkan pengalaman berlayar eksklusif di Komodo Island. Dilengkapi fasilitas premium dan pelayanan profesional.,https://www.komodoluxury.com/wp-content/uploads/2024/07/Pesona-Bajo-Exterior2-KomodoLuxury.webp,https://www.komodoluxury.com/es/boat-charter/deluxe/,www.komodoluxury.com,"Selección de barcos de lujo en Isla de Komodo DELUXE - 2 - 10 Guests Private Charter, ac, labuan bajo, bar, komodo, padar, pink beach, jacuzzi, kelor, kanawa","Selección de barcos de lujo en Isla de DELUXE USD 7.800 komodo, padar, pink beach, labuan bajo, kanawa, kelor Private Charter, ac, labuan bajo, bar, komodo, padar, pink beach, jacuzzi, kelor, kanawa Selección de barcos de lujo en Isla de adalah kapal phinisi mewah yang menawarkan pengalaman berlayar eksklusif di Komodo Island. Dilengkapi fasilitas premium dan pelayanan profesional.",selecci n de barcos de lujo en isla de deluxe komodo padar pink beach labu bajo kanawa kelor private charter ac labu bajo bar komodo padar pink beach jacuzzi kelor kanawa selecci n de barcos de lujo en isla de mewah tawar alam layar eksklusif komodo island lengkap fasilitas premium layan profesional
डीलक्स नावों का चयन कोमोडो द्वीप,डीलक्स नावों का चयन कोमोडो द्वीप,DELUXE,"IDR 25,000,000",25000000,4D3N,2 - 10 Guests,"komodo, pink beach",ac,Private Charter,"Private Charter, pink beach, ac, komodo",डीलक्स नावों का चयन कोमोडो द्वीप adalah kapal phinisi mewah yang menawarkan pengalaman berlayar eksklusif di Komodo Island. Dilengkapi fasilitas premium dan pelayanan profesional.,https://www.komodoluxury.com/wp-content/uploads/2024/07/Pesona-Bajo-Exterior2-KomodoLuxury.webp,https://www.komodoluxury.com/hi/boat-charter/deluxe/,www.komodoluxury.com,"डीलक्स नावों का चयन कोमोडो द्वीप DELUXE 4D3N 2 - 10 Guests Private Charter, pink beach, ac, komodo","डीलक्स नावों का चयन कोमोडो द्वीप DELUXE IDR 25,000,000 komodo, pink beach Private Charter, pink beach, ac, komodo डीलक्स नावों का चयन कोमोडो द्वीप adalah kapal phinisi mewah yang menawarkan pengalaman berlayar eksklusif di Komodo Island. Dilengkapi fasilitas premium dan pelayanan profesional.",deluxe komodo pink beach private charter pink beach ac komodo mewah tawar alam layar eksklusif komodo island lengkap fasilitas premium layan profesional
Розкішний вибір човнів на Острів Комодо,Розкішний вибір човнів на Острів Комодо,DELUXE,USD 7.800,7800,-,2 - 10 Guests,"komodo, pink beach",ac,Private Charter,"Private Charter, pink beach, ac, komodo",Розкішний вибір човнів на Острів Комодо adalah kapal phinisi mewah yang menawarkan pengalaman berlayar eksklusif di Komodo Island. Dilengkapi fasilitas premium dan pelayanan profesional.,https://www.komodoluxury.com/wp-content/uploads/2024/07/Pesona-Bajo-Exterior2-KomodoLuxury.webp,https://www.komodoluxury.com/uk/boat-charter/deluxe/,www.komodoluxury.com,"Розкішний вибір човнів на Острів Комодо DELUXE - 2 - 10 Guests Private Charter, pink beach, ac, komodo","Розкішний вибір човнів на Острів Комодо DELUXE USD 7.800 komodo, pink beach Private Charter, pink beach, ac, komodo Розкішний вибір човнів на Острів Комодо adalah kapal phinisi mewah yang menawarkan pengalaman berlayar eksklusif di Komodo Island. Dilengkapi fasilitas premium dan pelayanan profesional.",deluxe komodo pink beach private charter pink beach ac komodo mewah tawar alam layar eksklusif komodo island lengkap fasilitas premium layan profesional
코모도섬의 럭셔리 보트 선택,코모도섬의 럭셔리 보트 선택,DELUXE,USD 7.800,7800,-,2 - 10 Guests,"komodo, pink beach",ac,Private Charter,"Private Charter, pink beach, ac, komodo",코모도섬의 럭셔리 보트 선택 adalah kapal phinisi mewah yang menawarkan pengalaman berlayar eksklusif di Komodo Island. Dilengkapi fasilitas premium dan pelayanan profesional.,https://www.komodoluxury.com/wp-content/uploads/2024/07/Pesona-Bajo-Exterior2-KomodoLuxury.webp,https://www.komodoluxury.com/ko/boat-charter/deluxe/,www.komodoluxury.com,"코모도섬의 럭셔리 보트 선택 DELUXE - 2 - 10 Guests Private Charter, pink beach, ac, komodo","코모도섬의 럭셔리 보트 선택 DELUXE USD 7.800 komodo, pink beach Private Charter, pink beach, ac, komodo 코모도섬의 럭셔리 보트 선택 adalah kapal phinisi mewah yang menawarkan pengalaman berlayar eksklusif di Komodo Island. Dilengkapi fasilitas premium dan pelayanan profesional.",deluxe komodo pink beach private charter pink beach ac komodo mewah tawar alam layar eksklusif komodo island lengkap fasilitas premium layan profesional
Luxusboot-Auswahl auf der Insel Komodo,Luxusboot-Auswahl auf der Insel,DELUXE,USD 7.800,7800,3D2N,2 - 10 Guests,"komodo, padar, pink beach, labuan bajo, kanawa, kelor","bar, ac, lounge",Private Charter,"Private Charter, ac, lounge, labuan bajo, bar, komodo, padar, pink beach, kelor, kanawa",Luxusboot-Auswahl auf der Insel adalah kapal phinisi mewah yang menawarkan pengalaman berlayar eksklusif di Komodo Island. Dilengkapi fasilitas premium dan pelayanan profesional.,https://www.komodoluxury.com/wp-content/uploads/2024/07/Pesona-Bajo-Exterior2-KomodoLuxury.webp,https://www.komodoluxury.com/de/bootscharter/deluxe/,www.komodoluxury.com,"Luxusboot-Auswahl auf der Insel Komodo DELUXE 3D2N 2 - 10 Guests Private Charter, ac, lounge, labuan bajo, bar, komodo, padar, pink beach, kelor, kanawa","Luxusboot-Auswahl auf der Insel DELUXE USD 7.800 komodo, padar, pink beach, labuan bajo, kanawa, kelor Private Charter, ac, lounge, labuan bajo, bar, komodo, padar, pink beach, kelor, kanawa Luxusboot-Auswahl auf der Insel adalah kapal phinisi mewah yang menawarkan pengalaman berlayar eksklusif di Komodo Island. Dilengkapi fasilitas premium dan pelayanan profesional.",luxusbootauswahl auf der insel deluxe komodo padar pink beach labu bajo kanawa kelor private charter ac lounge labu bajo bar komodo padar pink beach kelor kanawa luxusbootauswahl auf der insel mewah tawar alam layar eksklusif komodo island lengkap fasilitas premium layan profesional
科莫多島的豪華遊艇精選,科莫多島的豪華遊艇精選,DELUXE,USD 5.250,5250,-,2 - 10 Guests,"komodo, pink beach, labuan bajo",ac,Private Charter,"Private Charter, ac, labuan bajo, komodo, pink beach",科莫多島的豪華遊艇精選 adalah kapal phinisi mewah yang menawarkan pengalaman berlayar eksklusif di Komodo Island. Dilengkapi fasilitas premium dan pelayanan profesional.,https://www.komodoluxury.com/wp-content/uploads/2024/07/Pesona-Bajo-Exterior2-KomodoLuxury.webp,https://www.komodoluxury.com/zh-tw/boat-charter/deluxe/,www.komodoluxury.com,"科莫多島的豪華遊艇精選 DELUXE - 2 - 10 Guests Private Charter, ac, labuan bajo, komodo, pink beach","科莫多島的豪華遊艇精選 DELUXE USD 5.250 komodo, pink beach, labuan bajo Private Charter, ac, labuan bajo, komodo, pink beach 科莫多島的豪華遊艇精選 adalah kapal phinisi mewah yang menawarkan pengalaman berlayar eksklusif di Komodo Island. Dilengkapi fasilitas premium dan pelayanan profesional.",deluxe komodo pink beach labu bajo private charter ac labu bajo komodo pink beach mewah tawar alam layar eksklusif komodo island lengkap fasilitas premium layan profesional
การเลือกเรือหรูในเกาะโคโมโด,การเลือกเรือหรูในเกาะโคโมโด,DELUXE,USD 7.800,7800,-,2 - 10 Guests,"komodo, pink beach, labuan bajo",ac,Private Charter,"Private Charter, ac, labuan bajo, komodo, pink beach",การเลือกเรือหรูในเกาะโคโมโด adalah kapal phinisi mewah yang menawarkan pengalaman berlayar eksklusif di Komodo Island. Dilengkapi fasilitas premium dan pelayanan profesional.,https://www.komodoluxury.com/wp-content/uploads/2024/07/Pesona-Bajo-Exterior2-KomodoLuxury.webp,https://www.komodoluxury.com/th/boat-charter/deluxe/,www.komodoluxury.com,"การเลือกเรือหรูในเกาะโคโมโด DELUXE - 2 - 10 Guests Private Charter, ac, labuan bajo, komodo, pink beach","การเลือกเรือหรูในเกาะโคโมโด DELUXE USD 7.800 komodo, pink beach, labuan bajo Private Charter, ac, labuan bajo, komodo, pink beach การเลือกเรือหรูในเกาะโคโมโด adalah kapal phinisi mewah yang menawarkan pengalaman berlayar eksklusif di Komodo Island. Dilengkapi fasilitas premium dan pelayanan profesional.",deluxe komodo pink beach labu bajo private charter ac labu bajo komodo pink beach mewah tawar alam layar eksklusif komodo island lengkap fasilitas premium layan profesional
Seleção de barcos de luxo na Ilha de Komodo,Seleção de barcos de luxo na Ilha de,DELUXE,USD 7.800,7800,-,2 - 10 Guests,"komodo, padar, pink beach, labuan bajo, kanawa, kelor","jacuzzi, bar, ac, cabin",Private Charter,"Private Charter, ac, labuan bajo, bar, komodo, cabin, padar, pink beach, jacuzzi, kelor, kanawa",Seleção de barcos de luxo na Ilha de adalah kapal phinisi mewah yang menawarkan pengalaman berlayar eksklusif di Komodo Island. Dilengkapi fasilitas premium dan pelayanan profesional.,https://www.komodoluxury.com/wp-content/uploads/2024/07/Pesona-Bajo-Exterior2-KomodoLuxury.webp,https://www.komodoluxury.com/pt/boat-charter/deluxe/,www.komodoluxury.com,"Seleção de barcos de luxo na Ilha de Komodo DELUXE - 2 - 10 Guests Private Charter, ac, labuan bajo, bar, komodo, cabin, padar, pink beach, jacuzzi, kelor, kanawa","Seleção de barcos de luxo na Ilha de DELUXE USD 7.800 komodo, padar, pink beach, labuan bajo, kanawa, kelor Private Charter, ac, labuan bajo, bar, komodo, cabin, padar, pink beach, jacuzzi, kelor, kanawa Seleção de barcos de luxo na Ilha de adalah kapal phinisi mewah yang menawarkan pengalaman berlayar eksklusif di Komodo Island. Dilengkapi fasilitas premium dan pelayanan profesional.",sele o de barcos de luxo na ilha de deluxe komodo padar pink beach labu bajo kanawa kelor private charter ac labu bajo bar komodo cabin padar pink beach jacuzzi kelor kanawa sele o de barcos de luxo na ilha de mewah tawar alam layar eksklusif komodo island lengkap fasilitas premium layan profesional
Selezione di imbarcazioni di lusso a Isola di Komodo,Selezione di imbarcazioni di lusso a Isola di,DELUXE,USD 7.800,7800,-,2 - 10 Guests,"komodo, padar, pink beach, labuan bajo, kanawa, kelor","bar, ac, cabin","snorkeling, trekking","ac, snorkeling, labuan bajo, bar, komodo, cabin, padar, pink beach, trekking, kelor, kanawa",Selezione di imbarcazioni di lusso a Isola di adalah kapal phinisi mewah yang menawarkan pengalaman berlayar eksklusif di Komodo Island. Dilengkapi fasilitas premium dan pelayanan profesional.,https://www.komodoluxury.com/wp-content/uploads/2024/07/Pesona-Bajo-Exterior2-KomodoLuxury.webp,https://www.komodoluxury.com/it/boat-charter/deluxe/,www.komodoluxury.com,"Selezione di imbarcazioni di lusso a Isola di Komodo DELUXE - 2 - 10 Guests ac, snorkeling, labuan bajo, bar, komodo, cabin, padar, pink beach, trekking, kelor, kanawa","Selezione di imbarcazioni di lusso a Isola di DELUXE USD 7.800 komodo, padar, pink beach, labuan bajo, kanawa, kelor ac, snorkeling, labuan bajo, bar, komodo, cabin, padar, pink beach, trekking, kelor, kanawa Selezione di imbarcazioni di lusso a Isola di adalah kapal phinisi mewah yang menawarkan pengalaman berlayar eksklusif di Komodo Island. Dilengkapi fasilitas premium dan pelayanan profesional.",selezione imbarcazioni lusso a isola deluxe komodo padar pink beach labu bajo kanawa kelor ac snorkeling labu bajo bar komodo cabin padar pink beach trekking kelor kanawa selezione imbarcazioni lusso a isola mewah tawar alam layar eksklusif komodo island lengkap fasilitas premium layan profesional
مجموعة مختارة من القوارب الفاخرة في جزيرة كومودو,مجموعة مختارة من القوارب الفاخرة في جزيرة كومودو,DELUXE,USD 7.800,7800,3D2N,2 - 10 Guests,"komodo, padar, pink beach, labuan bajo, kanawa",ac,Private Charter,"Private Charter, ac, labuan bajo, komodo, padar, pink beach, kanawa",مجموعة مختارة من القوارب الفاخرة في جزيرة كومودو adalah kapal phinisi mewah yang menawarkan pengalaman berlayar eksklusif di Komodo Island. Dilengkapi fasilitas premium dan pelayanan profesional.,https://www.komodoluxury.com/wp-content/uploads/2024/07/Pesona-Bajo-Exterior2-KomodoLuxury.webp,https://www.komodoluxury.com/ar/boat-charter/deluxe/,www.komodoluxury.com,"مجموعة مختارة من القوارب الفاخرة في جزيرة كومودو DELUXE 3D2N 2 - 10 Guests Private Charter, ac, labuan bajo, komodo, padar, pink beach, kanawa","مجموعة مختارة من القوارب الفاخرة في جزيرة كومودو DELUXE USD 7.800 komodo, padar, pink beach, labuan bajo, kanawa Private Charter, ac, labuan bajo, komodo, padar, pink beach, kanawa مجموعة مختارة من القوارب الفاخرة في جزيرة كومودو adalah kapal phinisi mewah yang menawarkan pengalaman berlayar eksklusif di Komodo Island. Dilengkapi fasilitas premium dan pelayanan profesional.",deluxe komodo padar pink beach labu bajo kanawa private charter ac labu bajo komodo padar pink beach kanawa mewah tawar alam layar eksklusif komodo island lengkap fasilitas premium layan profesional
Sélection de bateaux de luxe sur l'île de Komodo,Sélection de bateaux de luxe sur l'île de,DELUXE,USD 7.800,7800,-,2 - 10 Guests,"komodo, padar, pink beach, labuan bajo, kanawa, kelor","jacuzzi, ac, cabin",Private Charter,"Private Charter, ac, labuan bajo, komodo, cabin, padar, pink beach, jacuzzi, kelor, kanawa",Sélection de bateaux de luxe sur l'île de adalah kapal phinisi mewah yang menawarkan pengalaman berlayar eksklusif di Komodo Island. Dilengkapi fasilitas premium dan pelayanan profesional.,https://www.komodoluxury.com/wp-content/uploads/2024/07/Pesona-Bajo-Exterior2-KomodoLuxury.webp,https://www.komodoluxury.com/fr/affretement-bateau/deluxe/,www.komodoluxury.com,"Sélection de bateaux de luxe sur l'île de Komodo DELUXE - 2 - 10 Guests Private Charter, ac, labuan bajo, komodo, cabin, padar, pink beach, jacuzzi, kelor, kanawa","Sélection de bateaux de luxe sur l'île de DELUXE USD 7.800 komodo, padar, pink beach, labuan bajo, kanawa, kelor Private Charter, ac, labuan bajo, komodo, cabin, padar, pink beach, jacuzzi, kelor, kanawa Sélection de bateaux de luxe sur l'île de adalah kapal phinisi mewah yang menawarkan pengalaman berlayar eksklusif di Komodo Island. Dilengkapi fasilitas premium dan pelayanan profesional.",s lection de bateaux de luxe sur l le de deluxe komodo padar pink beach labu bajo kanawa kelor private charter ac labu bajo komodo cabin padar pink beach jacuzzi kelor kanawa s lection de bateaux de luxe sur l le de mewah tawar alam layar eksklusif komodo island lengkap fasilitas premium layan profesional
Komodo Adası'nda Lüks Tekne Seçenekleri,Adası'nda Lüks Tekne Seçenekleri,DELUXE,USD 7.800,7800,-,2 - 10 Guests,"komodo, padar, pink beach, labuan bajo, kanawa, kelor",ac,trekking,"ac, labuan bajo, komodo, padar, pink beach, trekking, kelor, kanawa",Adası'nda Lüks Tekne Seçenekleri adalah kapal phinisi mewah yang menawarkan pengalaman berlayar eksklusif di Komodo Island. Dilengkapi fasilitas premium dan pelayanan profesional.,https://www.komodoluxury.com/wp-content/uploads/2024/07/Pesona-Bajo-Exterior2-KomodoLuxury.webp,https://www.komodoluxury.com/tr/boat-charter/deluxe/,www.komodoluxury.com,"Komodo Adası'nda Lüks Tekne Seçenekleri DELUXE - 2 - 10 Guests ac, labuan bajo, komodo, padar, pink beach, trekking, kelor, kanawa","Adası'nda Lüks Tekne Seçenekleri DELUXE USD 7.800 komodo, padar, pink beach, labuan bajo, kanawa, kelor ac, labuan bajo, komodo, padar, pink beach, trekking, kelor, kanawa Adası'nda Lüks Tekne Seçenekleri adalah kapal phinisi mewah yang menawarkan pengalaman berlayar eksklusif di Komodo Island. Dilengkapi fasilitas premium dan pelayanan profesional.",adas nda l ks tekne se enekleri deluxe komodo padar pink beach labu bajo kanawa kelor ac labu bajo komodo padar pink beach trekking kelor kanawa adas nda l ks tekne se enekleri mewah tawar alam layar eksklusif komodo island lengkap fasilitas premium layan profesional
Sewa Kapal Anne Bonny,Sewa Anne Bonny,IJ_VVIP,Rp.,0,3D2N,1 Guests,"komodo, padar, pink beach, labuan bajo, kanawa, kelor","sun deck, bar, ac, bathroom, cabin, lounge","snorkeling, diving, trekking, open trip","ac, lounge, snorkeling, labuan bajo, bar, sun deck, komodo, cabin, padar, pink beach, bathroom, trekking, diving, kelor, kanawa, open trip",Sewa Anne Bonny adalah kapal phinisi mewah yang menawarkan pengalaman berlayar eksklusif di Komodo Island. Dilengkapi fasilitas premium dan pelayanan profesional.,https://indonesiajuara.asia/wp-content/uploads/2022/10/ijt-ebp-horizontal.webp,https://indonesiajuara.asia/sewa-kapal-labuan-bajo/vvip/anne-bonny/,indonesiajuara.asia,"Sewa Kapal Anne Bonny IJ_VVIP 3D2N 1 Guests ac, lounge, snorkeling, labuan bajo, bar, sun deck, komodo, cabin, padar, pink beach, bathroom, trekking, diving, kelor, kanawa, open trip","Sewa Anne Bonny IJ_VVIP Rp. komodo, padar, pink beach, labuan bajo, kanawa, kelor ac, lounge, snorkeling, labuan bajo, bar, sun deck, komodo, cabin, padar, pink beach, bathroom, trekking, diving, kelor, kanawa, open trip Sewa Anne Bonny adalah kapal phinisi mewah yang menawarkan pengalaman berlayar eksklusif di Komodo Island. Dilengkapi fasilitas premium dan pelayanan profesional.",sewa anne bonny ijvvip komodo padar pink beach labu bajo kanawa kelor ac lounge snorkeling labu bajo bar sun deck komodo cabin padar pink beach bathroom trekking diving kelor kanawa open trip sewa anne bonny mewah tawar alam layar eksklusif komodo island lengkap fasilitas premium layan profesional
SEWA KAPAL LABUAN BAJO,SEWA LABUAN BAJO,IJ_VVIP,IDR 50.000.000,50000000,3D2N,2 - 10 Guests,"komodo, labuan bajo","bar, ac","snorkeling, diving, private charter, open trip","ac, snorkeling, labuan bajo, bar, komodo, private charter, open trip, diving",SEWA LABUAN BAJO adalah kapal phinisi mewah yang menawarkan pengalaman berlayar eksklusif di Komodo Island. Dilengkapi fasilitas premium dan pelayanan profesional.,https://indonesiajuara.asia/wp-content/uploads/2022/10/ijt-ebp-horizontal.webp,https://indonesiajuara.asia/sewa-kapal-labuan-bajo/deluxe/,indonesiajuara.asia,"SEWA KAPAL LABUAN BAJO IJ_VVIP 3D2N 2 - 10 Guests ac, snorkeling, labuan bajo, bar, komodo, private charter, open trip, diving","SEWA LABUAN BAJO IJ_VVIP IDR 50.000.000 komodo, labuan bajo ac, snorkeling, labuan bajo, bar, komodo, private charter, open trip, diving SEWA LABUAN BAJO adalah kapal phinisi mewah yang menawarkan pengalaman berlayar eksklusif di Komodo Island. Dilengkapi fasilitas premium dan pelayanan profesional.",sewa labu bajo ijvvip komodo labu bajo ac snorkeling labu bajo bar komodo private charter open trip diving sewa labu bajo mewah tawar alam layar eksklusif komodo island lengkap fasilitas premium layan profesional
Paket Tour Misool,Paket Misool,IJ_VVIP,Rp 13.520.000,13520000,3D2N,2 - 10 Guests,"komodo, pink beach, labuan bajo","bar, ac","snorkeling, diving, trekking, open trip","ac, snorkeling, labuan bajo, bar, komodo, pink beach, trekking, diving, open trip",Paket Misool adalah kapal phinisi mewah yang menawarkan pengalaman berlayar eksklusif di Komodo Island. Dilengkapi fasilitas premium dan pelayanan profesional.,https://indonesiajuara.asia/wp-content/uploads/2022/10/ijt-ebp-horizontal.webp,https://indonesiajuara.asia/tour-misool/,indonesiajuara.asia,"Paket Tour Misool IJ_VVIP 3D2N 2 - 10 Guests ac, snorkeling, labuan bajo, bar, komodo, pink beach, trekking, diving, open trip","Paket Misool IJ_VVIP Rp 13.520.000 komodo, pink beach, labuan bajo ac, snorkeling, labuan bajo, bar, komodo, pink beach, trekking, diving, open trip Paket Misool adalah kapal phinisi mewah yang menawarkan pengalaman berlayar eksklusif di Komodo Island. Dilengkapi fasilitas premium dan pelayanan profesional.",paket misool ijvvip komodo pink beach labu bajo ac snorkeling labu bajo bar komodo pink beach trekking diving open trip paket misool mewah tawar alam layar eksklusif komodo island lengkap fasilitas premium layan profesional
Paket Wisata Open Trip Sumba 4D3N,Paket Wisata Open Sumba 4D3N,IJ_VVIP,Rp 6.690.000,6690000,4D3N,2 - 10 Guests,"komodo, pink beach, labuan bajo","bar, ac","snorkeling, trekking, open trip","ac, snorkeling, labuan bajo, bar, komodo, pink beach, trekking, open trip",Paket Wisata Open Sumba 4D3N adalah kapal phinisi mewah yang menawarkan pengalaman berlayar eksklusif di Komodo Island. Dilengkapi fasilitas premium dan pelayanan profesional.,https://indonesiajuara.asia/wp-content/uploads/2022/10/ijt-ebp-horizontal.webp,https://indonesiajuara.asia/open-trip-sumba/,indonesiajuara.asia,"Paket Wisata Open Trip Sumba 4D3N IJ_VVIP 4D3N 2 - 10 Guests ac, snorkeling, labuan bajo, bar, komodo, pink beach, trekking, open trip","Paket Wisata Open Sumba 4D3N IJ_VVIP Rp 6.690.000 komodo, pink beach, labuan bajo ac, snorkeling, labuan bajo, bar, komodo, pink beach, trekking, open trip Paket Wisata Open Sumba 4D3N adalah kapal phinisi mewah yang menawarkan pengalaman berlayar eksklusif di Komodo Island. Dilengkapi fasilitas premium dan pelayanan profesional.",paket wisata open sumba d n ijvvip komodo pink beach labu bajo ac snorkeling labu bajo bar komodo pink beach trekking open trip paket wisata open sumba d n mewah tawar alam layar eksklusif komodo island lengkap fasilitas premium layan profesional
Kayra Phinisi Yacht,Kayra Yacht,IJ_VVIP,USD 7.000,7000,3D2N,1 Guests,"komodo, padar, pink beach, labuan bajo, kanawa, kelor","wifi, jacuzzi, bar, ac, bathroom, cabin, dining area","snorkeling, diving, trekking, open trip, kayak","ac, dining area, snorkeling, kayak, labuan bajo, bar, komodo, cabin, padar, pink beach, trekking, bathroom, jacuzzi, wifi, diving, kelor, kanawa, open trip",Kayra Yacht adalah kapal phinisi mewah yang menawarkan pengalaman berlayar eksklusif di Komodo Island. Dilengkapi fasilitas premium dan pelayanan profesional.,https://indonesiajuara.asia/wp-content/uploads/2022/10/ijt-ebp-horizontal.webp,https://indonesiajuara.asia/sewa-kapal-labuan-bajo/vvip/kayra/,indonesiajuara.asia,"Kayra Phinisi Yacht IJ_VVIP 3D2N 1 Guests ac, dining area, snorkeling, kayak, labuan bajo, bar, komodo, cabin, padar, pink beach, trekking, bathroom, jacuzzi, wifi, diving, kelor, kanawa, open trip","Kayra Yacht IJ_VVIP USD 7.000 komodo, padar, pink beach, labuan bajo, kanawa, kelor ac, dining area, snorkeling, kayak, labuan bajo, bar, komodo, cabin, padar, pink beach, trekking, bathroom, jacuzzi, wifi, diving, kelor, kanawa, open trip Kayra Yacht adalah kapal phinisi mewah yang menawarkan pengalaman berlayar eksklusif di Komodo Island. Dilengkapi fasilitas premium dan pelayanan profesional.",kayra yacht ijvvip komodo padar pink beach labu bajo kanawa kelor ac ning area snorkeling kayak labu bajo bar komodo cabin padar pink beach trekking bathroom jacuzzi wifi diving kelor kanawa open trip kayra yacht mewah tawar alam layar eksklusif komodo island lengkap fasilitas premium layan profesional
VELOCEAN,VELOCEAN,IJ_VVIP,Rp.,0,3D2N,18 Guests,"komodo, padar, pink beach, labuan bajo, kanawa, kelor","jacuzzi, bar, ac, bathroom, cabin, lounge","snorkeling, diving, trekking, open trip","ac, lounge, snorkeling, labuan bajo, bar, komodo, cabin, padar, pink beach, trekking, bathroom, jacuzzi, diving, kelor, kanawa, open trip",VELOCEAN adalah kapal phinisi mewah yang menawarkan pengalaman berlayar eksklusif di Komodo Island. Dilengkapi fasilitas premium dan pelayanan profesional.,https://indonesiajuara.asia/wp-content/uploads/2022/10/ijt-ebp-horizontal.webp,https://indonesiajuara.asia/sewa-kapal-labuan-bajo/vvip/velocean/,indonesiajuara.asia,"VELOCEAN IJ_VVIP 3D2N 18 Guests ac, lounge, snorkeling, labuan bajo, bar, komodo, cabin, padar, pink beach, trekking, bathroom, jacuzzi, diving, kelor, kanawa, open trip","VELOCEAN IJ_VVIP Rp. komodo, padar, pink beach, labuan bajo, kanawa, kelor ac, lounge, snorkeling, labuan bajo, bar, komodo, cabin, padar, pink beach, trekking, bathroom, jacuzzi, diving, kelor, kanawa, open trip VELOCEAN adalah kapal phinisi mewah yang menawarkan pengalaman berlayar eksklusif di Komodo Island. Dilengkapi fasilitas premium dan pelayanan profesional.",velocean ijvvip komodo padar pink beach labu bajo kanawa kelor ac lounge snorkeling labu bajo bar komodo cabin padar pink beach trekking bathroom jacuzzi diving kelor kanawa open trip velocean mewah tawar alam layar eksklusif komodo island lengkap fasilitas premium layan profesional
LAMIMA PHINISI,LAMIMA,IJ_VVIP,USD 27.000,27000,3D2N,2 - 10 Guests,"komodo, padar, pink beach, labuan bajo, kanawa, kelor","sun deck, bar, ac, bathroom, cabin, lounge","snorkeling, diving, trekking, open trip, kayak","ac, lounge, snorkeling, kayak, labuan bajo, bar, sun deck, komodo, cabin, padar, pink beach, bathroom, trekking, diving, kelor, kanawa, open trip",LAMIMA adalah kapal phinisi mewah yang menawarkan pengalaman berlayar eksklusif di Komodo Island. Dilengkapi fasilitas premium dan pelayanan profesional.,https://indonesiajuara.asia/wp-content/uploads/2022/10/ijt-ebp-horizontal.webp,https://indonesiajuara.asia/sewa-kapal-labuan-bajo/vvip/lamima-phinisi/,indonesiajuara.asia,"LAMIMA PHINISI IJ_VVIP 3D2N 2 - 10 Guests ac, lounge, snorkeling, kayak, labuan bajo, bar, sun deck, komodo, cabin, padar, pink beach, bathroom, trekking, diving, kelor, kanawa, open trip","LAMIMA IJ_VVIP USD 27.000 komodo, padar, pink beach, labuan bajo, kanawa, kelor ac, lounge, snorkeling, kayak, labuan bajo, bar, sun deck, komodo, cabin, padar, pink beach, bathroom, trekking, diving, kelor, kanawa, open trip LAMIMA adalah kapal phinisi mewah yang menawarkan pengalaman berlayar eksklusif di Komodo Island. Dilengkapi fasilitas premium dan pelayanan profesional.",lamima ijvvip komodo padar pink beach labu bajo kanawa kelor ac lounge snorkeling kayak labu bajo bar sun deck komodo cabin padar pink beach bathroom trekking diving kelor kanawa open trip lamima mewah tawar alam layar eksklusif komodo island lengkap fasilitas premium layan profesional
Sewa Kapal Jakaré,Sewa Jakaré,IJ_VVIP,Rp.,0,3D2N,1 Guests,"komodo, padar, pink beach, labuan bajo, kanawa, kelor","sun deck, bar, ac, bathroom, cabin, lounge","snorkeling, diving, trekking, open trip, kayak","ac, lounge, snorkeling, kayak, labuan bajo, bar, sun deck, komodo, cabin, padar, pink beach, bathroom, trekking, diving, kelor, kanawa, open trip",Sewa Jakaré adalah kapal phinisi mewah yang menawarkan pengalaman berlayar eksklusif di Komodo Island. Dilengkapi fasilitas premium dan pelayanan profesional.,https://indonesiajuara.asia/wp-content/uploads/2022/10/ijt-ebp-horizontal.webp,https://indonesiajuara.asia/sewa-kapal-labuan-bajo/vvip/jakare/,indonesiajuara.asia,"Sewa Kapal Jakaré IJ_VVIP 3D2N 1 Guests ac, lounge, snorkeling, kayak, labuan bajo, bar, sun deck, komodo, cabin, padar, pink beach, bathroom, trekking, diving, kelor, kanawa, open trip","Sewa Jakaré IJ_VVIP Rp. komodo, padar, pink beach, labuan bajo, kanawa, kelor ac, lounge, snorkeling, kayak, labuan bajo, bar, sun deck, komodo, cabin, padar, pink beach, bathroom, trekking, diving, kelor, kanawa, open trip Sewa Jakaré adalah kapal phinisi mewah yang menawarkan pengalaman berlayar eksklusif di Komodo Island. Dilengkapi fasilitas premium dan pelayanan profesional.",sewa jakar ijvvip komodo padar pink beach labu bajo kanawa kelor ac lounge snorkeling kayak labu bajo bar sun deck komodo cabin padar pink beach bathroom trekking diving kelor kanawa open trip sewa jakar mewah tawar alam layar eksklusif komodo island lengkap fasilitas premium layan profesional
Sewa Kapal Silolona,Sewa Silolona,IJ_VVIP,USD 18.700,18700,3D2N,10 Guests,"komodo, padar, pink beach, labuan bajo, kanawa, kelor","sun deck, bar, ac, bathroom, cabin, lounge","snorkeling, diving, trekking, open trip, kayak","ac, lounge, snorkeling, kayak, labuan bajo, bar, sun deck, komodo, cabin, padar, pink beach, bathroom, trekking, diving, kelor, kanawa, open trip",Sewa Silolona adalah kapal phinisi mewah yang menawarkan pengalaman berlayar eksklusif di Komodo Island. Dilengkapi fasilitas premium dan pelayanan profesional.,https://indonesiajuara.asia/wp-content/uploads/2022/10/ijt-ebp-horizontal.webp,https://indonesiajuara.asia/sewa-kapal-labuan-bajo/vvip/silolona/,indonesiajuara.asia,"Sewa Kapal Silolona IJ_VVIP 3D2N 10 Guests ac, lounge, snorkeling, kayak, labuan bajo, bar, sun deck, komodo, cabin, padar, pink beach, bathroom, trekking, diving, kelor, kanawa, open trip","Sewa Silolona IJ_VVIP USD 18.700 komodo, padar, pink beach, labuan bajo, kanawa, kelor ac, lounge, snorkeling, kayak, labuan bajo, bar, sun deck, komodo, cabin, padar, pink beach, bathroom, trekking, diving, kelor, kanawa, open trip Sewa Silolona adalah kapal phinisi mewah yang menawarkan pengalaman berlayar eksklusif di Komodo Island. Dilengkapi fasilitas premium dan pelayanan profesional.",sewa silolona ijvvip komodo padar pink beach labu bajo kanawa kelor ac lounge snorkeling kayak labu bajo bar sun deck komodo cabin padar pink beach bathroom trekking diving kelor kanawa open trip sewa silolona mewah tawar alam layar eksklusif komodo island lengkap fasilitas premium layan profesional
PRANA PHINISI,PRANA,IJ_VVIP,USD 20.000,20000,3D2N,18 Guests,"komodo, padar, pink beach, labuan bajo, kanawa, kelor","bar, ac, bathroom, cabin, dining area, lounge","snorkeling, diving, trekking, open trip, kayak","ac, dining area, lounge, snorkeling, kayak, labuan bajo, bar, komodo, cabin, padar, pink beach, bathroom, trekking, diving, kelor, kanawa, open trip",PRANA adalah kapal phinisi mewah yang menawarkan pengalaman berlayar eksklusif di Komodo Island. Dilengkapi fasilitas premium dan pelayanan profesional.,https://indonesiajuara.asia/wp-content/uploads/2022/10/ijt-ebp-horizontal.webp,https://indonesiajuara.asia/sewa-kapal-labuan-bajo/vvip/prana-phinisi/,indonesiajuara.asia,"PRANA PHINISI IJ_VVIP 3D2N 18 Guests ac, dining area, lounge, snorkeling, kayak, labuan bajo, bar, komodo, cabin, padar, pink beach, bathroom, trekking, diving, kelor, kanawa, open trip","PRANA IJ_VVIP USD 20.000 komodo, padar, pink beach, labuan bajo, kanawa, kelor ac, dining area, lounge, snorkeling, kayak, labuan bajo, bar, komodo, cabin, padar, pink beach, bathroom, trekking, diving, kelor, kanawa, open trip PRANA adalah kapal phinisi mewah yang menawarkan pengalaman berlayar eksklusif di Komodo Island. Dilengkapi fasilitas premium dan pelayanan profesional.",prana ijvvip komodo padar pink beach labu bajo kanawa kelor ac ning area lounge snorkeling kayak labu bajo bar komodo cabin padar pink beach bathroom trekking diving kelor kanawa open trip prana mewah tawar alam layar eksklusif komodo island lengkap fasilitas premium layan profesional
Sewa Kapal Celestia,Sewa Celestia,IJ_VVIP,USD 13.500,13500,3D2N,1 Guests,"komodo, padar, pink beach, labuan bajo, kanawa, kelor","bar, ac, bathroom, cabin, dining area, lounge","snorkeling, diving, trekking, open trip","ac, dining area, lounge, snorkeling, labuan bajo, bar, komodo, cabin, padar, pink beach, bathroom, trekking, diving, kelor, kanawa, open trip",Sewa Celestia adalah kapal phinisi mewah yang menawarkan pengalaman berlayar eksklusif di Komodo Island. Dilengkapi fasilitas premium dan pelayanan profesional.,https://indonesiajuara.asia/wp-content/uploads/2022/10/ijt-ebp-horizontal.webp,https://indonesiajuara.asia/sewa-kapal-labuan-bajo/vvip/celestia/,indonesiajuara.asia,"Sewa Kapal Celestia IJ_VVIP 3D2N 1 Guests ac, dining area, lounge, snorkeling, labuan bajo, bar, komodo, cabin, padar, pink beach, bathroom, trekking, diving, kelor, kanawa, open trip","Sewa Celestia IJ_VVIP USD 13.500 komodo, padar, pink beach, labuan bajo, kanawa, kelor ac, dining area, lounge, snorkeling, labuan bajo, bar, komodo, cabin, padar, pink beach, bathroom, trekking, diving, kelor, kanawa, open trip Sewa Celestia adalah kapal phinisi mewah yang menawarkan pengalaman berlayar eksklusif di Komodo Island. Dilengkapi fasilitas premium dan pelayanan profesional.",sewa celestia ijvvip komodo padar pink beach labu bajo kanawa kelor ac ning area lounge snorkeling labu bajo bar komodo cabin padar pink beach bathroom trekking diving kelor kanawa open trip sewa celestia mewah tawar alam layar eksklusif komodo island lengkap fasilitas premium layan profesional
Layanan Concierge Perjalanan Mewah Terpercaya di Bali,Layanan Concierge Perjalanan Mewah Terpercaya di Bali,IJ_VVIP,IDR 25.000.000,25000000,3D2N,2 - 10 Guests,"komodo, labuan bajo","bar, ac","diving, trekking","ac, labuan bajo, bar, komodo, trekking, diving",Layanan Concierge Perjalanan Mewah Terpercaya di Bali adalah kapal phinisi mewah yang menawarkan pengalaman berlayar eksklusif di Komodo Island. Dilengkapi fasilitas premium dan pelayanan profesional.,https://balipremiumtrip.com/wp-content/uploads/2024/12/mini-cooper-green-1.webp,https://balipremiumtrip.com/,indonesiajuara.asia,"Layanan Concierge Perjalanan Mewah Terpercaya di Bali IJ_VVIP 3D2N 2 - 10 Guests ac, labuan bajo, bar, komodo, trekking, diving","Layanan Concierge Perjalanan Mewah Terpercaya di Bali IJ_VVIP IDR 25.000.000 komodo, labuan bajo ac, labuan bajo, bar, komodo, trekking, diving Layanan Concierge Perjalanan Mewah Terpercaya di Bali adalah kapal phinisi mewah yang menawarkan pengalaman berlayar eksklusif di Komodo Island. Dilengkapi fasilitas premium dan pelayanan profesional.",layan concierge jalan mewah percaya bal ijvvip komodo labu bajo ac labu bajo bar komodo trekking diving layan concierge jalan mewah percaya bal mewah tawar alam layar eksklusif komodo island lengkap fasilitas premium layan profesional
Paket Tour Derawan,Paket Derawan,IJ_VVIP,Rp3.700.000,3700000,3D2N,2 - 10 Guests,"komodo, pink beach, labuan bajo","bar, ac","snorkeling, trekking, open trip","ac, snorkeling, labuan bajo, bar, komodo, pink beach, trekking, open trip",Paket Derawan adalah kapal phinisi mewah yang menawarkan pengalaman berlayar eksklusif di Komodo Island. Dilengkapi fasilitas premium dan pelayanan profesional.,https://indonesiajuara.asia/wp-content/uploads/2022/10/ijt-ebp-horizontal.webp,https://indonesiajuara.asia/tour-derawan/,indonesiajuara.asia,"Paket Tour Derawan IJ_VVIP 3D2N 2 - 10 Guests ac, snorkeling, labuan bajo, bar, komodo, pink beach, trekking, open trip","Paket Derawan IJ_VVIP Rp3.700.000 komodo, pink beach, labuan bajo ac, snorkeling, labuan bajo, bar, komodo, pink beach, trekking, open trip Paket Derawan adalah kapal phinisi mewah yang menawarkan pengalaman berlayar eksklusif di Komodo Island. Dilengkapi fasilitas premium dan pelayanan profesional.",paket dawan ijvvip komodo pink beach labu bajo ac snorkeling labu bajo bar komodo pink beach trekking open trip paket dawan mewah tawar alam layar eksklusif komodo island lengkap fasilitas premium layan profesional
Paket Wisata Wae Rebo | Kelimutu | Overland Trip Flores,Paket Wisata Wae Rebo | Kelimutu | Overland Flores,IJ_VVIP,IDR 5.425.000,5425000,3D2N,2 - 10 Guests,"komodo, pink beach, labuan bajo","bar, ac","snorkeling, trekking, open trip","ac, snorkeling, labuan bajo, bar, komodo, pink beach, trekking, open trip",Paket Wisata Wae Rebo | Kelimutu | Overland Flores adalah kapal phinisi mewah yang menawarkan pengalaman berlayar eksklusif di Komodo Island. Dilengkapi fasilitas premium dan pelayanan profesional.,https://indonesiajuara.asia/wp-content/uploads/2022/10/ijt-ebp-horizontal.webp,https://indonesiajuara.asia/private-overland-trip-flores/,indonesiajuara.asia,"Paket Wisata Wae Rebo | Kelimutu | Overland Trip Flores IJ_VVIP 3D2N 2 - 10 Guests ac, snorkeling, labuan bajo, bar, komodo, pink beach, trekking, open trip","Paket Wisata Wae Rebo | Kelimutu | Overland Flores IJ_VVIP IDR 5.425.000 komodo, pink beach, labuan bajo ac, snorkeling, labuan bajo, bar, komodo, pink beach, trekking, open trip Paket Wisata Wae Rebo | Kelimutu | Overland Flores adalah kapal phinisi mewah yang menawarkan pengalaman berlayar eksklusif di Komodo Island. Dilengkapi fasilitas premium dan pelayanan profesional.",paket wisata wae rebo kelimutu overland flores ijvvip komodo pink beach labu bajo ac snorkeling labu bajo bar komodo pink beach trekking open trip paket wisata wae rebo kelimutu overland flores mewah tawar alam layar eksklusif komodo island lengkap fasilitas premium layan profesional
Sewa Kapal Elbark Cruises Phinisi,Sewa Elbark Cruises,IJ_VVIP,IDR 6.500.000,6500000,3D2N,1 Guests,"komodo, padar, pink beach, labuan bajo, kanawa, kelor","jacuzzi, bar, ac, bathroom, cabin, dining area, lounge","snorkeling, diving, trekking, open trip","ac, dining area, lounge, snorkeling, labuan bajo, bar, komodo, cabin, padar, pink beach, trekking, bathroom, jacuzzi, diving, kelor, kanawa, open trip",Sewa Elbark Cruises adalah kapal phinisi mewah yang menawarkan pengalaman berlayar eksklusif di Komodo Island. Dilengkapi fasilitas premium dan pelayanan profesional.,https://indonesiajuara.asia/wp-content/uploads/2022/10/ijt-ebp-horizontal.webp,https://indonesiajuara.asia/sewa-kapal-labuan-bajo/vvip/elbark-cruise-phinisi/,indonesiajuara.asia,"Sewa Kapal Elbark Cruises Phinisi IJ_VVIP 3D2N 1 Guests ac, dining area, lounge, snorkeling, labuan bajo, bar, komodo, cabin, padar, pink beach, trekking, bathroom, jacuzzi, diving, kelor, kanawa, open trip","Sewa Elbark Cruises IJ_VVIP IDR 6.500.000 komodo, padar, pink beach, labuan bajo, kanawa, kelor ac, dining area, lounge, snorkeling, labuan bajo, bar, komodo, cabin, padar, pink beach, trekking, bathroom, jacuzzi, diving, kelor, kanawa, open trip Sewa Elbark Cruises adalah kapal phinisi mewah yang menawarkan pengalaman berlayar eksklusif di Komodo Island. Dilengkapi fasilitas premium dan pelayanan profesional.",sewa elbark cruises ijvvip komodo padar pink beach labu bajo kanawa kelor ac ning area lounge snorkeling labu bajo bar komodo cabin padar pink beach trekking bathroom jacuzzi diving kelor kanawa open trip sewa elbark cruises mewah tawar alam layar eksklusif komodo island lengkap fasilitas premium layan profesional
Paket Wisata Open Trip Raja Ampat,Paket Wisata Open Raja Ampat,IJ_VVIP,Rp 8.000.000,8000000,3D2N,14 Guests,"komodo, pink beach, labuan bajo","sun deck, bar, ac, bathroom, cabin, lounge","snorkeling, diving, trekking, open trip, kayak","ac, lounge, snorkeling, kayak, labuan bajo, bar, sun deck, komodo, cabin, pink beach, bathroom, trekking, diving, open trip",Paket Wisata Open Raja Ampat adalah kapal phinisi mewah yang menawarkan pengalaman berlayar eksklusif di Komodo Island. Dilengkapi fasilitas premium dan pelayanan profesional.,https://indonesiajuara.asia/wp-content/uploads/2022/10/ijt-ebp-horizontal.webp,https://indonesiajuara.asia/open-trip-raja-ampat/,indonesiajuara.asia,"Paket Wisata Open Trip Raja Ampat IJ_VVIP 3D2N 14 Guests ac, lounge, snorkeling, kayak, labuan bajo, bar, sun deck, komodo, cabin, pink beach, bathroom, trekking, diving, open trip","Paket Wisata Open Raja Ampat IJ_VVIP Rp 8.000.000 komodo, pink beach, labuan bajo ac, lounge, snorkeling, kayak, labuan bajo, bar, sun deck, komodo, cabin, pink beach, bathroom, trekking, diving, open trip Paket Wisata Open Raja Ampat adalah kapal phinisi mewah yang menawarkan pengalaman berlayar eksklusif di Komodo Island. Dilengkapi fasilitas premium dan pelayanan profesional.",paket wisata open raja ampat ijvvip komodo pink beach labu bajo ac lounge snorkeling kayak labu bajo bar sun deck komodo cabin pink beach bathroom trekking diving open trip paket wisata open raja ampat mewah tawar alam layar eksklusif komodo island lengkap fasilitas premium layan profesional
Sewa Kapal Samambaia,Sewa Samambaia,IJ_VVIP,Rp.,0,3D2N,1 Guests,"komodo, padar, pink beach, labuan bajo, kanawa, kelor","sun deck, bar, ac, bathroom, cabin, shower","snorkeling, diving, trekking, open trip","shower, ac, snorkeling, labuan bajo, bar, sun deck, komodo, cabin, padar, pink beach, bathroom, trekking, diving, kelor, kanawa, open trip",Sewa Samambaia adalah kapal phinisi mewah yang menawarkan pengalaman berlayar eksklusif di Komodo Island. Dilengkapi fasilitas premium dan pelayanan profesional.,https://indonesiajuara.asia/wp-content/uploads/2022/10/ijt-ebp-horizontal.webp,https://indonesiajuara.asia/sewa-kapal-labuan-bajo/vvip/samambaia/,indonesiajuara.asia,"Sewa Kapal Samambaia IJ_VVIP 3D2N 1 Guests shower, ac, snorkeling, labuan bajo, bar, sun deck, komodo, cabin, padar, pink beach, bathroom, trekking, diving, kelor, kanawa, open trip","Sewa Samambaia IJ_VVIP Rp. komodo, padar, pink beach, labuan bajo, kanawa, kelor shower, ac, snorkeling, labuan bajo, bar, sun deck, komodo, cabin, padar, pink beach, bathroom, trekking, diving, kelor, kanawa, open trip Sewa Samambaia adalah kapal phinisi mewah yang menawarkan pengalaman berlayar eksklusif di Komodo Island. Dilengkapi fasilitas premium dan pelayanan profesional.",sewa samambaia ijvvip komodo padar pink beach labu bajo kanawa kelor shower ac snorkeling labu bajo bar sun deck komodo cabin padar pink beach bathroom trekking diving kelor kanawa open trip sewa samambaia mewah tawar alam layar eksklusif komodo island lengkap fasilitas premium layan profesional
Sewa Kapal Emperor Harmoni,Sewa Emperor Harmoni,IJ_VVIP,Rp.,0,3D2N,1 Guests,"komodo, padar, pink beach, labuan bajo, kanawa, kelor","sun deck, bar, ac, bathroom, cabin, dining area, lounge","snorkeling, diving, trekking, open trip","ac, dining area, lounge, snorkeling, labuan bajo, bar, sun deck, komodo, cabin, padar, pink beach, bathroom, trekking, diving, kelor, kanawa, open trip",Sewa Emperor Harmoni adalah kapal phinisi mewah yang menawarkan pengalaman berlayar eksklusif di Komodo Island. Dilengkapi fasilitas premium dan pelayanan profesional.,https://indonesiajuara.asia/wp-content/uploads/2022/10/ijt-ebp-horizontal.webp,https://indonesiajuara.asia/sewa-kapal-labuan-bajo/vvip/emperor-harmoni/,indonesiajuara.asia,"Sewa Kapal Emperor Harmoni IJ_VVIP 3D2N 1 Guests ac, dining area, lounge, snorkeling, labuan bajo, bar, sun deck, komodo, cabin, padar, pink beach, bathroom, trekking, diving, kelor, kanawa, open trip","Sewa Emperor Harmoni IJ_VVIP Rp. komodo, padar, pink beach, labuan bajo, kanawa, kelor ac, dining area, lounge, snorkeling, labuan bajo, bar, sun deck, komodo, cabin, padar, pink beach, bathroom, trekking, diving, kelor, kanawa, open trip Sewa Emperor Harmoni adalah kapal phinisi mewah yang menawarkan pengalaman berlayar eksklusif di Komodo Island. Dilengkapi fasilitas premium dan pelayanan profesional.",sewa emperor harmoni ijvvip komodo padar pink beach labu bajo kanawa kelor ac ning area lounge snorkeling labu bajo bar sun deck komodo cabin padar pink beach bathroom trekking diving kelor kanawa open trip sewa emperor harmoni mewah tawar alam layar eksklusif komodo island lengkap fasilitas premium layan profesional
Samara II Cruise,Samara II Cruise,IJ_VVIP,USD 4.500,4500,3D2N,1 Guests,"komodo, padar, pink beach, labuan bajo, kanawa, kelor","sun deck, bar, ac, bathroom, cabin, dining area, lounge","snorkeling, diving, trekking, open trip","ac, dining area, lounge, snorkeling, labuan bajo, bar, sun deck, komodo, cabin, padar, pink beach, bathroom, trekking, diving, kelor, kanawa, open trip",Samara II Cruise adalah kapal phinisi mewah yang menawarkan pengalaman berlayar eksklusif di Komodo Island. Dilengkapi fasilitas premium dan pelayanan profesional.,https://indonesiajuara.asia/wp-content/uploads/2022/10/ijt-ebp-horizontal.webp,https://indonesiajuara.asia/sewa-kapal-labuan-bajo/vvip/samara-ii/,indonesiajuara.asia,"Samara II Cruise IJ_VVIP 3D2N 1 Guests ac, dining area, lounge, snorkeling, labuan bajo, bar, sun deck, komodo, cabin, padar, pink beach, bathroom, trekking, diving, kelor, kanawa, open trip","Samara II Cruise IJ_VVIP USD 4.500 komodo, padar, pink beach, labuan bajo, kanawa, kelor ac, dining area, lounge, snorkeling, labuan bajo, bar, sun deck, komodo, cabin, padar, pink beach, bathroom, trekking, diving, kelor, kanawa, open trip Samara II Cruise adalah kapal phinisi mewah yang menawarkan pengalaman berlayar eksklusif di Komodo Island. Dilengkapi fasilitas premium dan pelayanan profesional.",samara ii cruise ijvvip komodo padar pink beach labu bajo kanawa kelor ac ning area lounge snorkeling labu bajo bar sun deck komodo cabin padar pink beach bathroom trekking diving kelor kanawa open trip samara ii cruise mewah tawar alam layar eksklusif komodo island lengkap fasilitas premium layan profesional
Sewa Kapal INDONESIA JUARA,Sewa INDONESIA JUARA,IJ_VVIP,IDR 26.250.000,26250000,3D2N,14 Guests,"komodo, labuan bajo","bar, ac, cabin",open trip,"ac, labuan bajo, bar, komodo, cabin, open trip",Sewa INDONESIA JUARA adalah kapal phinisi mewah yang menawarkan pengalaman berlayar eksklusif di Komodo Island. Dilengkapi fasilitas premium dan pelayanan profesional.,https://indonesiajuara.asia/wp-content/uploads/2022/10/ijt-ebp-horizontal.webp,https://indonesiajuara.asia/sewa-kapal/,indonesiajuara.asia,"Sewa Kapal INDONESIA JUARA IJ_VVIP 3D2N 14 Guests ac, labuan bajo, bar, komodo, cabin, open trip","Sewa INDONESIA JUARA IJ_VVIP IDR 26.250.000 komodo, labuan bajo ac, labuan bajo, bar, komodo, cabin, open trip Sewa INDONESIA JUARA adalah kapal phinisi mewah yang menawarkan pengalaman berlayar eksklusif di Komodo Island. Dilengkapi fasilitas premium dan pelayanan profesional.",sewa indonesia juara ijvvip komodo labu bajo ac labu bajo bar komodo cabin open trip sewa indonesia juara mewah tawar alam layar eksklusif komodo island lengkap fasilitas premium layan profesional
Kapal Mischief,Mischief,IJ_VVIP,USD 8.000,8000,3D2N,1 Guests,"komodo, padar, pink beach, labuan bajo, kanawa, kelor","jacuzzi, bar, ac, bathroom, cabin, lounge, shower","snorkeling, diving, trekking, open trip, kayak","shower, ac, lounge, snorkeling, kayak, labuan bajo, bar, komodo, cabin, padar, pink beach, trekking, bathroom, jacuzzi, diving, kelor, kanawa, open trip",Mischief adalah kapal phinisi mewah yang menawarkan pengalaman berlayar eksklusif di Komodo Island. Dilengkapi fasilitas premium dan pelayanan profesional.,https://indonesiajuara.asia/wp-content/uploads/2022/10/ijt-ebp-horizontal.webp,https://indonesiajuara.asia/sewa-kapal-labuan-bajo/vvip/mischief/,indonesiajuara.asia,"Kapal Mischief IJ_VVIP 3D2N 1 Guests shower, ac, lounge, snorkeling, kayak, labuan bajo, bar, komodo, cabin, padar, pink beach, trekking, bathroom, jacuzzi, diving, kelor, kanawa, open trip","Mischief IJ_VVIP USD 8.000 komodo, padar, pink beach, labuan bajo, kanawa, kelor shower, ac, lounge, snorkeling, kayak, labuan bajo, bar, komodo, cabin, padar, pink beach, trekking, bathroom, jacuzzi, diving, kelor, kanawa, open trip Mischief adalah kapal phinisi mewah yang menawarkan pengalaman berlayar eksklusif di Komodo Island. Dilengkapi fasilitas premium dan pelayanan profesional.",mischief ijvvip komodo padar pink beach labu bajo kanawa kelor shower ac lounge snorkeling kayak labu bajo bar komodo cabin padar pink beach trekking bathroom jacuzzi diving kelor kanawa open trip mischief mewah tawar alam layar eksklusif komodo island lengkap fasilitas premium layan profesional
Paket Wisata Private Trip Sumba 4D3N – 5D4N – 6D5N,Paket Wisata Sumba 4D3N – 5D4N – 6D5N,IJ_VVIP,IDR 350.000,350000,4D3N,2 - 10 Guests,"komodo, pink beach, labuan bajo","bar, ac","snorkeling, trekking, open trip","ac, snorkeling, labuan bajo, bar, komodo, pink beach, trekking, open trip",Paket Wisata Sumba 4D3N – 5D4N – 6D5N adalah kapal phinisi mewah yang menawarkan pengalaman berlayar eksklusif di Komodo Island. Dilengkapi fasilitas premium dan pelayanan profesional.,https://indonesiajuara.asia/wp-content/uploads/2022/10/ijt-ebp-horizontal.webp,https://indonesiajuara.asia/sumba-tour-4d3n/,indonesiajuara.asia,"Paket Wisata Private Trip Sumba 4D3N – 5D4N – 6D5N IJ_VVIP 4D3N 2 - 10 Guests ac, snorkeling, labuan bajo, bar, komodo, pink beach, trekking, open trip","Paket Wisata Sumba 4D3N – 5D4N – 6D5N IJ_VVIP IDR 350.000 komodo, pink beach, labuan bajo ac, snorkeling, labuan bajo, bar, komodo, pink beach, trekking, open trip Paket Wisata Sumba 4D3N – 5D4N – 6D5N adalah kapal phinisi mewah yang menawarkan pengalaman berlayar eksklusif di Komodo Island. Dilengkapi fasilitas premium dan pelayanan profesional.",paket wisata sumba d n d n d n ijvvip komodo pink beach labu bajo ac snorkeling labu bajo bar komodo pink beach trekking open trip paket wisata sumba d n d n d n mewah tawar alam layar eksklusif komodo island lengkap fasilitas premium layan profesional
Paket Wisata Private Trip Sewa Speedboat Labuan Bajo,Paket Wisata Sewa Speedboat Labuan Bajo,IJ_VVIP,Rp11.800.000,11800000,3D2N,2 - 10 Guests,"komodo, padar, pink beach, labuan bajo","bar, ac","snorkeling, diving, trekking, open trip","ac, snorkeling, labuan bajo, bar, komodo, padar, pink beach, trekking, diving, open trip",Paket Wisata Sewa Speedboat Labuan Bajo adalah kapal phinisi mewah yang menawarkan pengalaman berlayar eksklusif di Komodo Island. Dilengkapi fasilitas premium dan pelayanan profesional.,https://indonesiajuara.asia/wp-content/uploads/2022/10/ijt-ebp-horizontal.webp,https://indonesiajuara.asia/private-trip-speedboat/,indonesiajuara.asia,"Paket Wisata Private Trip Sewa Speedboat Labuan Bajo IJ_VVIP 3D2N 2 - 10 Guests ac, snorkeling, labuan bajo, bar, komodo, padar, pink beach, trekking, diving, open trip","Paket Wisata Sewa Speedboat Labuan Bajo IJ_VVIP Rp11.800.000 komodo, padar, pink beach, labuan bajo ac, snorkeling, labuan bajo, bar, komodo, padar, pink beach, trekking, diving, open trip Paket Wisata Sewa Speedboat Labuan Bajo adalah kapal phinisi mewah yang menawarkan pengalaman berlayar eksklusif di Komodo Island. Dilengkapi fasilitas premium dan pelayanan profesional.",paket wisata sewa speedboat labu bajo ijvvip komodo padar pink beach labu bajo ac snorkeling labu bajo bar komodo padar pink beach trekking diving open trip paket wisata sewa speedboat labu bajo mewah tawar alam layar eksklusif komodo island lengkap fasilitas premium layan profesional
Paket Wisata Private Trip Kapal Phinisi Labuan Bajo,Paket Wisata Labuan Bajo,IJ_VVIP,Rp 60.750.000,60750000,3D2N,3 Guests,"komodo, padar, pink beach, labuan bajo, kanawa, kelor","sun deck, jacuzzi, restaurant, bar, ac, bathroom, cabin, dining area, lounge","snorkeling, diving, trekking, open trip","snorkeling, labuan bajo, restaurant, sun deck, cabin, pink beach, kelor, kanawa, ac, lounge, komodo, padar, jacuzzi, diving, bar, trekking, dining area, bathroom, open trip",Paket Wisata Labuan Bajo adalah kapal phinisi mewah yang menawarkan pengalaman berlayar eksklusif di Komodo Island. Dilengkapi fasilitas premium dan pelayanan profesional.,https://indonesiajuara.asia/wp-content/uploads/2022/10/ijt-ebp-horizontal.webp,https://indonesiajuara.asia/private-trip-kapal-phinisi-labuan-bajo/,indonesiajuara.asia,"Paket Wisata Private Trip Kapal Phinisi Labuan Bajo IJ_VVIP 3D2N 3 Guests snorkeling, labuan bajo, restaurant, sun deck, cabin, pink beach, kelor, kanawa, ac, lounge, komodo, padar, jacuzzi, diving, bar, trekking, dining area, bathroom, open trip","Paket Wisata Labuan Bajo IJ_VVIP Rp 60.750.000 komodo, padar, pink beach, labuan bajo, kanawa, kelor snorkeling, labuan bajo, restaurant, sun deck, cabin, pink beach, kelor, kanawa, ac, lounge, komodo, padar, jacuzzi, diving, bar, trekking, dining area, bathroom, open trip Paket Wisata Labuan Bajo adalah kapal phinisi mewah yang menawarkan pengalaman berlayar eksklusif di Komodo Island. Dilengkapi fasilitas premium dan pelayanan profesional.",paket wisata labu bajo ijvvip komodo padar pink beach labu bajo kanawa kelor snorkeling labu bajo restaurant sun deck cabin pink beach kelor kanawa ac lounge komodo padar jacuzzi diving bar trekking ning area bathroom open trip paket wisata labu bajo mewah tawar alam layar eksklusif komodo island lengkap fasilitas premium layan profesional
Sewa Kapal Cheng Ho,Sewa Cheng Ho,IJ_VVIP,IDR 118.000.000,118000000,3D2N,1 Guests,"komodo, padar, pink beach, labuan bajo, kanawa, kelor","jacuzzi, bar, ac, bathroom, cabin, lounge","snorkeling, diving, trekking, open trip, kayak","ac, lounge, snorkeling, kayak, labuan bajo, bar, komodo, cabin, padar, pink beach, trekking, bathroom, jacuzzi, diving, kelor, kanawa, open trip",Sewa Cheng Ho adalah kapal phinisi mewah yang menawarkan pengalaman berlayar eksklusif di Komodo Island. Dilengkapi fasilitas premium dan pelayanan profesional.,https://indonesiajuara.asia/wp-content/uploads/2022/10/ijt-ebp-horizontal.webp,https://indonesiajuara.asia/sewa-kapal-labuan-bajo/vvip/cheng-ho/,indonesiajuara.asia,"Sewa Kapal Cheng Ho IJ_VVIP 3D2N 1 Guests ac, lounge, snorkeling, kayak, labuan bajo, bar, komodo, cabin, padar, pink beach, trekking, bathroom, jacuzzi, diving, kelor, kanawa, open trip","Sewa Cheng Ho IJ_VVIP IDR 118.000.000 komodo, padar, pink beach, labuan bajo, kanawa, kelor ac, lounge, snorkeling, kayak, labuan bajo, bar, komodo, cabin, padar, pink beach, trekking, bathroom, jacuzzi, diving, kelor, kanawa, open trip Sewa Cheng Ho adalah kapal phinisi mewah yang menawarkan pengalaman berlayar eksklusif di Komodo Island. Dilengkapi fasilitas premium dan pelayanan profesional.",sewa cheng ho ijvvip komodo padar pink beach labu bajo kanawa kelor ac lounge snorkeling kayak labu bajo bar komodo cabin padar pink beach trekking bathroom jacuzzi diving kelor kanawa open trip sewa cheng ho mewah tawar alam layar eksklusif komodo island lengkap fasilitas premium layan profesional
Paket Tour Raja Ampat,Paket Raja Ampat,IJ_VVIP,Rp 8.000.000,8000000,3D2N,2 - 10 Guests,"komodo, pink beach, labuan bajo","bar, ac","snorkeling, diving, trekking, open trip","ac, snorkeling, labuan bajo, bar, komodo, pink beach, trekking, diving, open trip",Paket Raja Ampat adalah kapal phinisi mewah yang menawarkan pengalaman berlayar eksklusif di Komodo Island. Dilengkapi fasilitas premium dan pelayanan profesional.,https://indonesiajuara.asia/wp-content/uploads/2022/10/ijt-ebp-horizontal.webp,https://indonesiajuara.asia/tour-raja-ampat/,indonesiajuara.asia,"Paket Tour Raja Ampat IJ_VVIP 3D2N 2 - 10 Guests ac, snorkeling, labuan bajo, bar, komodo, pink beach, trekking, diving, open trip","Paket Raja Ampat IJ_VVIP Rp 8.000.000 komodo, pink beach, labuan bajo ac, snorkeling, labuan bajo, bar, komodo, pink beach, trekking, diving, open trip Paket Raja Ampat adalah kapal phinisi mewah yang menawarkan pengalaman berlayar eksklusif di Komodo Island. Dilengkapi fasilitas premium dan pelayanan profesional.",paket raja ampat ijvvip komodo pink beach labu bajo ac snorkeling labu bajo bar komodo pink beach trekking diving open trip paket raja ampat mewah tawar alam layar eksklusif komodo island lengkap fasilitas premium layan profesional
Sanctuary,Sanctuary,IJ_VVIP,USD 15.000,15000,3D2N,1 Guests,"komodo, padar, pink beach, labuan bajo, kanawa, kelor","jacuzzi, bar, ac, bathroom, cabin, dining area","snorkeling, diving, trekking, open trip, kayak","ac, dining area, snorkeling, kayak, labuan bajo, bar, komodo, cabin, padar, pink beach, trekking, bathroom, jacuzzi, diving, kelor, kanawa, open trip",Sanctuary adalah kapal phinisi mewah yang menawarkan pengalaman berlayar eksklusif di Komodo Island. Dilengkapi fasilitas premium dan pelayanan profesional.,https://indonesiajuara.asia/wp-content/uploads/2022/10/ijt-ebp-horizontal.webp,https://indonesiajuara.asia/sewa-kapal-labuan-bajo/vvip/sanctuary/,indonesiajuara.asia,"Sanctuary IJ_VVIP 3D2N 1 Guests ac, dining area, snorkeling, kayak, labuan bajo, bar, komodo, cabin, padar, pink beach, trekking, bathroom, jacuzzi, diving, kelor, kanawa, open trip","Sanctuary IJ_VVIP USD 15.000 komodo, padar, pink beach, labuan bajo, kanawa, kelor ac, dining area, snorkeling, kayak, labuan bajo, bar, komodo, cabin, padar, pink beach, trekking, bathroom, jacuzzi, diving, kelor, kanawa, open trip Sanctuary adalah kapal phinisi mewah yang menawarkan pengalaman berlayar eksklusif di Komodo Island. Dilengkapi fasilitas premium dan pelayanan profesional.",sanctuary ijvvip komodo padar pink beach labu bajo kanawa kelor ac ning area snorkeling kayak labu bajo bar komodo cabin padar pink beach trekking bathroom jacuzzi diving kelor kanawa open trip sanctuary mewah tawar alam layar eksklusif komodo island lengkap fasilitas premium layan profesional
Paket Tour Banggai,Paket Banggai,IJ_VVIP,Rp 6.000.000,6000000,3D2N,2 - 10 Guests,"komodo, pink beach, labuan bajo","bar, ac","snorkeling, trekking, open trip","ac, snorkeling, labuan bajo, bar, komodo, pink beach, trekking, open trip",Paket Banggai adalah kapal phinisi mewah yang menawarkan pengalaman berlayar eksklusif di Komodo Island. Dilengkapi fasilitas premium dan pelayanan profesional.,https://indonesiajuara.asia/wp-content/uploads/2022/10/ijt-ebp-horizontal.webp,https://indonesiajuara.asia/tour-banggai/,indonesiajuara.asia,"Paket Tour Banggai IJ_VVIP 3D2N 2 - 10 Guests ac, snorkeling, labuan bajo, bar, komodo, pink beach, trekking, open trip","Paket Banggai IJ_VVIP Rp 6.000.000 komodo, pink beach, labuan bajo ac, snorkeling, labuan bajo, bar, komodo, pink beach, trekking, open trip Paket Banggai adalah kapal phinisi mewah yang menawarkan pengalaman berlayar eksklusif di Komodo Island. Dilengkapi fasilitas premium dan pelayanan profesional.",paket bangga ijvvip komodo pink beach labu bajo ac snorkeling labu bajo bar komodo pink beach trekking open trip paket bangga mewah tawar alam layar eksklusif komodo island lengkap fasilitas premium layan profesional
Paket Wisata Open Trip Labuan Bajo,Paket Wisata Open Labuan Bajo,IJ_VVIP,Rp4.000.000,4000000,3D2N,2 Guests,"komodo, padar, pink beach, labuan bajo, kanawa, kelor","sun deck, jacuzzi, restaurant, bar, ac, bathroom, cabin, dining area, lounge","snorkeling, diving, trekking, open trip","snorkeling, labuan bajo, restaurant, sun deck, cabin, pink beach, kelor, kanawa, ac, lounge, komodo, padar, jacuzzi, diving, bar, trekking, dining area, bathroom, open trip",Paket Wisata Open Labuan Bajo adalah kapal phinisi mewah yang menawarkan pengalaman berlayar eksklusif di Komodo Island. Dilengkapi fasilitas premium dan pelayanan profesional.,https://indonesiajuara.asia/wp-content/uploads/2022/10/ijt-ebp-horizontal.webp,https://indonesiajuara.asia/open-trip-komodo-labuan-bajo-3d2n-paket-kapal-ac/,indonesiajuara.asia,"Paket Wisata Open Trip Labuan Bajo IJ_VVIP 3D2N 2 Guests snorkeling, labuan bajo, restaurant, sun deck, cabin, pink beach, kelor, kanawa, ac, lounge, komodo, padar, jacuzzi, diving, bar, trekking, dining area, bathroom, open trip","Paket Wisata Open Labuan Bajo IJ_VVIP Rp4.000.000 komodo, padar, pink beach, labuan bajo, kanawa, kelor snorkeling, labuan bajo, restaurant, sun deck, cabin, pink beach, kelor, kanawa, ac, lounge, komodo, padar, jacuzzi, diving, bar, trekking, dining area, bathroom, open trip Paket Wisata Open Labuan Bajo adalah kapal phinisi mewah yang menawarkan pengalaman berlayar eksklusif di Komodo Island. Dilengkapi fasilitas premium dan pelayanan profesional.",paket wisata open labu bajo ijvvip komodo padar pink beach labu bajo kanawa kelor snorkeling labu bajo restaurant sun deck cabin pink beach kelor kanawa ac lounge komodo padar jacuzzi diving bar trekking ning area bathroom open trip paket wisata open labu bajo mewah tawar alam layar eksklusif komodo island lengkap fasilitas premium layan profesional
SEWA KAPAL RAJA AMPAT,SEWA RAJA AMPAT,IJ_VVIP,Rp.,0,3D2N,2 - 10 Guests,"komodo, labuan bajo","bar, ac","snorkeling, diving, private charter, open trip","ac, snorkeling, labuan bajo, bar, komodo, private charter, open trip, diving",SEWA RAJA AMPAT adalah kapal phinisi mewah yang menawarkan pengalaman berlayar eksklusif di Komodo Island. Dilengkapi fasilitas premium dan pelayanan profesional.,https://indonesiajuara.asia/wp-content/uploads/2022/10/ijt-ebp-horizontal.webp,https://indonesiajuara.asia/sewa-kapal-raja-ampat/vip/,indonesiajuara.asia,"SEWA KAPAL RAJA AMPAT IJ_VVIP 3D2N 2 - 10 Guests ac, snorkeling, labuan bajo, bar, komodo, private charter, open trip, diving","SEWA RAJA AMPAT IJ_VVIP Rp. komodo, labuan bajo ac, snorkeling, labuan bajo, bar, komodo, private charter, open trip, diving SEWA RAJA AMPAT adalah kapal phinisi mewah yang menawarkan pengalaman berlayar eksklusif di Komodo Island. Dilengkapi fasilitas premium dan pelayanan profesional.",sewa raja ampat ijvvip komodo labu bajo ac snorkeling labu bajo bar komodo private charter open trip diving sewa raja ampat mewah tawar alam layar eksklusif komodo island lengkap fasilitas premium layan profesional
Sewa Kapal Malca Voyages,Sewa Malca Voyages,IJ_VVIP,Rp 88.000.000,88000000,3D2N,1 Guests,"komodo, padar, pink beach, labuan bajo, kanawa, kelor","sun deck, jacuzzi, restaurant, bar, ac, bathroom, cabin","snorkeling, diving, trekking, open trip","ac, snorkeling, labuan bajo, bar, restaurant, sun deck, cabin, komodo, padar, pink beach, trekking, bathroom, jacuzzi, diving, kelor, kanawa, open trip",Sewa Malca Voyages adalah kapal phinisi mewah yang menawarkan pengalaman berlayar eksklusif di Komodo Island. Dilengkapi fasilitas premium dan pelayanan profesional.,https://indonesiajuara.asia/wp-content/uploads/2022/10/ijt-ebp-horizontal.webp,https://indonesiajuara.asia/sewa-kapal-labuan-bajo/vip/malca-voyages/,indonesiajuara.asia,"Sewa Kapal Malca Voyages IJ_VVIP 3D2N 1 Guests ac, snorkeling, labuan bajo, bar, restaurant, sun deck, cabin, komodo, padar, pink beach, trekking, bathroom, jacuzzi, diving, kelor, kanawa, open trip","Sewa Malca Voyages IJ_VVIP Rp 88.000.000 komodo, padar, pink beach, labuan bajo, kanawa, kelor ac, snorkeling, labuan bajo, bar, restaurant, sun deck, cabin, komodo, padar, pink beach, trekking, bathroom, jacuzzi, diving, kelor, kanawa, open trip Sewa Malca Voyages adalah kapal phinisi mewah yang menawarkan pengalaman berlayar eksklusif di Komodo Island. Dilengkapi fasilitas premium dan pelayanan profesional.",sewa malca voyages ijvvip komodo padar pink beach labu bajo kanawa kelor ac snorkeling labu bajo bar restaurant sun deck cabin komodo padar pink beach trekking bathroom jacuzzi diving kelor kanawa open trip sewa malca voyages mewah tawar alam layar eksklusif komodo island lengkap fasilitas premium layan profesional
The Maj Oceanic,The Maj Oceanic,IJ_VVIP,USD 13.000,13000,3D2N,1 Guests,"komodo, padar, pink beach, labuan bajo, kanawa, kelor","wifi, bar, ac, bathroom, cabin, dining area, lounge","snorkeling, diving, trekking, open trip, kayak","ac, dining area, lounge, snorkeling, kayak, labuan bajo, bar, komodo, cabin, padar, pink beach, bathroom, trekking, wifi, diving, kelor, kanawa, open trip",The Maj Oceanic adalah kapal phinisi mewah yang menawarkan pengalaman berlayar eksklusif di Komodo Island. Dilengkapi fasilitas premium dan pelayanan profesional.,https://indonesiajuara.asia/wp-content/uploads/2022/10/ijt-ebp-horizontal.webp,https://indonesiajuara.asia/sewa-kapal-labuan-bajo/vvip/the-maj-oceanic/,indonesiajuara.asia,"The Maj Oceanic IJ_VVIP 3D2N 1 Guests ac, dining area, lounge, snorkeling, kayak, labuan bajo, bar, komodo, cabin, padar, pink beach, bathroom, trekking, wifi, diving, kelor, kanawa, open trip","The Maj Oceanic IJ_VVIP USD 13.000 komodo, padar, pink beach, labuan bajo, kanawa, kelor ac, dining area, lounge, snorkeling, kayak, labuan bajo, bar, komodo, cabin, padar, pink beach, bathroom, trekking, wifi, diving, kelor, kanawa, open trip The Maj Oceanic adalah kapal phinisi mewah yang menawarkan pengalaman berlayar eksklusif di Komodo Island. Dilengkapi fasilitas premium dan pelayanan profesional.",maj oceanic ijvvip komodo padar pink beach labu bajo kanawa kelor ac ning area lounge snorkeling kayak labu bajo bar komodo cabin padar pink beach bathroom trekking wifi diving kelor kanawa open trip maj oceanic mewah tawar alam layar eksklusif komodo island lengkap fasilitas premium layan profesional
Sewa Kapal Alila Purnama,Sewa Alila Purnama,IJ_VVIP,Rp.,0,3D2N,1 Guests,"komodo, padar, pink beach, labuan bajo, kanawa, kelor","bar, ac, bathroom, cabin, dining area, lounge","snorkeling, diving, trekking, open trip, kayak","ac, dining area, lounge, snorkeling, kayak, labuan bajo, bar, komodo, cabin, padar, pink beach, bathroom, trekking, diving, kelor, kanawa, open trip",Sewa Alila Purnama adalah kapal phinisi mewah yang menawarkan pengalaman berlayar eksklusif di Komodo Island. Dilengkapi fasilitas premium dan pelayanan profesional.,https://indonesiajuara.asia/wp-content/uploads/2022/10/ijt-ebp-horizontal.webp,https://indonesiajuara.asia/sewa-kapal-labuan-bajo/vvip/alila/,indonesiajuara.asia,"Sewa Kapal Alila Purnama IJ_VVIP 3D2N 1 Guests ac, dining area, lounge, snorkeling, kayak, labuan bajo, bar, komodo, cabin, padar, pink beach, bathroom, trekking, diving, kelor, kanawa, open trip","Sewa Alila Purnama IJ_VVIP Rp. komodo, padar, pink beach, labuan bajo, kanawa, kelor ac, dining area, lounge, snorkeling, kayak, labuan bajo, bar, komodo, cabin, padar, pink beach, bathroom, trekking, diving, kelor, kanawa, open trip Sewa Alila Purnama adalah kapal phinisi mewah yang menawarkan pengalaman berlayar eksklusif di Komodo Island. Dilengkapi fasilitas premium dan pelayanan profesional.",sewa alila purnama ijvvip komodo padar pink beach labu bajo kanawa kelor ac ning area lounge snorkeling kayak labu bajo bar komodo cabin padar pink beach bathroom trekking diving kelor kanawa open trip sewa alila purnama mewah tawar alam layar eksklusif komodo island lengkap fasilitas premium layan profesional
Paket Private Trip Nusa Penida 1 Day / 2D1N / 3D2N,Paket Nusa Penida 1 Day / 2D1N / 3D2N,IJ_VVIP,Rp 600.000,600000,2D1N,2 - 10 Guests,"komodo, pink beach, labuan bajo","bar, ac","snorkeling, diving, trekking, open trip","ac, snorkeling, labuan bajo, bar, komodo, pink beach, trekking, diving, open trip",Paket Nusa Penida 1 Day / 2D1N / 3D2N adalah kapal phinisi mewah yang menawarkan pengalaman berlayar eksklusif di Komodo Island. Dilengkapi fasilitas premium dan pelayanan profesional.,https://indonesiajuara.asia/wp-content/uploads/2022/10/ijt-ebp-horizontal.webp,https://indonesiajuara.asia/private-trip-nusa-penida/,indonesiajuara.asia,"Paket Private Trip Nusa Penida 1 Day / 2D1N / 3D2N IJ_VVIP 2D1N 2 - 10 Guests ac, snorkeling, labuan bajo, bar, komodo, pink beach, trekking, diving, open trip","Paket Nusa Penida 1 Day / 2D1N / 3D2N IJ_VVIP Rp 600.000 komodo, pink beach, labuan bajo ac, snorkeling, labuan bajo, bar, komodo, pink beach, trekking, diving, open trip Paket Nusa Penida 1 Day / 2D1N / 3D2N adalah kapal phinisi mewah yang menawarkan pengalaman berlayar eksklusif di Komodo Island. Dilengkapi fasilitas premium dan pelayanan profesional.",paket nusa penida day d n d n ijvvip komodo pink beach labu bajo ac snorkeling labu bajo bar komodo pink beach trekking diving open trip paket nusa penida day d n d n mewah tawar alam layar eksklusif komodo island lengkap fasilitas premium layan profesional
Paket Tour Komodo,Paket,IJ_VVIP,Rp 4.000.000,4000000,3D2N,2 - 10 Guests,"komodo, padar, pink beach, labuan bajo, kelor","bar, ac","snorkeling, trekking, open trip","ac, snorkeling, labuan bajo, bar, komodo, padar, pink beach, trekking, open trip, kelor",Paket adalah kapal phinisi mewah yang menawarkan pengalaman berlayar eksklusif di Komodo Island. Dilengkapi fasilitas premium dan pelayanan profesional.,https://indonesiajuara.asia/wp-content/uploads/2022/10/ijt-ebp-horizontal.webp,https://indonesiajuara.asia/tour-komodo-labuan-bajo-indonesiajuara/,indonesiajuara.asia,"Paket Tour Komodo IJ_VVIP 3D2N 2 - 10 Guests ac, snorkeling, labuan bajo, bar, komodo, padar, pink beach, trekking, open trip, kelor","Paket IJ_VVIP Rp 4.000.000 komodo, padar, pink beach, labuan bajo, kelor ac, snorkeling, labuan bajo, bar, komodo, padar, pink beach, trekking, open trip, kelor Paket adalah kapal phinisi mewah yang menawarkan pengalaman berlayar eksklusif di Komodo Island. Dilengkapi fasilitas premium dan pelayanan profesional.",paket ijvvip komodo padar pink beach labu bajo kelor ac snorkeling labu bajo bar komodo padar pink beach trekking open trip kelor paket mewah tawar alam layar eksklusif komodo island lengkap fasilitas premium layan profesional
Sewa Kapal Nala Phinisi,Sewa Nala,IJ_VVIP,Rp.,0,3D2N,10 Guests,"komodo, padar, pink beach, labuan bajo, kanawa, kelor","sun deck, bar, ac, bathroom, cabin, dining area, lounge","snorkeling, diving, trekking, open trip","ac, dining area, lounge, snorkeling, labuan bajo, bar, sun deck, komodo, cabin, padar, pink beach, bathroom, trekking, diving, kelor, kanawa, open trip",Sewa Nala adalah kapal phinisi mewah yang menawarkan pengalaman berlayar eksklusif di Komodo Island. Dilengkapi fasilitas premium dan pelayanan profesional.,https://indonesiajuara.asia/wp-content/uploads/2022/10/ijt-ebp-horizontal.webp,https://indonesiajuara.asia/sewa-kapal-labuan-bajo/vvip/nala/,indonesiajuara.asia,"Sewa Kapal Nala Phinisi IJ_VVIP 3D2N 10 Guests ac, dining area, lounge, snorkeling, labuan bajo, bar, sun deck, komodo, cabin, padar, pink beach, bathroom, trekking, diving, kelor, kanawa, open trip","Sewa Nala IJ_VVIP Rp. komodo, padar, pink beach, labuan bajo, kanawa, kelor ac, dining area, lounge, snorkeling, labuan bajo, bar, sun deck, komodo, cabin, padar, pink beach, bathroom, trekking, diving, kelor, kanawa, open trip Sewa Nala adalah kapal phinisi mewah yang menawarkan pengalaman berlayar eksklusif di Komodo Island. Dilengkapi fasilitas premium dan pelayanan profesional.",sewa nala ijvvip komodo padar pink beach labu bajo kanawa kelor ac ning area lounge snorkeling labu bajo bar sun deck komodo cabin padar pink beach bathroom trekking diving kelor kanawa open trip sewa nala mewah tawar alam layar eksklusif komodo island lengkap fasilitas premium layan profesional
Sewa Kapal Vela,Sewa Vela,IJ_VVIP,"USD 17,000",17000,3D2N,1 Guests,"komodo, padar, pink beach, labuan bajo, kanawa, kelor","bar, ac, bathroom, cabin, dining area","snorkeling, diving, trekking, private charter, open trip, kayak","ac, dining area, snorkeling, kayak, labuan bajo, bar, komodo, cabin, padar, pink beach, bathroom, private charter, trekking, diving, kelor, kanawa, open trip",Sewa Vela adalah kapal phinisi mewah yang menawarkan pengalaman berlayar eksklusif di Komodo Island. Dilengkapi fasilitas premium dan pelayanan profesional.,https://indonesiajuara.asia/wp-content/uploads/2022/10/ijt-ebp-horizontal.webp,https://indonesiajuara.asia/sewa-kapal-labuan-bajo/vvip/vela/,indonesiajuara.asia,"Sewa Kapal Vela IJ_VVIP 3D2N 1 Guests ac, dining area, snorkeling, kayak, labuan bajo, bar, komodo, cabin, padar, pink beach, bathroom, private charter, trekking, diving, kelor, kanawa, open trip","Sewa Vela IJ_VVIP USD 17,000 komodo, padar, pink beach, labuan bajo, kanawa, kelor ac, dining area, snorkeling, kayak, labuan bajo, bar, komodo, cabin, padar, pink beach, bathroom, private charter, trekking, diving, kelor, kanawa, open trip Sewa Vela adalah kapal phinisi mewah yang menawarkan pengalaman berlayar eksklusif di Komodo Island. Dilengkapi fasilitas premium dan pelayanan profesional.",sewa vela ijvvip komodo padar pink beach labu bajo kanawa kelor ac ning area snorkeling kayak labu bajo bar komodo cabin padar pink beach bathroom private charter trekking diving kelor kanawa open trip sewa vela mewah tawar alam layar eksklusif komodo island lengkap fasilitas premium layan profesional
Open Trip Luwuk Banggai 5D4N,Open Luwuk Banggai 5D4N,IJ_VVIP,Rp 5.000.000,5000000,5D4N,2 - 10 Guests,"komodo, pink beach, labuan bajo","bar, ac","snorkeling, diving, trekking, island hopping, open trip","ac, snorkeling, labuan bajo, bar, komodo, pink beach, island hopping, trekking, diving, open trip",Open Luwuk Banggai 5D4N adalah kapal phinisi mewah yang menawarkan pengalaman berlayar eksklusif di Komodo Island. Dilengkapi fasilitas premium dan pelayanan profesional.,https://indonesiajuara.asia/wp-content/uploads/2022/10/ijt-ebp-horizontal.webp,https://indonesiajuara.asia/open-trip-banggai/,indonesiajuara.asia,"Open Trip Luwuk Banggai 5D4N IJ_VVIP 5D4N 2 - 10 Guests ac, snorkeling, labuan bajo, bar, komodo, pink beach, island hopping, trekking, diving, open trip","Open Luwuk Banggai 5D4N IJ_VVIP Rp 5.000.000 komodo, pink beach, labuan bajo ac, snorkeling, labuan bajo, bar, komodo, pink beach, island hopping, trekking, diving, open trip Open Luwuk Banggai 5D4N adalah kapal phinisi mewah yang menawarkan pengalaman berlayar eksklusif di Komodo Island. Dilengkapi fasilitas premium dan pelayanan profesional.",open luwuk bangga d n ijvvip komodo pink beach labu bajo ac snorkeling labu bajo bar komodo pink beach island hopping trekking diving open trip open luwuk bangga d n mewah tawar alam layar eksklusif komodo island lengkap fasilitas premium layan profesional
Sewa Kapal Aliikai Voyage Phinisi,Sewa Aliikai Voyage,IJ_VVIP,USD 9.900,9900,3D2N,1 Guests,"komodo, padar, pink beach, labuan bajo, kanawa, kelor","bar, ac, bathroom, cabin, dining area, lounge","snorkeling, diving, trekking, open trip","ac, dining area, lounge, snorkeling, labuan bajo, bar, komodo, cabin, padar, pink beach, bathroom, trekking, diving, kelor, kanawa, open trip",Sewa Aliikai Voyage adalah kapal phinisi mewah yang menawarkan pengalaman berlayar eksklusif di Komodo Island. Dilengkapi fasilitas premium dan pelayanan profesional.,https://indonesiajuara.asia/wp-content/uploads/2022/10/ijt-ebp-horizontal.webp,https://indonesiajuara.asia/sewa-kapal-labuan-bajo/vvip/aliikai-phinisi/,indonesiajuara.asia,"Sewa Kapal Aliikai Voyage Phinisi IJ_VVIP 3D2N 1 Guests ac, dining area, lounge, snorkeling, labuan bajo, bar, komodo, cabin, padar, pink beach, bathroom, trekking, diving, kelor, kanawa, open trip","Sewa Aliikai Voyage IJ_VVIP USD 9.900 komodo, padar, pink beach, labuan bajo, kanawa, kelor ac, dining area, lounge, snorkeling, labuan bajo, bar, komodo, cabin, padar, pink beach, bathroom, trekking, diving, kelor, kanawa, open trip Sewa Aliikai Voyage adalah kapal phinisi mewah yang menawarkan pengalaman berlayar eksklusif di Komodo Island. Dilengkapi fasilitas premium dan pelayanan profesional.",sewa aliikai voyage ijvvip komodo padar pink beach labu bajo kanawa kelor ac ning area lounge snorkeling labu bajo bar komodo cabin padar pink beach bathroom trekking diving kelor kanawa open trip sewa aliikai voyage mewah tawar alam layar eksklusif komodo island lengkap fasilitas premium layan profesional
Sewa Kapal Si Datu Bua,Sewa Si Datu Bua,IJ_VVIP,USD 12.000,12000,3D2N,2 - 10 Guests,"komodo, padar, pink beach, labuan bajo, kanawa, kelor","bar, ac, bathroom, cabin","snorkeling, diving, trekking, open trip, kayak","ac, snorkeling, kayak, labuan bajo, bar, komodo, cabin, padar, pink beach, bathroom, trekking, diving, kelor, kanawa, open trip",Sewa Si Datu Bua adalah kapal phinisi mewah yang menawarkan pengalaman berlayar eksklusif di Komodo Island. Dilengkapi fasilitas premium dan pelayanan profesional.,https://indonesiajuara.asia/wp-content/uploads/2022/10/ijt-ebp-horizontal.webp,https://indonesiajuara.asia/sewa-kapal-labuan-bajo/vvip/si-datu-bua/,indonesiajuara.asia,"Sewa Kapal Si Datu Bua IJ_VVIP 3D2N 2 - 10 Guests ac, snorkeling, kayak, labuan bajo, bar, komodo, cabin, padar, pink beach, bathroom, trekking, diving, kelor, kanawa, open trip","Sewa Si Datu Bua IJ_VVIP USD 12.000 komodo, padar, pink beach, labuan bajo, kanawa, kelor ac, snorkeling, kayak, labuan bajo, bar, komodo, cabin, padar, pink beach, bathroom, trekking, diving, kelor, kanawa, open trip Sewa Si Datu Bua adalah kapal phinisi mewah yang menawarkan pengalaman berlayar eksklusif di Komodo Island. Dilengkapi fasilitas premium dan pelayanan profesional.",sewa si datu bua ijvvip komodo padar pink beach labu bajo kanawa kelor ac snorkeling kayak labu bajo bar komodo cabin padar pink beach bathroom trekking diving kelor kanawa open trip sewa si datu bua mewah tawar alam layar eksklusif komodo island lengkap fasilitas premium layan profesional
Lokasi Trip,Lokasi,IJ_VVIP,-,0,3D2N,2 - 10 Guests,"komodo, labuan bajo","bar, ac",open trip,"ac, labuan bajo, bar, komodo, open trip",Lokasi adalah kapal phinisi mewah yang menawarkan pengalaman berlayar eksklusif di Komodo Island. Dilengkapi fasilitas premium dan pelayanan profesional.,https://indonesiajuara.asia/wp-content/uploads/2022/10/ijt-ebp-horizontal.webp,https://indonesiajuara.asia/lokasi-trip/,indonesiajuara.asia,"Lokasi Trip IJ_VVIP 3D2N 2 - 10 Guests ac, labuan bajo, bar, komodo, open trip","Lokasi IJ_VVIP - komodo, labuan bajo ac, labuan bajo, bar, komodo, open trip Lokasi adalah kapal phinisi mewah yang menawarkan pengalaman berlayar eksklusif di Komodo Island. Dilengkapi fasilitas premium dan pelayanan profesional.",lokasi ijvvip komodo labu bajo ac labu bajo bar komodo open trip lokasi mewah tawar alam layar eksklusif komodo island lengkap fasilitas premium layan profesional
Paket Wisata Open Trip One Day Labuan Bajo,Paket Wisata Open One Day Labuan Bajo,IJ_VVIP,Rp 1.450.000,1450000,3D2N,2 - 10 Guests,"komodo, padar, pink beach, labuan bajo, kanawa","bar, ac","snorkeling, diving, trekking, open trip","ac, snorkeling, labuan bajo, bar, komodo, padar, pink beach, trekking, diving, kanawa, open trip",Paket Wisata Open One Day Labuan Bajo adalah kapal phinisi mewah yang menawarkan pengalaman berlayar eksklusif di Komodo Island. Dilengkapi fasilitas premium dan pelayanan profesional.,https://indonesiajuara.asia/wp-content/uploads/2022/10/ijt-ebp-horizontal.webp,https://indonesiajuara.asia/open-trip-one-day-trip-labuan-bajo/,indonesiajuara.asia,"Paket Wisata Open Trip One Day Labuan Bajo IJ_VVIP 3D2N 2 - 10 Guests ac, snorkeling, labuan bajo, bar, komodo, padar, pink beach, trekking, diving, kanawa, open trip","Paket Wisata Open One Day Labuan Bajo IJ_VVIP Rp 1.450.000 komodo, padar, pink beach, labuan bajo, kanawa ac, snorkeling, labuan bajo, bar, komodo, padar, pink beach, trekking, diving, kanawa, open trip Paket Wisata Open One Day Labuan Bajo adalah kapal phinisi mewah yang menawarkan pengalaman berlayar eksklusif di Komodo Island. Dilengkapi fasilitas premium dan pelayanan profesional.",paket wisata open one day labu bajo ijvvip komodo padar pink beach labu bajo kanawa ac snorkeling labu bajo bar komodo padar pink beach trekking diving kanawa open trip paket wisata open one day labu bajo mewah tawar alam layar eksklusif komodo island lengkap fasilitas premium layan profesional
Open Trip Derawan 4D3N,Open Derawan 4D3N,IJ_VVIP,Rp3.700.000,3700000,4D3N,2 Guests,"komodo, pink beach, labuan bajo","bar, ac","snorkeling, diving, trekking, open trip, kayak","ac, snorkeling, kayak, labuan bajo, bar, komodo, pink beach, trekking, diving, open trip",Open Derawan 4D3N adalah kapal phinisi mewah yang menawarkan pengalaman berlayar eksklusif di Komodo Island. Dilengkapi fasilitas premium dan pelayanan profesional.,https://indonesiajuara.asia/wp-content/uploads/2022/10/ijt-ebp-horizontal.webp,https://indonesiajuara.asia/open-trip-derawan/,indonesiajuara.asia,"Open Trip Derawan 4D3N IJ_VVIP 4D3N 2 Guests ac, snorkeling, kayak, labuan bajo, bar, komodo, pink beach, trekking, diving, open trip","Open Derawan 4D3N IJ_VVIP Rp3.700.000 komodo, pink beach, labuan bajo ac, snorkeling, kayak, labuan bajo, bar, komodo, pink beach, trekking, diving, open trip Open Derawan 4D3N adalah kapal phinisi mewah yang menawarkan pengalaman berlayar eksklusif di Komodo Island. Dilengkapi fasilitas premium dan pelayanan profesional.",open dawan d n ijvvip komodo pink beach labu bajo ac snorkeling kayak labu bajo bar komodo pink beach trekking diving open trip open dawan d n mewah tawar alam layar eksklusif komodo island lengkap fasilitas premium layan profesional
Paket Wisata Private Trip Sewa Kapal Raja Ampat,Paket Wisata Sewa Raja Ampat,IJ_VVIP,Rp 7.700.000,7700000,3D2N,2 - 10 Guests,"komodo, pink beach, labuan bajo","restaurant, bar, ac","snorkeling, diving, trekking, island hopping, open trip, kayak","ac, snorkeling, kayak, labuan bajo, bar, restaurant, komodo, pink beach, island hopping, trekking, diving, open trip",Paket Wisata Sewa Raja Ampat adalah kapal phinisi mewah yang menawarkan pengalaman berlayar eksklusif di Komodo Island. Dilengkapi fasilitas premium dan pelayanan profesional.,https://indonesiajuara.asia/wp-content/uploads/2022/10/ijt-ebp-horizontal.webp,https://indonesiajuara.asia/private-trip-raja-ampat/,indonesiajuara.asia,"Paket Wisata Private Trip Sewa Kapal Raja Ampat IJ_VVIP 3D2N 2 - 10 Guests ac, snorkeling, kayak, labuan bajo, bar, restaurant, komodo, pink beach, island hopping, trekking, diving, open trip","Paket Wisata Sewa Raja Ampat IJ_VVIP Rp 7.700.000 komodo, pink beach, labuan bajo ac, snorkeling, kayak, labuan bajo, bar, restaurant, komodo, pink beach, island hopping, trekking, diving, open trip Paket Wisata Sewa Raja Ampat adalah kapal phinisi mewah yang menawarkan pengalaman berlayar eksklusif di Komodo Island. Dilengkapi fasilitas premium dan pelayanan profesional.",paket wisata sewa raja ampat ijvvip komodo pink beach labu bajo ac snorkeling kayak labu bajo bar restaurant komodo pink beach island hopping trekking diving open trip paket wisata sewa raja ampat mewah tawar alam layar eksklusif komodo island lengkap fasilitas premium layan profesional
Sewa Kapal Nusa Kembara Cruise,Sewa Nusa Kembara Cruise,IJ_VVIP,USD 10.833,10833,3D2N,1 Guests,"komodo, padar, pink beach, labuan bajo, kanawa, kelor","wifi, sun deck, bar, ac, bathroom, cabin, dining area","snorkeling, diving, trekking, open trip","ac, dining area, snorkeling, labuan bajo, bar, sun deck, komodo, cabin, padar, pink beach, bathroom, trekking, wifi, diving, kelor, kanawa, open trip",Sewa Nusa Kembara Cruise adalah kapal phinisi mewah yang menawarkan pengalaman berlayar eksklusif di Komodo Island. Dilengkapi fasilitas premium dan pelayanan profesional.,https://indonesiajuara.asia/wp-content/uploads/2022/10/ijt-ebp-horizontal.webp,https://indonesiajuara.asia/sewa-kapal-labuan-bajo/vvip/nusa-kembara-cruise/,indonesiajuara.asia,"Sewa Kapal Nusa Kembara Cruise IJ_VVIP 3D2N 1 Guests ac, dining area, snorkeling, labuan bajo, bar, sun deck, komodo, cabin, padar, pink beach, bathroom, trekking, wifi, diving, kelor, kanawa, open trip","Sewa Nusa Kembara Cruise IJ_VVIP USD 10.833 komodo, padar, pink beach, labuan bajo, kanawa, kelor ac, dining area, snorkeling, labuan bajo, bar, sun deck, komodo, cabin, padar, pink beach, bathroom, trekking, wifi, diving, kelor, kanawa, open trip Sewa Nusa Kembara Cruise adalah kapal phinisi mewah yang menawarkan pengalaman berlayar eksklusif di Komodo Island. Dilengkapi fasilitas premium dan pelayanan profesional.",sewa nusa kembara cruise ijvvip komodo padar pink beach labu bajo kanawa kelor ac ning area snorkeling labu bajo bar sun deck komodo cabin padar pink beach bathroom trekking wifi diving kelor kanawa open trip sewa nusa kembara cruise mewah tawar alam layar eksklusif komodo island lengkap fasilitas premium layan profesional
Sewa Kapal Mutiara Cruises Phinisi,Sewa Mutiara Cruises,IJ_VVIP,Rp 120.000.000,120000000,3D2N,2 Guests,"komodo, padar, pink beach, labuan bajo, kanawa, kelor","jacuzzi, bar, ac, bathroom, cabin, dining area, lounge","snorkeling, diving, trekking, open trip","ac, dining area, lounge, snorkeling, labuan bajo, bar, komodo, cabin, padar, pink beach, trekking, bathroom, jacuzzi, diving, kelor, kanawa, open trip",Sewa Mutiara Cruises adalah kapal phinisi mewah yang menawarkan pengalaman berlayar eksklusif di Komodo Island. Dilengkapi fasilitas premium dan pelayanan profesional.,https://indonesiajuara.asia/wp-content/uploads/2022/10/ijt-ebp-horizontal.webp,https://indonesiajuara.asia/sewa-kapal-labuan-bajo/vvip/mutiara-phinisi/,indonesiajuara.asia,"Sewa Kapal Mutiara Cruises Phinisi IJ_VVIP 3D2N 2 Guests ac, dining area, lounge, snorkeling, labuan bajo, bar, komodo, cabin, padar, pink beach, trekking, bathroom, jacuzzi, diving, kelor, kanawa, open trip","Sewa Mutiara Cruises IJ_VVIP Rp 120.000.000 komodo, padar, pink beach, labuan bajo, kanawa, kelor ac, dining area, lounge, snorkeling, labuan bajo, bar, komodo, cabin, padar, pink beach, trekking, bathroom, jacuzzi, diving, kelor, kanawa, open trip Sewa Mutiara Cruises adalah kapal phinisi mewah yang menawarkan pengalaman berlayar eksklusif di Komodo Island. Dilengkapi fasilitas premium dan pelayanan profesional.",sewa mutiara cruises ijvvip komodo padar pink beach labu bajo kanawa kelor ac ning area lounge snorkeling labu bajo bar komodo cabin padar pink beach trekking bathroom jacuzzi diving kelor kanawa open trip sewa mutiara cruises mewah tawar alam layar eksklusif komodo island lengkap fasilitas premium layan profesional
Sewa Kapal Phinisi Ikan Kayu,Sewa Ikan Kayu,IJ_VVIP,USD 3.900,3900,3D2N,1 Guests,"komodo, padar, pink beach, labuan bajo, kanawa, kelor","sun deck, bar, ac, bathroom, cabin, lounge, kitchen","snorkeling, diving, trekking, open trip","ac, lounge, snorkeling, labuan bajo, bar, sun deck, komodo, cabin, kitchen, padar, pink beach, bathroom, trekking, diving, kelor, kanawa, open trip",Sewa Ikan Kayu adalah kapal phinisi mewah yang menawarkan pengalaman berlayar eksklusif di Komodo Island. Dilengkapi fasilitas premium dan pelayanan profesional.,https://indonesiajuara.asia/wp-content/uploads/2022/10/ijt-ebp-horizontal.webp,https://indonesiajuara.asia/sewa-kapal-labuan-bajo/vvip/ikan-kayu-phinisi/,indonesiajuara.asia,"Sewa Kapal Phinisi Ikan Kayu IJ_VVIP 3D2N 1 Guests ac, lounge, snorkeling, labuan bajo, bar, sun deck, komodo, cabin, kitchen, padar, pink beach, bathroom, trekking, diving, kelor, kanawa, open trip","Sewa Ikan Kayu IJ_VVIP USD 3.900 komodo, padar, pink beach, labuan bajo, kanawa, kelor ac, lounge, snorkeling, labuan bajo, bar, sun deck, komodo, cabin, kitchen, padar, pink beach, bathroom, trekking, diving, kelor, kanawa, open trip Sewa Ikan Kayu adalah kapal phinisi mewah yang menawarkan pengalaman berlayar eksklusif di Komodo Island. Dilengkapi fasilitas premium dan pelayanan profesional.",sewa ikan kayu ijvvip komodo padar pink beach labu bajo kanawa kelor ac lounge snorkeling labu bajo bar sun deck komodo cabin kitchen padar pink beach bathroom trekking diving kelor kanawa open trip sewa ikan kayu mewah tawar alam layar eksklusif komodo island lengkap fasilitas premium layan profesional
Yumana Phinisi,Yumana,IJ_VVIP,IDR 109.000.000,109000000,3D2N,25 Guests,"komodo, padar, pink beach, labuan bajo, kanawa, kelor","jacuzzi, bar, ac, bathroom, cabin, dining area","snorkeling, diving, trekking, open trip","ac, dining area, snorkeling, labuan bajo, bar, komodo, cabin, padar, pink beach, trekking, bathroom, jacuzzi, diving, kelor, kanawa, open trip",Yumana adalah kapal phinisi mewah yang menawarkan pengalaman berlayar eksklusif di Komodo Island. Dilengkapi fasilitas premium dan pelayanan profesional.,https://indonesiajuara.asia/wp-content/uploads/2022/10/ijt-ebp-horizontal.webp,https://indonesiajuara.asia/sewa-kapal-labuan-bajo/vip/yumana-phinisi/,indonesiajuara.asia,"Yumana Phinisi IJ_VVIP 3D2N 25 Guests ac, dining area, snorkeling, labuan bajo, bar, komodo, cabin, padar, pink beach, trekking, bathroom, jacuzzi, diving, kelor, kanawa, open trip","Yumana IJ_VVIP IDR 109.000.000 komodo, padar, pink beach, labuan bajo, kanawa, kelor ac, dining area, snorkeling, labuan bajo, bar, komodo, cabin, padar, pink beach, trekking, bathroom, jacuzzi, diving, kelor, kanawa, open trip Yumana adalah kapal phinisi mewah yang menawarkan pengalaman berlayar eksklusif di Komodo Island. Dilengkapi fasilitas premium dan pelayanan profesional.",yumana ijvvip komodo padar pink beach labu bajo kanawa kelor ac ning area snorkeling labu bajo bar komodo cabin padar pink beach trekking bathroom jacuzzi diving kelor kanawa open trip yumana mewah tawar alam layar eksklusif komodo island lengkap fasilitas premium layan profesional
Sewa Kapal Rebel,Sewa Rebel,IJ_VVIP,USD 13.500,13500,3D2N,1 Guests,"komodo, padar, pink beach, labuan bajo, kanawa, kelor","bar, ac, bathroom, cabin, lounge","snorkeling, diving, trekking, open trip","ac, lounge, snorkeling, labuan bajo, bar, komodo, cabin, padar, pink beach, bathroom, trekking, diving, kelor, kanawa, open trip",Sewa Rebel adalah kapal phinisi mewah yang menawarkan pengalaman berlayar eksklusif di Komodo Island. Dilengkapi fasilitas premium dan pelayanan profesional.,https://indonesiajuara.asia/wp-content/uploads/2022/10/ijt-ebp-horizontal.webp,https://indonesiajuara.asia/sewa-kapal-labuan-bajo/vvip/rebel/,indonesiajuara.asia,"Sewa Kapal Rebel IJ_VVIP 3D2N 1 Guests ac, lounge, snorkeling, labuan bajo, bar, komodo, cabin, padar, pink beach, bathroom, trekking, diving, kelor, kanawa, open trip","Sewa Rebel IJ_VVIP USD 13.500 komodo, padar, pink beach, labuan bajo, kanawa, kelor ac, lounge, snorkeling, labuan bajo, bar, komodo, cabin, padar, pink beach, bathroom, trekking, diving, kelor, kanawa, open trip Sewa Rebel adalah kapal phinisi mewah yang menawarkan pengalaman berlayar eksklusif di Komodo Island. Dilengkapi fasilitas premium dan pelayanan profesional.",sewa rebel ijvvip komodo padar pink beach labu bajo kanawa kelor ac lounge snorkeling labu bajo bar komodo cabin padar pink beach bathroom trekking diving kelor kanawa open trip sewa rebel mewah tawar alam layar eksklusif komodo island lengkap fasilitas premium layan profesional
Sewa Kapal Kudanil Explorer,Sewa Kudanil Explorer,IJ_VVIP,USD 26.000,26000,3D2N,1 Guests,"komodo, padar, pink beach, labuan bajo, kanawa, kelor","wifi, jacuzzi, bar, ac, bathroom, cabin, lounge","snorkeling, diving, trekking, open trip, kayak","ac, lounge, snorkeling, kayak, labuan bajo, bar, komodo, cabin, padar, pink beach, trekking, bathroom, jacuzzi, wifi, diving, kelor, kanawa, open trip",Sewa Kudanil Explorer adalah kapal phinisi mewah yang menawarkan pengalaman berlayar eksklusif di Komodo Island. Dilengkapi fasilitas premium dan pelayanan profesional.,https://indonesiajuara.asia/wp-content/uploads/2022/10/ijt-ebp-horizontal.webp,https://indonesiajuara.asia/sewa-kapal-labuan-bajo/vvip/kudanil-explorer/,indonesiajuara.asia,"Sewa Kapal Kudanil Explorer IJ_VVIP 3D2N 1 Guests ac, lounge, snorkeling, kayak, labuan bajo, bar, komodo, cabin, padar, pink beach, trekking, bathroom, jacuzzi, wifi, diving, kelor, kanawa, open trip","Sewa Kudanil Explorer IJ_VVIP USD 26.000 komodo, padar, pink beach, labuan bajo, kanawa, kelor ac, lounge, snorkeling, kayak, labuan bajo, bar, komodo, cabin, padar, pink beach, trekking, bathroom, jacuzzi, wifi, diving, kelor, kanawa, open trip Sewa Kudanil Explorer adalah kapal phinisi mewah yang menawarkan pengalaman berlayar eksklusif di Komodo Island. Dilengkapi fasilitas premium dan pelayanan profesional.",sewa kudanil explorer ijvvip komodo padar pink beach labu bajo kanawa kelor ac lounge snorkeling kayak labu bajo bar komodo cabin padar pink beach trekking bathroom jacuzzi wifi diving kelor kanawa open trip sewa kudanil explorer mewah tawar alam layar eksklusif komodo island lengkap fasilitas premium layan profesional
Sewa Kapal Emperor Raja Laut,Sewa Emperor Raja Laut,IJ_VVIP,Rp.,0,3D2N,1 Guests,"komodo, padar, pink beach, labuan bajo, kanawa, kelor","sun deck, bar, ac, bathroom, cabin, dining area","snorkeling, diving, trekking, open trip","ac, dining area, snorkeling, labuan bajo, bar, sun deck, komodo, cabin, padar, pink beach, bathroom, trekking, diving, kelor, kanawa, open trip",Sewa Emperor Raja Laut adalah kapal phinisi mewah yang menawarkan pengalaman berlayar eksklusif di Komodo Island. Dilengkapi fasilitas premium dan pelayanan profesional.,https://indonesiajuara.asia/wp-content/uploads/2022/10/ijt-ebp-horizontal.webp,https://indonesiajuara.asia/sewa-kapal-labuan-bajo/vvip/emperor-raja-laut/,indonesiajuara.asia,"Sewa Kapal Emperor Raja Laut IJ_VVIP 3D2N 1 Guests ac, dining area, snorkeling, labuan bajo, bar, sun deck, komodo, cabin, padar, pink beach, bathroom, trekking, diving, kelor, kanawa, open trip","Sewa Emperor Raja Laut IJ_VVIP Rp. komodo, padar, pink beach, labuan bajo, kanawa, kelor ac, dining area, snorkeling, labuan bajo, bar, sun deck, komodo, cabin, padar, pink beach, bathroom, trekking, diving, kelor, kanawa, open trip Sewa Emperor Raja Laut adalah kapal phinisi mewah yang menawarkan pengalaman berlayar eksklusif di Komodo Island. Dilengkapi fasilitas premium dan pelayanan profesional.",sewa emperor raja laut ijvvip komodo padar pink beach labu bajo kanawa kelor ac ning area snorkeling labu bajo bar sun deck komodo cabin padar pink beach bathroom trekking diving kelor kanawa open trip sewa emperor raja laut mewah tawar alam layar eksklusif komodo island lengkap fasilitas premium layan profesional
Paket Wisata Open Trip Nusa Penida 2D1N,Paket Wisata Open Nusa Penida 2D1N,IJ_VVIP,IDR 75.000,75000,2D1N,2 - 10 Guests,"komodo, pink beach, labuan bajo","bar, ac","snorkeling, diving, trekking, open trip","ac, snorkeling, labuan bajo, bar, komodo, pink beach, trekking, diving, open trip",Paket Wisata Open Nusa Penida 2D1N adalah kapal phinisi mewah yang menawarkan pengalaman berlayar eksklusif di Komodo Island. Dilengkapi fasilitas premium dan pelayanan profesional.,https://indonesiajuara.asia/wp-content/uploads/2022/10/ijt-ebp-horizontal.webp,https://indonesiajuara.asia/open-trip-nusa-penida-2d1n/,indonesiajuara.asia,"Paket Wisata Open Trip Nusa Penida 2D1N IJ_VVIP 2D1N 2 - 10 Guests ac, snorkeling, labuan bajo, bar, komodo, pink beach, trekking, diving, open trip","Paket Wisata Open Nusa Penida 2D1N IJ_VVIP IDR 75.000 komodo, pink beach, labuan bajo ac, snorkeling, labuan bajo, bar, komodo, pink beach, trekking, diving, open trip Paket Wisata Open Nusa Penida 2D1N adalah kapal phinisi mewah yang menawarkan pengalaman berlayar eksklusif di Komodo Island. Dilengkapi fasilitas premium dan pelayanan profesional.",paket wisata open nusa penida d n ijvvip komodo pink beach labu bajo ac snorkeling labu bajo bar komodo pink beach trekking diving open trip paket wisata open nusa penida d n mewah tawar alam layar eksklusif komodo island lengkap fasilitas premium layan profesional
Sewa Kapal Malaillo Phinisi,Sewa Malaillo,IJ_VVIP,Rp 259.000.000,259000000,3D2N,1 Guests,"komodo, padar, pink beach, labuan bajo, kanawa, kelor","sun deck, bar, ac, cabin, dining area","snorkeling, diving, trekking, open trip","ac, dining area, snorkeling, labuan bajo, bar, sun deck, komodo, cabin, padar, pink beach, trekking, diving, kelor, kanawa, open trip",Sewa Malaillo adalah kapal phinisi mewah yang menawarkan pengalaman berlayar eksklusif di Komodo Island. Dilengkapi fasilitas premium dan pelayanan profesional.,https://indonesiajuara.asia/wp-content/uploads/2022/10/ijt-ebp-horizontal.webp,https://indonesiajuara.asia/sewa-kapal-labuan-bajo/vvip/malailo-phinisi/,indonesiajuara.asia,"Sewa Kapal Malaillo Phinisi IJ_VVIP 3D2N 1 Guests ac, dining area, snorkeling, labuan bajo, bar, sun deck, komodo, cabin, padar, pink beach, trekking, diving, kelor, kanawa, open trip","Sewa Malaillo IJ_VVIP Rp 259.000.000 komodo, padar, pink beach, labuan bajo, kanawa, kelor ac, dining area, snorkeling, labuan bajo, bar, sun deck, komodo, cabin, padar, pink beach, trekking, diving, kelor, kanawa, open trip Sewa Malaillo adalah kapal phinisi mewah yang menawarkan pengalaman berlayar eksklusif di Komodo Island. Dilengkapi fasilitas premium dan pelayanan profesional.",sewa malaillo ijvvip komodo padar pink beach labu bajo kanawa kelor ac ning area snorkeling labu bajo bar sun deck komodo cabin padar pink beach trekking diving kelor kanawa open trip sewa malaillo mewah tawar alam layar eksklusif komodo island lengkap fasilitas premium layan profesional
Private Trip Nuca Molas,Nuca Molas,IJ_VVIP,IDR 1.950.000,1950000,3D2N,2 - 10 Guests,"komodo, pink beach, labuan bajo","bar, ac","snorkeling, trekking, open trip, kayak","ac, snorkeling, kayak, labuan bajo, bar, komodo, pink beach, trekking, open trip",Nuca Molas adalah kapal phinisi mewah yang menawarkan pengalaman berlayar eksklusif di Komodo Island. Dilengkapi fasilitas premium dan pelayanan profesional.,https://indonesiajuara.asia/wp-content/uploads/2022/10/ijt-ebp-horizontal.webp,https://indonesiajuara.asia/private-trip-nuca-molas/,indonesiajuara.asia,"Private Trip Nuca Molas IJ_VVIP 3D2N 2 - 10 Guests ac, snorkeling, kayak, labuan bajo, bar, komodo, pink beach, trekking, open trip","Nuca Molas IJ_VVIP IDR 1.950.000 komodo, pink beach, labuan bajo ac, snorkeling, kayak, labuan bajo, bar, komodo, pink beach, trekking, open trip Nuca Molas adalah kapal phinisi mewah yang menawarkan pengalaman berlayar eksklusif di Komodo Island. Dilengkapi fasilitas premium dan pelayanan profesional.",nuca molas ijvvip komodo pink beach labu bajo ac snorkeling kayak labu bajo bar komodo pink beach trekking open trip nuca molas mewah tawar alam layar eksklusif komodo island lengkap fasilitas premium layan profesional
Sewa Kapal Otium Phinisi,Sewa Otium,IJ_VVIP,USD 14.000,14000,3D2N,1 Guests,"komodo, padar, pink beach, labuan bajo, kanawa, kelor","wifi, bar, ac, bathroom, cabin, dining area, lounge, shower","snorkeling, diving, trekking, private charter, open trip, kayak","snorkeling, labuan bajo, cabin, pink beach, kelor, kanawa, shower, ac, lounge, komodo, padar, private charter, wifi, diving, kayak, bar, trekking, dining area, bathroom, open trip",Sewa Otium adalah kapal phinisi mewah yang menawarkan pengalaman berlayar eksklusif di Komodo Island. Dilengkapi fasilitas premium dan pelayanan profesional.,https://indonesiajuara.asia/wp-content/uploads/2022/10/ijt-ebp-horizontal.webp,https://indonesiajuara.asia/sewa-kapal-labuan-bajo/vvip/otium/,indonesiajuara.asia,"Sewa Kapal Otium Phinisi IJ_VVIP 3D2N 1 Guests snorkeling, labuan bajo, cabin, pink beach, kelor, kanawa, shower, ac, lounge, komodo, padar, private charter, wifi, diving, kayak, bar, trekking, dining area, bathroom, open trip","Sewa Otium IJ_VVIP USD 14.000 komodo, padar, pink beach, labuan bajo, kanawa, kelor snorkeling, labuan bajo, cabin, pink beach, kelor, kanawa, shower, ac, lounge, komodo, padar, private charter, wifi, diving, kayak, bar, trekking, dining area, bathroom, open trip Sewa Otium adalah kapal phinisi mewah yang menawarkan pengalaman berlayar eksklusif di Komodo Island. Dilengkapi fasilitas premium dan pelayanan profesional.",sewa otium ijvvip komodo padar pink beach labu bajo kanawa kelor snorkeling labu bajo cabin pink beach kelor kanawa shower ac lounge komodo padar private charter wifi diving kayak bar trekking ning area bathroom open trip sewa otium mewah tawar alam layar eksklusif komodo island lengkap fasilitas premium layan profesional
Sewa Kapal El Aleph,Sewa El Aleph,IJ_VVIP,Rp.,0,3D2N,1 Guests,"komodo, padar, pink beach, labuan bajo, kanawa, kelor","wifi, bar, ac, bathroom, cabin, dining area, lounge","snorkeling, diving, trekking, open trip, kayak","ac, dining area, lounge, snorkeling, kayak, labuan bajo, bar, komodo, cabin, padar, pink beach, bathroom, trekking, wifi, diving, kelor, kanawa, open trip",Sewa El Aleph adalah kapal phinisi mewah yang menawarkan pengalaman berlayar eksklusif di Komodo Island. Dilengkapi fasilitas premium dan pelayanan profesional.,https://indonesiajuara.asia/wp-content/uploads/2022/10/ijt-ebp-horizontal.webp,https://indonesiajuara.asia/sewa-kapal-labuan-bajo/vvip/el-aleph/,indonesiajuara.asia,"Sewa Kapal El Aleph IJ_VVIP 3D2N 1 Guests ac, dining area, lounge, snorkeling, kayak, labuan bajo, bar, komodo, cabin, padar, pink beach, bathroom, trekking, wifi, diving, kelor, kanawa, open trip","Sewa El Aleph IJ_VVIP Rp. komodo, padar, pink beach, labuan bajo, kanawa, kelor ac, dining area, lounge, snorkeling, kayak, labuan bajo, bar, komodo, cabin, padar, pink beach, bathroom, trekking, wifi, diving, kelor, kanawa, open trip Sewa El Aleph adalah kapal phinisi mewah yang menawarkan pengalaman berlayar eksklusif di Komodo Island. Dilengkapi fasilitas premium dan pelayanan profesional.",sewa el aleph ijvvip komodo padar pink beach labu bajo kanawa kelor ac ning area lounge snorkeling kayak labu bajo bar komodo cabin padar pink beach bathroom trekking wifi diving kelor kanawa open trip sewa el aleph mewah tawar alam layar eksklusif komodo island lengkap fasilitas premium layan profesional
Paket Tour Sumba,Paket Sumba,IJ_VVIP,Rp 4.490.000,4490000,3D2N,2 - 10 Guests,"komodo, pink beach, labuan bajo","bar, ac","snorkeling, trekking, open trip","ac, snorkeling, labuan bajo, bar, komodo, pink beach, trekking, open trip",Paket Sumba adalah kapal phinisi mewah yang menawarkan pengalaman berlayar eksklusif di Komodo Island. Dilengkapi fasilitas premium dan pelayanan profesional.,https://indonesiajuara.asia/wp-content/uploads/2022/10/ijt-ebp-horizontal.webp,https://indonesiajuara.asia/tour-sumba/,indonesiajuara.asia,"Paket Tour Sumba IJ_VVIP 3D2N 2 - 10 Guests ac, snorkeling, labuan bajo, bar, komodo, pink beach, trekking, open trip","Paket Sumba IJ_VVIP Rp 4.490.000 komodo, pink beach, labuan bajo ac, snorkeling, labuan bajo, bar, komodo, pink beach, trekking, open trip Paket Sumba adalah kapal phinisi mewah yang menawarkan pengalaman berlayar eksklusif di Komodo Island. Dilengkapi fasilitas premium dan pelayanan profesional.",paket sumba ijvvip komodo pink beach labu bajo ac snorkeling labu bajo bar komodo pink beach trekking open trip paket sumba mewah tawar alam layar eksklusif komodo island lengkap fasilitas premium layan profesional
Sewa Kapal Mutiara Laut,Sewa Mutiara Laut,IJ_VVIP,Rp.,0,3D2N,1 Guests,"komodo, padar, pink beach, labuan bajo, kanawa, kelor","bar, ac, bathroom, cabin, dining area, lounge","snorkeling, diving, trekking, open trip","ac, dining area, lounge, snorkeling, labuan bajo, bar, komodo, cabin, padar, pink beach, bathroom, trekking, diving, kelor, kanawa, open trip",Sewa Mutiara Laut adalah kapal phinisi mewah yang menawarkan pengalaman berlayar eksklusif di Komodo Island. Dilengkapi fasilitas premium dan pelayanan profesional.,https://indonesiajuara.asia/wp-content/uploads/2022/10/ijt-ebp-horizontal.webp,https://indonesiajuara.asia/sewa-kapal-labuan-bajo/vvip/mutiara-laut/,indonesiajuara.asia,"Sewa Kapal Mutiara Laut IJ_VVIP 3D2N 1 Guests ac, dining area, lounge, snorkeling, labuan bajo, bar, komodo, cabin, padar, pink beach, bathroom, trekking, diving, kelor, kanawa, open trip","Sewa Mutiara Laut IJ_VVIP Rp. komodo, padar, pink beach, labuan bajo, kanawa, kelor ac, dining area, lounge, snorkeling, labuan bajo, bar, komodo, cabin, padar, pink beach, bathroom, trekking, diving, kelor, kanawa, open trip Sewa Mutiara Laut adalah kapal phinisi mewah yang menawarkan pengalaman berlayar eksklusif di Komodo Island. Dilengkapi fasilitas premium dan pelayanan profesional.",sewa mutiara laut ijvvip komodo padar pink beach labu bajo kanawa kelor ac ning area lounge snorkeling labu bajo bar komodo cabin padar pink beach bathroom trekking diving kelor kanawa open trip sewa mutiara laut mewah tawar alam layar eksklusif komodo island lengkap fasilitas premium layan profesional
Sewa Kapal Leticia,Sewa Leticia,IJ_VVIP,Rp 70.000.000,70000000,3D2N,2 - 10 Guests,"komodo, padar, pink beach, labuan bajo, kanawa, kelor","bar, ac, bathroom, cabin, dining area","snorkeling, diving, trekking, open trip","ac, dining area, snorkeling, labuan bajo, bar, komodo, cabin, padar, pink beach, bathroom, trekking, diving, kelor, kanawa, open trip",Sewa Leticia adalah kapal phinisi mewah yang menawarkan pengalaman berlayar eksklusif di Komodo Island. Dilengkapi fasilitas premium dan pelayanan profesional.,https://indonesiajuara.asia/wp-content/uploads/2022/10/ijt-ebp-horizontal.webp,https://indonesiajuara.asia/sewa-kapal-labuan-bajo/vip/leticia/,indonesiajuara.asia,"Sewa Kapal Leticia IJ_VVIP 3D2N 2 - 10 Guests ac, dining area, snorkeling, labuan bajo, bar, komodo, cabin, padar, pink beach, bathroom, trekking, diving, kelor, kanawa, open trip","Sewa Leticia IJ_VVIP Rp 70.000.000 komodo, padar, pink beach, labuan bajo, kanawa, kelor ac, dining area, snorkeling, labuan bajo, bar, komodo, cabin, padar, pink beach, bathroom, trekking, diving, kelor, kanawa, open trip Sewa Leticia adalah kapal phinisi mewah yang menawarkan pengalaman berlayar eksklusif di Komodo Island. Dilengkapi fasilitas premium dan pelayanan profesional.",sewa leticia ijvvip komodo padar pink beach labu bajo kanawa kelor ac ning area snorkeling labu bajo bar komodo cabin padar pink beach bathroom trekking diving kelor kanawa open trip sewa leticia mewah tawar alam layar eksklusif komodo island lengkap fasilitas premium layan profesional
Sewa Kapal Scubaspa Zen,Sewa Scubaspa Zen,IJ_VVIP,Rp.,0,3D2N,1 Guests,"komodo, padar, pink beach, labuan bajo, kanawa, kelor","restaurant, bar, ac, bathroom, cabin, dining area, lounge","snorkeling, diving, trekking, private charter, open trip","ac, dining area, lounge, snorkeling, labuan bajo, bar, restaurant, komodo, cabin, padar, pink beach, bathroom, private charter, trekking, diving, kelor, kanawa, open trip",Sewa Scubaspa Zen adalah kapal phinisi mewah yang menawarkan pengalaman berlayar eksklusif di Komodo Island. Dilengkapi fasilitas premium dan pelayanan profesional.,https://indonesiajuara.asia/wp-content/uploads/2022/10/ijt-ebp-horizontal.webp,https://indonesiajuara.asia/sewa-kapal-labuan-bajo/vvip/scubaspa-zen/,indonesiajuara.asia,"Sewa Kapal Scubaspa Zen IJ_VVIP 3D2N 1 Guests ac, dining area, lounge, snorkeling, labuan bajo, bar, restaurant, komodo, cabin, padar, pink beach, bathroom, private charter, trekking, diving, kelor, kanawa, open trip","Sewa Scubaspa Zen IJ_VVIP Rp. komodo, padar, pink beach, labuan bajo, kanawa, kelor ac, dining area, lounge, snorkeling, labuan bajo, bar, restaurant, komodo, cabin, padar, pink beach, bathroom, private charter, trekking, diving, kelor, kanawa, open trip Sewa Scubaspa Zen adalah kapal phinisi mewah yang menawarkan pengalaman berlayar eksklusif di Komodo Island. Dilengkapi fasilitas premium dan pelayanan profesional.",sewa scubaspa zen ijvvip komodo padar pink beach labu bajo kanawa kelor ac ning area lounge snorkeling labu bajo bar restaurant komodo cabin padar pink beach bathroom private charter trekking diving kelor kanawa open trip sewa scubaspa zen mewah tawar alam layar eksklusif komodo island lengkap fasilitas premium layan profesional
Private Trip Luwuk Banggai 3D2N – 5D4N,Luwuk Banggai 3D2N – 5D4N,IJ_VVIP,Rp 6.000.000,6000000,3D2N,2 - 10 Guests,"komodo, pink beach, labuan bajo","bar, ac","snorkeling, trekking, open trip","ac, snorkeling, labuan bajo, bar, komodo, pink beach, trekking, open trip",Luwuk Banggai 3D2N – 5D4N adalah kapal phinisi mewah yang menawarkan pengalaman berlayar eksklusif di Komodo Island. Dilengkapi fasilitas premium dan pelayanan profesional.,https://indonesiajuara.asia/wp-content/uploads/2022/10/ijt-ebp-horizontal.webp,https://indonesiajuara.asia/private-trip-banggai/,indonesiajuara.asia,"Private Trip Luwuk Banggai 3D2N – 5D4N IJ_VVIP 3D2N 2 - 10 Guests ac, snorkeling, labuan bajo, bar, komodo, pink beach, trekking, open trip","Luwuk Banggai 3D2N – 5D4N IJ_VVIP Rp 6.000.000 komodo, pink beach, labuan bajo ac, snorkeling, labuan bajo, bar, komodo, pink beach, trekking, open trip Luwuk Banggai 3D2N – 5D4N adalah kapal phinisi mewah yang menawarkan pengalaman berlayar eksklusif di Komodo Island. Dilengkapi fasilitas premium dan pelayanan profesional.",luwuk bangga d n d n ijvvip komodo pink beach labu bajo ac snorkeling labu bajo bar komodo pink beach trekking open trip luwuk bangga d n d n mewah tawar alam layar eksklusif komodo island lengkap fasilitas premium layan profesional
Paket Tour Helikopter Labuan Bajo,Paket Helikopter Labuan Bajo,IJ_VVIP,Rp 15.958.000,15958000,3D2N,2 - 10 Guests,"komodo, padar, pink beach, labuan bajo, kanawa, kelor","bar, ac","snorkeling, trekking, open trip","ac, snorkeling, labuan bajo, bar, komodo, padar, pink beach, trekking, open trip, kelor, kanawa",Paket Helikopter Labuan Bajo adalah kapal phinisi mewah yang menawarkan pengalaman berlayar eksklusif di Komodo Island. Dilengkapi fasilitas premium dan pelayanan profesional.,https://indonesiajuara.asia/wp-content/uploads/2022/10/ijt-ebp-horizontal.webp,https://indonesiajuara.asia/tour-helikopter-labuan-bajo/,indonesiajuara.asia,"Paket Tour Helikopter Labuan Bajo IJ_VVIP 3D2N 2 - 10 Guests ac, snorkeling, labuan bajo, bar, komodo, padar, pink beach, trekking, open trip, kelor, kanawa","Paket Helikopter Labuan Bajo IJ_VVIP Rp 15.958.000 komodo, padar, pink beach, labuan bajo, kanawa, kelor ac, snorkeling, labuan bajo, bar, komodo, padar, pink beach, trekking, open trip, kelor, kanawa Paket Helikopter Labuan Bajo adalah kapal phinisi mewah yang menawarkan pengalaman berlayar eksklusif di Komodo Island. Dilengkapi fasilitas premium dan pelayanan profesional.",paket helikopter labu bajo ijvvip komodo padar pink beach labu bajo kanawa kelor ac snorkeling labu bajo bar komodo padar pink beach trekking open trip kelor kanawa paket helikopter labu bajo mewah tawar alam layar eksklusif komodo island lengkap fasilitas premium layan profesional
Sewa Kapal Phinisi Fenides Liveaboard,Sewa Fenides,IJ_VVIP,Rp.,0,3D2N,1 Guests,"komodo, padar, pink beach, labuan bajo, kanawa, kelor","bar, ac, bathroom, cabin, dining area, lounge","snorkeling, diving, trekking, open trip","ac, dining area, lounge, snorkeling, labuan bajo, bar, komodo, cabin, padar, pink beach, bathroom, trekking, diving, kelor, kanawa, open trip",Sewa Fenides adalah kapal phinisi mewah yang menawarkan pengalaman berlayar eksklusif di Komodo Island. Dilengkapi fasilitas premium dan pelayanan profesional.,https://indonesiajuara.asia/wp-content/uploads/2022/10/ijt-ebp-horizontal.webp,https://indonesiajuara.asia/sewa-kapal-labuan-bajo/vvip/fenides-phinisi/,indonesiajuara.asia,"Sewa Kapal Phinisi Fenides Liveaboard IJ_VVIP 3D2N 1 Guests ac, dining area, lounge, snorkeling, labuan bajo, bar, komodo, cabin, padar, pink beach, bathroom, trekking, diving, kelor, kanawa, open trip","Sewa Fenides IJ_VVIP Rp. komodo, padar, pink beach, labuan bajo, kanawa, kelor ac, dining area, lounge, snorkeling, labuan bajo, bar, komodo, cabin, padar, pink beach, bathroom, trekking, diving, kelor, kanawa, open trip Sewa Fenides adalah kapal phinisi mewah yang menawarkan pengalaman berlayar eksklusif di Komodo Island. Dilengkapi fasilitas premium dan pelayanan profesional.",sewa fenides ijvvip komodo padar pink beach labu bajo kanawa kelor ac ning area lounge snorkeling labu bajo bar komodo cabin padar pink beach bathroom trekking diving kelor kanawa open trip sewa fenides mewah tawar alam layar eksklusif komodo island lengkap fasilitas premium layan profesional
Sewa Kapal Rascal,Sewa Rascal,IJ_VVIP,USD 12.000,12000,3D2N,1 Guests,"komodo, padar, pink beach, labuan bajo, kanawa, kelor","bar, ac, bathroom, cabin, lounge","snorkeling, diving, trekking, open trip","ac, lounge, snorkeling, labuan bajo, bar, komodo, cabin, padar, pink beach, bathroom, trekking, diving, kelor, kanawa, open trip",Sewa Rascal adalah kapal phinisi mewah yang menawarkan pengalaman berlayar eksklusif di Komodo Island. Dilengkapi fasilitas premium dan pelayanan profesional.,https://indonesiajuara.asia/wp-content/uploads/2022/10/ijt-ebp-horizontal.webp,https://indonesiajuara.asia/sewa-kapal-labuan-bajo/vvip/rascal/,indonesiajuara.asia,"Sewa Kapal Rascal IJ_VVIP 3D2N 1 Guests ac, lounge, snorkeling, labuan bajo, bar, komodo, cabin, padar, pink beach, bathroom, trekking, diving, kelor, kanawa, open trip","Sewa Rascal IJ_VVIP USD 12.000 komodo, padar, pink beach, labuan bajo, kanawa, kelor ac, lounge, snorkeling, labuan bajo, bar, komodo, cabin, padar, pink beach, bathroom, trekking, diving, kelor, kanawa, open trip Sewa Rascal adalah kapal phinisi mewah yang menawarkan pengalaman berlayar eksklusif di Komodo Island. Dilengkapi fasilitas premium dan pelayanan profesional.",sewa rascal ijvvip komodo padar pink beach labu bajo kanawa kelor ac lounge snorkeling labu bajo bar komodo cabin padar pink beach bathroom trekking diving kelor kanawa open trip sewa rascal mewah tawar alam layar eksklusif komodo island lengkap fasilitas premium layan profesional
Paket Wisata Private Trip Derawan 3D2N – 4D3N,Paket Wisata Derawan 3D2N – 4D3N,IJ_VVIP,Rp 18.900.000,18900000,3D2N,2 - 10 Guests,"komodo, pink beach, labuan bajo","bar, ac","snorkeling, diving, trekking, open trip, kayak","ac, snorkeling, kayak, labuan bajo, bar, komodo, pink beach, trekking, diving, open trip",Paket Wisata Derawan 3D2N – 4D3N adalah kapal phinisi mewah yang menawarkan pengalaman berlayar eksklusif di Komodo Island. Dilengkapi fasilitas premium dan pelayanan profesional.,https://indonesiajuara.asia/wp-content/uploads/2022/10/ijt-ebp-horizontal.webp,https://indonesiajuara.asia/private-trip-derawan/,indonesiajuara.asia,"Paket Wisata Private Trip Derawan 3D2N – 4D3N IJ_VVIP 3D2N 2 - 10 Guests ac, snorkeling, kayak, labuan bajo, bar, komodo, pink beach, trekking, diving, open trip","Paket Wisata Derawan 3D2N – 4D3N IJ_VVIP Rp 18.900.000 komodo, pink beach, labuan bajo ac, snorkeling, kayak, labuan bajo, bar, komodo, pink beach, trekking, diving, open trip Paket Wisata Derawan 3D2N – 4D3N adalah kapal phinisi mewah yang menawarkan pengalaman berlayar eksklusif di Komodo Island. Dilengkapi fasilitas premium dan pelayanan profesional.",paket wisata dawan d n d n ijvvip komodo pink beach labu bajo ac snorkeling kayak labu bajo bar komodo pink beach trekking diving open trip paket wisata dawan d n d n mewah tawar alam layar eksklusif komodo island lengkap fasilitas premium layan profesional
MAGIA II,MAGIA II,IJ_VVIP,Rp.,0,3D2N,2 Guests,"komodo, padar, pink beach, labuan bajo, kanawa, kelor","jacuzzi, bar, ac, bathroom, cabin","snorkeling, diving, trekking, open trip","ac, snorkeling, labuan bajo, bar, komodo, cabin, padar, pink beach, trekking, bathroom, jacuzzi, diving, kelor, kanawa, open trip",MAGIA II adalah kapal phinisi mewah yang menawarkan pengalaman berlayar eksklusif di Komodo Island. Dilengkapi fasilitas premium dan pelayanan profesional.,https://indonesiajuara.asia/wp-content/uploads/2022/10/ijt-ebp-horizontal.webp,https://indonesiajuara.asia/sewa-kapal-labuan-bajo/vvip/magia-ii/,indonesiajuara.asia,"MAGIA II IJ_VVIP 3D2N 2 Guests ac, snorkeling, labuan bajo, bar, komodo, cabin, padar, pink beach, trekking, bathroom, jacuzzi, diving, kelor, kanawa, open trip","MAGIA II IJ_VVIP Rp. komodo, padar, pink beach, labuan bajo, kanawa, kelor ac, snorkeling, labuan bajo, bar, komodo, cabin, padar, pink beach, trekking, bathroom, jacuzzi, diving, kelor, kanawa, open trip MAGIA II adalah kapal phinisi mewah yang menawarkan pengalaman berlayar eksklusif di Komodo Island. Dilengkapi fasilitas premium dan pelayanan profesional.",magia ii ijvvip komodo padar pink beach labu bajo kanawa kelor ac snorkeling labu bajo bar komodo cabin padar pink beach trekking bathroom jacuzzi diving kelor kanawa open trip magia ii mewah tawar alam layar eksklusif komodo island lengkap fasilitas premium layan profesional
Sewa Kapal Manta Mae,Sewa Manta Mae,IJ_VVIP,Rp.,0,3D2N,1 Guests,"komodo, padar, pink beach, labuan bajo, kanawa, kelor","bar, ac, bathroom, cabin, dining area, lounge","snorkeling, diving, trekking, open trip","ac, dining area, lounge, snorkeling, labuan bajo, bar, komodo, cabin, padar, pink beach, bathroom, trekking, diving, kelor, kanawa, open trip",Sewa Manta Mae adalah kapal phinisi mewah yang menawarkan pengalaman berlayar eksklusif di Komodo Island. Dilengkapi fasilitas premium dan pelayanan profesional.,https://indonesiajuara.asia/wp-content/uploads/2022/10/ijt-ebp-horizontal.webp,https://indonesiajuara.asia/sewa-kapal-labuan-bajo/vvip/manta-mae/,indonesiajuara.asia,"Sewa Kapal Manta Mae IJ_VVIP 3D2N 1 Guests ac, dining area, lounge, snorkeling, labuan bajo, bar, komodo, cabin, padar, pink beach, bathroom, trekking, diving, kelor, kanawa, open trip","Sewa Manta Mae IJ_VVIP Rp. komodo, padar, pink beach, labuan bajo, kanawa, kelor ac, dining area, lounge, snorkeling, labuan bajo, bar, komodo, cabin, padar, pink beach, bathroom, trekking, diving, kelor, kanawa, open trip Sewa Manta Mae adalah kapal phinisi mewah yang menawarkan pengalaman berlayar eksklusif di Komodo Island. Dilengkapi fasilitas premium dan pelayanan profesional.",sewa manta mae ijvvip komodo padar pink beach labu bajo kanawa kelor ac ning area lounge snorkeling labu bajo bar komodo cabin padar pink beach bathroom trekking diving kelor kanawa open trip sewa manta mae mewah tawar alam layar eksklusif komodo island lengkap fasilitas premium layan profesional
Paket Tour Nusa Penida 2026,Paket Nusa Penida 2026,IJ_VVIP,Rp1.700.000,1700000,3D2N,2 - 10 Guests,"komodo, pink beach, labuan bajo","bar, ac","snorkeling, trekking, open trip","ac, snorkeling, labuan bajo, bar, komodo, pink beach, trekking, open trip",Paket Nusa Penida 2026 adalah kapal phinisi mewah yang menawarkan pengalaman berlayar eksklusif di Komodo Island. Dilengkapi fasilitas premium dan pelayanan profesional.,https://indonesiajuara.asia/wp-content/uploads/2022/10/ijt-ebp-horizontal.webp,https://indonesiajuara.asia/tour-nusa-penida/,indonesiajuara.asia,"Paket Tour Nusa Penida 2026 IJ_VVIP 3D2N 2 - 10 Guests ac, snorkeling, labuan bajo, bar, komodo, pink beach, trekking, open trip","Paket Nusa Penida 2026 IJ_VVIP Rp1.700.000 komodo, pink beach, labuan bajo ac, snorkeling, labuan bajo, bar, komodo, pink beach, trekking, open trip Paket Nusa Penida 2026 adalah kapal phinisi mewah yang menawarkan pengalaman berlayar eksklusif di Komodo Island. Dilengkapi fasilitas premium dan pelayanan profesional.",paket nusa penida ijvvip komodo pink beach labu bajo ac snorkeling labu bajo bar komodo pink beach trekking open trip paket nusa penida mewah tawar alam layar eksklusif komodo island lengkap fasilitas premium layan profesional
Sewa KapalOcean Angel Yacht Phinisi,Sewa KapalOcean Angel Yacht,IJ_VIP,Rp 124.000.000,124000000,3D2N,1 Guests,"komodo, padar, pink beach, labuan bajo, kanawa, kelor","jacuzzi, bar, ac, bathroom, cabin, dining area","snorkeling, diving, trekking, open trip","ac, dining area, snorkeling, labuan bajo, bar, komodo, cabin, padar, pink beach, trekking, bathroom, jacuzzi, diving, kelor, kanawa, open trip",Sewa KapalOcean Angel Yacht adalah kapal phinisi mewah yang menawarkan pengalaman berlayar eksklusif di Komodo Island. Dilengkapi fasilitas premium dan pelayanan profesional.,https://indonesiajuara.asia/wp-content/uploads/2022/10/ijt-ebp-horizontal.webp,https://indonesiajuara.asia/sewa-kapal-labuan-bajo/vip/ocean-angel-yacht-phinisi/,indonesiajuara.asia,"Sewa KapalOcean Angel Yacht Phinisi IJ_VIP 3D2N 1 Guests ac, dining area, snorkeling, labuan bajo, bar, komodo, cabin, padar, pink beach, trekking, bathroom, jacuzzi, diving, kelor, kanawa, open trip","Sewa KapalOcean Angel Yacht IJ_VIP Rp 124.000.000 komodo, padar, pink beach, labuan bajo, kanawa, kelor ac, dining area, snorkeling, labuan bajo, bar, komodo, cabin, padar, pink beach, trekking, bathroom, jacuzzi, diving, kelor, kanawa, open trip Sewa KapalOcean Angel Yacht adalah kapal phinisi mewah yang menawarkan pengalaman berlayar eksklusif di Komodo Island. Dilengkapi fasilitas premium dan pelayanan profesional.",sewa kapalocean angel yacht ijvip komodo padar pink beach labu bajo kanawa kelor ac ning area snorkeling labu bajo bar komodo cabin padar pink beach trekking bathroom jacuzzi diving kelor kanawa open trip sewa kapalocean angel yacht mewah tawar alam layar eksklusif komodo island lengkap fasilitas premium layan profesional
Sewa Kapal Devita’R Cruise,Sewa Devita’R Cruise,IJ_VIP,Rp 60.500.000,60500000,3D2N,2 Guests,"komodo, padar, pink beach, labuan bajo, kanawa, kelor","sun deck, jacuzzi, restaurant, bar, ac, bathroom, cabin","snorkeling, diving, trekking, open trip","ac, snorkeling, labuan bajo, bar, restaurant, sun deck, cabin, komodo, padar, pink beach, trekking, bathroom, jacuzzi, diving, kelor, kanawa, open trip",Sewa Devita’R Cruise adalah kapal phinisi mewah yang menawarkan pengalaman berlayar eksklusif di Komodo Island. Dilengkapi fasilitas premium dan pelayanan profesional.,https://indonesiajuara.asia/wp-content/uploads/2022/10/ijt-ebp-horizontal.webp,https://indonesiajuara.asia/sewa-kapal-labuan-bajo/vip/devita-r-cruise/,indonesiajuara.asia,"Sewa Kapal Devita’R Cruise IJ_VIP 3D2N 2 Guests ac, snorkeling, labuan bajo, bar, restaurant, sun deck, cabin, komodo, padar, pink beach, trekking, bathroom, jacuzzi, diving, kelor, kanawa, open trip","Sewa Devita’R Cruise IJ_VIP Rp 60.500.000 komodo, padar, pink beach, labuan bajo, kanawa, kelor ac, snorkeling, labuan bajo, bar, restaurant, sun deck, cabin, komodo, padar, pink beach, trekking, bathroom, jacuzzi, diving, kelor, kanawa, open trip Sewa Devita’R Cruise adalah kapal phinisi mewah yang menawarkan pengalaman berlayar eksklusif di Komodo Island. Dilengkapi fasilitas premium dan pelayanan profesional.",sewa devita r cruise ijvip komodo padar pink beach labu bajo kanawa kelor ac snorkeling labu bajo bar restaurant sun deck cabin komodo padar pink beach trekking bathroom jacuzzi diving kelor kanawa open trip sewa devita r cruise mewah tawar alam layar eksklusif komodo island lengkap fasilitas premium layan profesional
Sewa Kapal Le Costa,Sewa Le Costa,IJ_VIP,Rp 110.000.000,110000000,3D2N,1 Guests,"komodo, padar, pink beach, labuan bajo, kanawa, kelor","sun deck, jacuzzi, bar, ac, bathroom, cabin, dining area","snorkeling, diving, trekking, open trip","ac, dining area, snorkeling, labuan bajo, bar, sun deck, komodo, cabin, padar, pink beach, trekking, bathroom, jacuzzi, diving, kelor, kanawa, open trip",Sewa Le Costa adalah kapal phinisi mewah yang menawarkan pengalaman berlayar eksklusif di Komodo Island. Dilengkapi fasilitas premium dan pelayanan profesional.,https://indonesiajuara.asia/wp-content/uploads/2022/10/ijt-ebp-horizontal.webp,https://indonesiajuara.asia/sewa-kapal-labuan-bajo/vip/le-costa-liveaboard/,indonesiajuara.asia,"Sewa Kapal Le Costa IJ_VIP 3D2N 1 Guests ac, dining area, snorkeling, labuan bajo, bar, sun deck, komodo, cabin, padar, pink beach, trekking, bathroom, jacuzzi, diving, kelor, kanawa, open trip","Sewa Le Costa IJ_VIP Rp 110.000.000 komodo, padar, pink beach, labuan bajo, kanawa, kelor ac, dining area, snorkeling, labuan bajo, bar, sun deck, komodo, cabin, padar, pink beach, trekking, bathroom, jacuzzi, diving, kelor, kanawa, open trip Sewa Le Costa adalah kapal phinisi mewah yang menawarkan pengalaman berlayar eksklusif di Komodo Island. Dilengkapi fasilitas premium dan pelayanan profesional.",sewa le costa ijvip komodo padar pink beach labu bajo kanawa kelor ac ning area snorkeling labu bajo bar sun deck komodo cabin padar pink beach trekking bathroom jacuzzi diving kelor kanawa open trip sewa le costa mewah tawar alam layar eksklusif komodo island lengkap fasilitas premium layan profesional
Sewa KapalLamborajo III,Sewa KapalLamborajo III,IJ_VIP,Rp 124.000.000,124000000,3D2N,22 Guests,"komodo, padar, pink beach, labuan bajo, kanawa, kelor","sun deck, jacuzzi, bar, ac, bathroom, cabin, dining area","snorkeling, diving, trekking, open trip","ac, dining area, snorkeling, labuan bajo, bar, sun deck, komodo, cabin, padar, pink beach, trekking, bathroom, jacuzzi, diving, kelor, kanawa, open trip",Sewa KapalLamborajo III adalah kapal phinisi mewah yang menawarkan pengalaman berlayar eksklusif di Komodo Island. Dilengkapi fasilitas premium dan pelayanan profesional.,https://indonesiajuara.asia/wp-content/uploads/2022/10/ijt-ebp-horizontal.webp,https://indonesiajuara.asia/sewa-kapal-labuan-bajo/vip/lamborajo-iii/,indonesiajuara.asia,"Sewa KapalLamborajo III IJ_VIP 3D2N 22 Guests ac, dining area, snorkeling, labuan bajo, bar, sun deck, komodo, cabin, padar, pink beach, trekking, bathroom, jacuzzi, diving, kelor, kanawa, open trip","Sewa KapalLamborajo III IJ_VIP Rp 124.000.000 komodo, padar, pink beach, labuan bajo, kanawa, kelor ac, dining area, snorkeling, labuan bajo, bar, sun deck, komodo, cabin, padar, pink beach, trekking, bathroom, jacuzzi, diving, kelor, kanawa, open trip Sewa KapalLamborajo III adalah kapal phinisi mewah yang menawarkan pengalaman berlayar eksklusif di Komodo Island. Dilengkapi fasilitas premium dan pelayanan profesional.",sewa kapallamborajo iii ijvip komodo padar pink beach labu bajo kanawa kelor ac ning area snorkeling labu bajo bar sun deck komodo cabin padar pink beach trekking bathroom jacuzzi diving kelor kanawa open trip sewa kapallamborajo iii mewah tawar alam layar eksklusif komodo island lengkap fasilitas premium layan profesional
Sewa Kapal Sukha Sail II Phinisi,Sewa Sukha Sail II,IJ_VIP,Rp 142.000.000,142000000,3D2N,2 - 10 Guests,"komodo, padar, pink beach, labuan bajo, kanawa, kelor","bar, ac, bathroom, cabin, lounge","snorkeling, diving, trekking, open trip","ac, lounge, snorkeling, labuan bajo, bar, komodo, cabin, padar, pink beach, bathroom, trekking, diving, kelor, kanawa, open trip",Sewa Sukha Sail II adalah kapal phinisi mewah yang menawarkan pengalaman berlayar eksklusif di Komodo Island. Dilengkapi fasilitas premium dan pelayanan profesional.,https://indonesiajuara.asia/wp-content/uploads/2022/10/ijt-ebp-horizontal.webp,https://indonesiajuara.asia/sewa-kapal-labuan-bajo/vip/sukha-sail-2/,indonesiajuara.asia,"Sewa Kapal Sukha Sail II Phinisi IJ_VIP 3D2N 2 - 10 Guests ac, lounge, snorkeling, labuan bajo, bar, komodo, cabin, padar, pink beach, bathroom, trekking, diving, kelor, kanawa, open trip","Sewa Sukha Sail II IJ_VIP Rp 142.000.000 komodo, padar, pink beach, labuan bajo, kanawa, kelor ac, lounge, snorkeling, labuan bajo, bar, komodo, cabin, padar, pink beach, bathroom, trekking, diving, kelor, kanawa, open trip Sewa Sukha Sail II adalah kapal phinisi mewah yang menawarkan pengalaman berlayar eksklusif di Komodo Island. Dilengkapi fasilitas premium dan pelayanan profesional.",sewa sukha sail ii ijvip komodo padar pink beach labu bajo kanawa kelor ac lounge snorkeling labu bajo bar komodo cabin padar pink beach bathroom trekking diving kelor kanawa open trip sewa sukha sail ii mewah tawar alam layar eksklusif komodo island lengkap fasilitas premium layan profesional
Sewa Kapal Lamain 2,Sewa Lamain 2,IJ_VIP,Rp 210.000.000,210000000,3D2N,1 Guests,"komodo, padar, pink beach, labuan bajo, kanawa, kelor","sun deck, jacuzzi, bar, ac, bathroom, cabin, dining area","snorkeling, diving, trekking, open trip","ac, dining area, snorkeling, labuan bajo, bar, sun deck, komodo, cabin, padar, pink beach, trekking, bathroom, jacuzzi, diving, kelor, kanawa, open trip",Sewa Lamain 2 adalah kapal phinisi mewah yang menawarkan pengalaman berlayar eksklusif di Komodo Island. Dilengkapi fasilitas premium dan pelayanan profesional.,https://indonesiajuara.asia/wp-content/uploads/2022/10/ijt-ebp-horizontal.webp,https://indonesiajuara.asia/sewa-kapal-labuan-bajo/vip/lamain-cruise-voyage-2/,indonesiajuara.asia,"Sewa Kapal Lamain 2 IJ_VIP 3D2N 1 Guests ac, dining area, snorkeling, labuan bajo, bar, sun deck, komodo, cabin, padar, pink beach, trekking, bathroom, jacuzzi, diving, kelor, kanawa, open trip","Sewa Lamain 2 IJ_VIP Rp 210.000.000 komodo, padar, pink beach, labuan bajo, kanawa, kelor ac, dining area, snorkeling, labuan bajo, bar, sun deck, komodo, cabin, padar, pink beach, trekking, bathroom, jacuzzi, diving, kelor, kanawa, open trip Sewa Lamain 2 adalah kapal phinisi mewah yang menawarkan pengalaman berlayar eksklusif di Komodo Island. Dilengkapi fasilitas premium dan pelayanan profesional.",sewa lamain ijvip komodo padar pink beach labu bajo kanawa kelor ac ning area snorkeling labu bajo bar sun deck komodo cabin padar pink beach trekking bathroom jacuzzi diving kelor kanawa open trip sewa lamain mewah tawar alam layar eksklusif komodo island lengkap fasilitas premium layan profesional
Sewa Kapal Cajoma IV,Sewa Cajoma IV,IJ_VIP,Rp 96.000.000,96000000,3D2N,1 Guests,"komodo, padar, pink beach, labuan bajo, kanawa, kelor","sun deck, jacuzzi, bar, ac, bathroom, cabin, shower","snorkeling, diving, trekking, open trip","shower, ac, snorkeling, labuan bajo, bar, sun deck, komodo, cabin, padar, pink beach, trekking, bathroom, jacuzzi, diving, kelor, kanawa, open trip",Sewa Cajoma IV adalah kapal phinisi mewah yang menawarkan pengalaman berlayar eksklusif di Komodo Island. Dilengkapi fasilitas premium dan pelayanan profesional.,https://indonesiajuara.asia/wp-content/uploads/2022/10/ijt-ebp-horizontal.webp,https://indonesiajuara.asia/sewa-kapal-labuan-bajo/vip/cajoma-iv-phinisi/,indonesiajuara.asia,"Sewa Kapal Cajoma IV IJ_VIP 3D2N 1 Guests shower, ac, snorkeling, labuan bajo, bar, sun deck, komodo, cabin, padar, pink beach, trekking, bathroom, jacuzzi, diving, kelor, kanawa, open trip","Sewa Cajoma IV IJ_VIP Rp 96.000.000 komodo, padar, pink beach, labuan bajo, kanawa, kelor shower, ac, snorkeling, labuan bajo, bar, sun deck, komodo, cabin, padar, pink beach, trekking, bathroom, jacuzzi, diving, kelor, kanawa, open trip Sewa Cajoma IV adalah kapal phinisi mewah yang menawarkan pengalaman berlayar eksklusif di Komodo Island. Dilengkapi fasilitas premium dan pelayanan profesional.",sewa cajoma iv ijvip komodo padar pink beach labu bajo kanawa kelor shower ac snorkeling labu bajo bar sun deck komodo cabin padar pink beach trekking bathroom jacuzzi diving kelor kanawa open trip sewa cajoma iv mewah tawar alam layar eksklusif komodo island lengkap fasilitas premium layan profesional
Sewa Kapal Andalucia 2,Sewa Andalucia 2,IJ_VIP,IDR 59.500.000,59500000,3D2N,1 Guests,"komodo, padar, pink beach, labuan bajo, kanawa, kelor","bar, ac, bathroom, cabin","snorkeling, diving, trekking, open trip","ac, snorkeling, labuan bajo, bar, komodo, cabin, padar, pink beach, bathroom, trekking, diving, kelor, kanawa, open trip",Sewa Andalucia 2 adalah kapal phinisi mewah yang menawarkan pengalaman berlayar eksklusif di Komodo Island. Dilengkapi fasilitas premium dan pelayanan profesional.,https://indonesiajuara.asia/wp-content/uploads/2022/10/ijt-ebp-horizontal.webp,https://indonesiajuara.asia/sewa-kapal-labuan-bajo/vip/andalucia-2/,indonesiajuara.asia,"Sewa Kapal Andalucia 2 IJ_VIP 3D2N 1 Guests ac, snorkeling, labuan bajo, bar, komodo, cabin, padar, pink beach, bathroom, trekking, diving, kelor, kanawa, open trip","Sewa Andalucia 2 IJ_VIP IDR 59.500.000 komodo, padar, pink beach, labuan bajo, kanawa, kelor ac, snorkeling, labuan bajo, bar, komodo, cabin, padar, pink beach, bathroom, trekking, diving, kelor, kanawa, open trip Sewa Andalucia 2 adalah kapal phinisi mewah yang menawarkan pengalaman berlayar eksklusif di Komodo Island. Dilengkapi fasilitas premium dan pelayanan profesional.",sewa andalucia ijvip komodo padar pink beach labu bajo kanawa kelor ac snorkeling labu bajo bar komodo cabin padar pink beach bathroom trekking diving kelor kanawa open trip sewa andalucia mewah tawar alam layar eksklusif komodo island lengkap fasilitas premium layan profesional
Sewa Kapal Gandiva Phinisi,Sewa Gandiva,IJ_VIP,Rp92.000.000,92000000,3D2N,1 Guests,"komodo, padar, pink beach, labuan bajo, kanawa, kelor","wifi, bar, ac, bathroom, cabin, dining area","snorkeling, diving, trekking, open trip","ac, dining area, snorkeling, labuan bajo, bar, komodo, cabin, padar, pink beach, bathroom, trekking, wifi, diving, kelor, kanawa, open trip",Sewa Gandiva adalah kapal phinisi mewah yang menawarkan pengalaman berlayar eksklusif di Komodo Island. Dilengkapi fasilitas premium dan pelayanan profesional.,https://indonesiajuara.asia/wp-content/uploads/2022/10/ijt-ebp-horizontal.webp,https://indonesiajuara.asia/sewa-kapal-labuan-bajo/vip/gandiva-phinisi/,indonesiajuara.asia,"Sewa Kapal Gandiva Phinisi IJ_VIP 3D2N 1 Guests ac, dining area, snorkeling, labuan bajo, bar, komodo, cabin, padar, pink beach, bathroom, trekking, wifi, diving, kelor, kanawa, open trip","Sewa Gandiva IJ_VIP Rp92.000.000 komodo, padar, pink beach, labuan bajo, kanawa, kelor ac, dining area, snorkeling, labuan bajo, bar, komodo, cabin, padar, pink beach, bathroom, trekking, wifi, diving, kelor, kanawa, open trip Sewa Gandiva adalah kapal phinisi mewah yang menawarkan pengalaman berlayar eksklusif di Komodo Island. Dilengkapi fasilitas premium dan pelayanan profesional.",sewa gandiva ijvip komodo padar pink beach labu bajo kanawa kelor ac ning area snorkeling labu bajo bar komodo cabin padar pink beach bathroom trekking wifi diving kelor kanawa open trip sewa gandiva mewah tawar alam layar eksklusif komodo island lengkap fasilitas premium layan profesional
Sewa Kapal Blessing Liveaboard Phinisi,Sewa Blessing,IJ_VIP,Rp 69.300.000,69300000,3D2N,2 - 10 Guests,"komodo, padar, pink beach, labuan bajo, kanawa, kelor","bar, ac, bathroom, cabin, dining area, lounge, shower","snorkeling, diving, trekking, open trip","shower, ac, dining area, lounge, snorkeling, labuan bajo, bar, komodo, cabin, padar, pink beach, bathroom, trekking, diving, kelor, kanawa, open trip",Sewa Blessing adalah kapal phinisi mewah yang menawarkan pengalaman berlayar eksklusif di Komodo Island. Dilengkapi fasilitas premium dan pelayanan profesional.,https://indonesiajuara.asia/wp-content/uploads/2022/10/ijt-ebp-horizontal.webp,https://indonesiajuara.asia/sewa-kapal-labuan-bajo/vip/blessing/,indonesiajuara.asia,"Sewa Kapal Blessing Liveaboard Phinisi IJ_VIP 3D2N 2 - 10 Guests shower, ac, dining area, lounge, snorkeling, labuan bajo, bar, komodo, cabin, padar, pink beach, bathroom, trekking, diving, kelor, kanawa, open trip","Sewa Blessing IJ_VIP Rp 69.300.000 komodo, padar, pink beach, labuan bajo, kanawa, kelor shower, ac, dining area, lounge, snorkeling, labuan bajo, bar, komodo, cabin, padar, pink beach, bathroom, trekking, diving, kelor, kanawa, open trip Sewa Blessing adalah kapal phinisi mewah yang menawarkan pengalaman berlayar eksklusif di Komodo Island. Dilengkapi fasilitas premium dan pelayanan profesional.",sewa blessing ijvip komodo padar pink beach labu bajo kanawa kelor shower ac ning area lounge snorkeling labu bajo bar komodo cabin padar pink beach bathroom trekking diving kelor kanawa open trip sewa blessing mewah tawar alam layar eksklusif komodo island lengkap fasilitas premium layan profesional
Sewa Kapal Radea Phinisi,Sewa Radea,IJ_VIP,Rp 70.000.000,70000000,3D2N,2 Guests,"komodo, padar, pink beach, labuan bajo, kanawa, kelor","sun deck, bar, ac, bathroom, cabin, dining area, lounge","snorkeling, diving, trekking, open trip","ac, dining area, lounge, snorkeling, labuan bajo, bar, sun deck, komodo, cabin, padar, pink beach, bathroom, trekking, diving, kelor, kanawa, open trip",Sewa Radea adalah kapal phinisi mewah yang menawarkan pengalaman berlayar eksklusif di Komodo Island. Dilengkapi fasilitas premium dan pelayanan profesional.,https://indonesiajuara.asia/wp-content/uploads/2022/10/ijt-ebp-horizontal.webp,https://indonesiajuara.asia/sewa-kapal-labuan-bajo/vip/radea-phinisi/,indonesiajuara.asia,"Sewa Kapal Radea Phinisi IJ_VIP 3D2N 2 Guests ac, dining area, lounge, snorkeling, labuan bajo, bar, sun deck, komodo, cabin, padar, pink beach, bathroom, trekking, diving, kelor, kanawa, open trip","Sewa Radea IJ_VIP Rp 70.000.000 komodo, padar, pink beach, labuan bajo, kanawa, kelor ac, dining area, lounge, snorkeling, labuan bajo, bar, sun deck, komodo, cabin, padar, pink beach, bathroom, trekking, diving, kelor, kanawa, open trip Sewa Radea adalah kapal phinisi mewah yang menawarkan pengalaman berlayar eksklusif di Komodo Island. Dilengkapi fasilitas premium dan pelayanan profesional.",sewa radea ijvip komodo padar pink beach labu bajo kanawa kelor ac ning area lounge snorkeling labu bajo bar sun deck komodo cabin padar pink beach bathroom trekking diving kelor kanawa open trip sewa radea mewah tawar alam layar eksklusif komodo island lengkap fasilitas premium layan profesional
Sewa Kapal Angelica,Sewa Angelica,IJ_VIP,Rp 79.000.000,79000000,3D2N,20 Guests,"komodo, padar, pink beach, labuan bajo, kanawa, kelor","jacuzzi, bar, ac, bathroom, cabin, dining area, lounge","snorkeling, diving, trekking, open trip, kayak","ac, dining area, lounge, snorkeling, kayak, labuan bajo, bar, komodo, cabin, padar, pink beach, trekking, bathroom, jacuzzi, diving, kelor, kanawa, open trip",Sewa Angelica adalah kapal phinisi mewah yang menawarkan pengalaman berlayar eksklusif di Komodo Island. Dilengkapi fasilitas premium dan pelayanan profesional.,https://indonesiajuara.asia/wp-content/uploads/2022/10/ijt-ebp-horizontal.webp,https://indonesiajuara.asia/sewa-kapal-labuan-bajo/vip/angelica/,indonesiajuara.asia,"Sewa Kapal Angelica IJ_VIP 3D2N 20 Guests ac, dining area, lounge, snorkeling, kayak, labuan bajo, bar, komodo, cabin, padar, pink beach, trekking, bathroom, jacuzzi, diving, kelor, kanawa, open trip","Sewa Angelica IJ_VIP Rp 79.000.000 komodo, padar, pink beach, labuan bajo, kanawa, kelor ac, dining area, lounge, snorkeling, kayak, labuan bajo, bar, komodo, cabin, padar, pink beach, trekking, bathroom, jacuzzi, diving, kelor, kanawa, open trip Sewa Angelica adalah kapal phinisi mewah yang menawarkan pengalaman berlayar eksklusif di Komodo Island. Dilengkapi fasilitas premium dan pelayanan profesional.",sewa angelica ijvip komodo padar pink beach labu bajo kanawa kelor ac ning area lounge snorkeling kayak labu bajo bar komodo cabin padar pink beach trekking bathroom jacuzzi diving kelor kanawa open trip sewa angelica mewah tawar alam layar eksklusif komodo island lengkap fasilitas premium layan profesional
Sewa Kapal Sands Bajo,Sewa Sands Bajo,IJ_VIP,Rp 67.000.000,67000000,3D2N,12 Guests,"komodo, padar, pink beach, labuan bajo, kanawa, kelor","bar, ac, bathroom, cabin, dining area","snorkeling, diving, trekking, open trip","ac, dining area, snorkeling, labuan bajo, bar, komodo, cabin, padar, pink beach, bathroom, trekking, diving, kelor, kanawa, open trip",Sewa Sands Bajo adalah kapal phinisi mewah yang menawarkan pengalaman berlayar eksklusif di Komodo Island. Dilengkapi fasilitas premium dan pelayanan profesional.,https://indonesiajuara.asia/wp-content/uploads/2022/10/ijt-ebp-horizontal.webp,https://indonesiajuara.asia/sewa-kapal-labuan-bajo/vip/sands-bajo/,indonesiajuara.asia,"Sewa Kapal Sands Bajo IJ_VIP 3D2N 12 Guests ac, dining area, snorkeling, labuan bajo, bar, komodo, cabin, padar, pink beach, bathroom, trekking, diving, kelor, kanawa, open trip","Sewa Sands Bajo IJ_VIP Rp 67.000.000 komodo, padar, pink beach, labuan bajo, kanawa, kelor ac, dining area, snorkeling, labuan bajo, bar, komodo, cabin, padar, pink beach, bathroom, trekking, diving, kelor, kanawa, open trip Sewa Sands Bajo adalah kapal phinisi mewah yang menawarkan pengalaman berlayar eksklusif di Komodo Island. Dilengkapi fasilitas premium dan pelayanan profesional.",sewa sands bajo ijvip komodo padar pink beach labu bajo kanawa kelor ac ning area snorkeling labu bajo bar komodo cabin padar pink beach bathroom trekking diving kelor kanawa open trip sewa sands bajo mewah tawar alam layar eksklusif komodo island lengkap fasilitas premium layan profesional
Sewa Kapal Teman,Sewa Teman,IJ_VIP,Rp.,0,3D2N,2 - 10 Guests,"komodo, padar, pink beach, labuan bajo, kanawa, kelor","sun deck, bar, ac, bathroom, cabin, dining area, lounge","snorkeling, diving, trekking, open trip","ac, dining area, lounge, snorkeling, labuan bajo, bar, sun deck, komodo, cabin, padar, pink beach, bathroom, trekking, diving, kelor, kanawa, open trip",Sewa Teman adalah kapal phinisi mewah yang menawarkan pengalaman berlayar eksklusif di Komodo Island. Dilengkapi fasilitas premium dan pelayanan profesional.,https://indonesiajuara.asia/wp-content/uploads/2022/10/ijt-ebp-horizontal.webp,https://indonesiajuara.asia/sewa-kapal-labuan-bajo/vip/teman/,indonesiajuara.asia,"Sewa Kapal Teman IJ_VIP 3D2N 2 - 10 Guests ac, dining area, lounge, snorkeling, labuan bajo, bar, sun deck, komodo, cabin, padar, pink beach, bathroom, trekking, diving, kelor, kanawa, open trip","Sewa Teman IJ_VIP Rp. komodo, padar, pink beach, labuan bajo, kanawa, kelor ac, dining area, lounge, snorkeling, labuan bajo, bar, sun deck, komodo, cabin, padar, pink beach, bathroom, trekking, diving, kelor, kanawa, open trip Sewa Teman adalah kapal phinisi mewah yang menawarkan pengalaman berlayar eksklusif di Komodo Island. Dilengkapi fasilitas premium dan pelayanan profesional.",sewa teman ijvip komodo padar pink beach labu bajo kanawa kelor ac ning area lounge snorkeling labu bajo bar sun deck komodo cabin padar pink beach bathroom trekking diving kelor kanawa open trip sewa teman mewah tawar alam layar eksklusif komodo island lengkap fasilitas premium layan profesional
Sewa Kapal Senada,Sewa Senada,IJ_VIP,IDR 67.000.000,67000000,3D2N,4 Guests,"komodo, padar, pink beach, labuan bajo, kanawa, kelor","bar, ac, bathroom, cabin, dining area","snorkeling, diving, trekking, island hopping, open trip","ac, dining area, snorkeling, labuan bajo, bar, komodo, cabin, padar, pink beach, island hopping, bathroom, trekking, diving, kelor, kanawa, open trip",Sewa Senada adalah kapal phinisi mewah yang menawarkan pengalaman berlayar eksklusif di Komodo Island. Dilengkapi fasilitas premium dan pelayanan profesional.,https://indonesiajuara.asia/wp-content/uploads/2022/10/ijt-ebp-horizontal.webp,https://indonesiajuara.asia/sewa-kapal-labuan-bajo/vip/senada/,indonesiajuara.asia,"Sewa Kapal Senada IJ_VIP 3D2N 4 Guests ac, dining area, snorkeling, labuan bajo, bar, komodo, cabin, padar, pink beach, island hopping, bathroom, trekking, diving, kelor, kanawa, open trip","Sewa Senada IJ_VIP IDR 67.000.000 komodo, padar, pink beach, labuan bajo, kanawa, kelor ac, dining area, snorkeling, labuan bajo, bar, komodo, cabin, padar, pink beach, island hopping, bathroom, trekking, diving, kelor, kanawa, open trip Sewa Senada adalah kapal phinisi mewah yang menawarkan pengalaman berlayar eksklusif di Komodo Island. Dilengkapi fasilitas premium dan pelayanan profesional.",sewa nada ijvip komodo padar pink beach labu bajo kanawa kelor ac ning area snorkeling labu bajo bar komodo cabin padar pink beach island hopping bathroom trekking diving kelor kanawa open trip sewa nada mewah tawar alam layar eksklusif komodo island lengkap fasilitas premium layan profesional
Sewa Kapal Andamari Phinisi,Sewa Andamari,IJ_VIP,Rp 115.800.000,115800000,3D2N,1 Guests,"komodo, padar, pink beach, labuan bajo, kanawa, kelor","sun deck, bar, ac, bathroom, cabin, dining area, lounge","snorkeling, diving, trekking, island hopping, open trip, kayak","snorkeling, labuan bajo, sun deck, cabin, pink beach, island hopping, kelor, kanawa, ac, lounge, komodo, padar, diving, kayak, bar, trekking, dining area, bathroom, open trip",Sewa Andamari adalah kapal phinisi mewah yang menawarkan pengalaman berlayar eksklusif di Komodo Island. Dilengkapi fasilitas premium dan pelayanan profesional.,https://indonesiajuara.asia/wp-content/uploads/2022/10/ijt-ebp-horizontal.webp,https://indonesiajuara.asia/sewa-kapal-labuan-bajo/vip/andamari-phinisi/,indonesiajuara.asia,"Sewa Kapal Andamari Phinisi IJ_VIP 3D2N 1 Guests snorkeling, labuan bajo, sun deck, cabin, pink beach, island hopping, kelor, kanawa, ac, lounge, komodo, padar, diving, kayak, bar, trekking, dining area, bathroom, open trip","Sewa Andamari IJ_VIP Rp 115.800.000 komodo, padar, pink beach, labuan bajo, kanawa, kelor snorkeling, labuan bajo, sun deck, cabin, pink beach, island hopping, kelor, kanawa, ac, lounge, komodo, padar, diving, kayak, bar, trekking, dining area, bathroom, open trip Sewa Andamari adalah kapal phinisi mewah yang menawarkan pengalaman berlayar eksklusif di Komodo Island. Dilengkapi fasilitas premium dan pelayanan profesional.",sewa andamari ijvip komodo padar pink beach labu bajo kanawa kelor snorkeling labu bajo sun deck cabin pink beach island hopping kelor kanawa ac lounge komodo padar diving kayak bar trekking ning area bathroom open trip sewa andamari mewah tawar alam layar eksklusif komodo island lengkap fasilitas premium layan profesional
Sewa Kapal Mosalaki,Sewa Mosalaki,IJ_VIP,Rp 127.000.000,127000000,3D2N,2 - 10 Guests,"komodo, padar, pink beach, labuan bajo, kanawa, kelor","bar, ac, bathroom, cabin, dining area, lounge","snorkeling, diving, trekking, open trip","ac, dining area, lounge, snorkeling, labuan bajo, bar, komodo, cabin, padar, pink beach, bathroom, trekking, diving, kelor, kanawa, open trip",Sewa Mosalaki adalah kapal phinisi mewah yang menawarkan pengalaman berlayar eksklusif di Komodo Island. Dilengkapi fasilitas premium dan pelayanan profesional.,https://indonesiajuara.asia/wp-content/uploads/2022/10/ijt-ebp-horizontal.webp,https://indonesiajuara.asia/sewa-kapal-labuan-bajo/vip/mosalaki/,indonesiajuara.asia,"Sewa Kapal Mosalaki IJ_VIP 3D2N 2 - 10 Guests ac, dining area, lounge, snorkeling, labuan bajo, bar, komodo, cabin, padar, pink beach, bathroom, trekking, diving, kelor, kanawa, open trip","Sewa Mosalaki IJ_VIP Rp 127.000.000 komodo, padar, pink beach, labuan bajo, kanawa, kelor ac, dining area, lounge, snorkeling, labuan bajo, bar, komodo, cabin, padar, pink beach, bathroom, trekking, diving, kelor, kanawa, open trip Sewa Mosalaki adalah kapal phinisi mewah yang menawarkan pengalaman berlayar eksklusif di Komodo Island. Dilengkapi fasilitas premium dan pelayanan profesional.",sewa mosalaki ijvip komodo padar pink beach labu bajo kanawa kelor ac ning area lounge snorkeling labu bajo bar komodo cabin padar pink beach bathroom trekking diving kelor kanawa open trip sewa mosalaki mewah tawar alam layar eksklusif komodo island lengkap fasilitas premium layan profesional
Sewa Kapal Bombana 2,Sewa Bombana 2,IJ_VIP,Rp 63.000.000,63000000,3D2N,2 Guests,"komodo, padar, pink beach, labuan bajo, kanawa, kelor","jacuzzi, bar, ac, bathroom, cabin, dining area, lounge","snorkeling, diving, trekking, open trip, kayak","ac, dining area, lounge, snorkeling, kayak, labuan bajo, bar, komodo, cabin, padar, pink beach, trekking, bathroom, jacuzzi, diving, kelor, kanawa, open trip",Sewa Bombana 2 adalah kapal phinisi mewah yang menawarkan pengalaman berlayar eksklusif di Komodo Island. Dilengkapi fasilitas premium dan pelayanan profesional.,https://indonesiajuara.asia/wp-content/uploads/2022/10/ijt-ebp-horizontal.webp,https://indonesiajuara.asia/sewa-kapal-labuan-bajo/vip/bombana-2/,indonesiajuara.asia,"Sewa Kapal Bombana 2 IJ_VIP 3D2N 2 Guests ac, dining area, lounge, snorkeling, kayak, labuan bajo, bar, komodo, cabin, padar, pink beach, trekking, bathroom, jacuzzi, diving, kelor, kanawa, open trip","Sewa Bombana 2 IJ_VIP Rp 63.000.000 komodo, padar, pink beach, labuan bajo, kanawa, kelor ac, dining area, lounge, snorkeling, kayak, labuan bajo, bar, komodo, cabin, padar, pink beach, trekking, bathroom, jacuzzi, diving, kelor, kanawa, open trip Sewa Bombana 2 adalah kapal phinisi mewah yang menawarkan pengalaman berlayar eksklusif di Komodo Island. Dilengkapi fasilitas premium dan pelayanan profesional.",sewa bombana ijvip komodo padar pink beach labu bajo kanawa kelor ac ning area lounge snorkeling kayak labu bajo bar komodo cabin padar pink beach trekking bathroom jacuzzi diving kelor kanawa open trip sewa bombana mewah tawar alam layar eksklusif komodo island lengkap fasilitas premium layan profesional
Sewa Kapal Dua Liveaboard,Sewa Dua,IJ_VIP,IDR 73.000.000,73000000,3D2N,2 - 10 Guests,"komodo, padar, pink beach, labuan bajo, kanawa, kelor","bar, ac, bathroom, cabin, dining area","snorkeling, diving, trekking, open trip","ac, dining area, snorkeling, labuan bajo, bar, komodo, cabin, padar, pink beach, bathroom, trekking, diving, kelor, kanawa, open trip",Sewa Dua adalah kapal phinisi mewah yang menawarkan pengalaman berlayar eksklusif di Komodo Island. Dilengkapi fasilitas premium dan pelayanan profesional.,https://indonesiajuara.asia/wp-content/uploads/2022/10/ijt-ebp-horizontal.webp,https://indonesiajuara.asia/sewa-kapal-labuan-bajo/vip/dua-liveaboard/,indonesiajuara.asia,"Sewa Kapal Dua Liveaboard IJ_VIP 3D2N 2 - 10 Guests ac, dining area, snorkeling, labuan bajo, bar, komodo, cabin, padar, pink beach, bathroom, trekking, diving, kelor, kanawa, open trip","Sewa Dua IJ_VIP IDR 73.000.000 komodo, padar, pink beach, labuan bajo, kanawa, kelor ac, dining area, snorkeling, labuan bajo, bar, komodo, cabin, padar, pink beach, bathroom, trekking, diving, kelor, kanawa, open trip Sewa Dua adalah kapal phinisi mewah yang menawarkan pengalaman berlayar eksklusif di Komodo Island. Dilengkapi fasilitas premium dan pelayanan profesional.",sewa ijvip komodo padar pink beach labu bajo kanawa kelor ac ning area snorkeling labu bajo bar komodo cabin padar pink beach bathroom trekking diving kelor kanawa open trip sewa mewah tawar alam layar eksklusif komodo island lengkap fasilitas premium layan profesional
Sewa Kapal Jinggo Janggo,Sewa Jinggo Janggo,IJ_VIP,Rp.,0,3D2N,1 Guests,"komodo, padar, pink beach, labuan bajo, kanawa, kelor","sun deck, bar, ac, bathroom, cabin","snorkeling, diving, trekking, open trip","ac, snorkeling, labuan bajo, bar, sun deck, komodo, cabin, padar, pink beach, bathroom, trekking, diving, kelor, kanawa, open trip",Sewa Jinggo Janggo adalah kapal phinisi mewah yang menawarkan pengalaman berlayar eksklusif di Komodo Island. Dilengkapi fasilitas premium dan pelayanan profesional.,https://indonesiajuara.asia/wp-content/uploads/2022/10/ijt-ebp-horizontal.webp,https://indonesiajuara.asia/sewa-kapal-labuan-bajo/vip/jinggo-janggo/,indonesiajuara.asia,"Sewa Kapal Jinggo Janggo IJ_VIP 3D2N 1 Guests ac, snorkeling, labuan bajo, bar, sun deck, komodo, cabin, padar, pink beach, bathroom, trekking, diving, kelor, kanawa, open trip","Sewa Jinggo Janggo IJ_VIP Rp. komodo, padar, pink beach, labuan bajo, kanawa, kelor ac, snorkeling, labuan bajo, bar, sun deck, komodo, cabin, padar, pink beach, bathroom, trekking, diving, kelor, kanawa, open trip Sewa Jinggo Janggo adalah kapal phinisi mewah yang menawarkan pengalaman berlayar eksklusif di Komodo Island. Dilengkapi fasilitas premium dan pelayanan profesional.",sewa jinggo janggo ijvip komodo padar pink beach labu bajo kanawa kelor ac snorkeling labu bajo bar sun deck komodo cabin padar pink beach bathroom trekking diving kelor kanawa open trip sewa jinggo janggo mewah tawar alam layar eksklusif komodo island lengkap fasilitas premium layan profesional
Sewa Kapal Ilike,Sewa Ilike,IJ_VIP,Rp.,0,3D2N,1 Guests,"komodo, padar, pink beach, labuan bajo, kanawa, kelor","sun deck, bar, ac, bathroom, cabin, dining area, lounge","snorkeling, diving, trekking, open trip","ac, dining area, lounge, snorkeling, labuan bajo, bar, sun deck, komodo, cabin, padar, pink beach, bathroom, trekking, diving, kelor, kanawa, open trip",Sewa Ilike adalah kapal phinisi mewah yang menawarkan pengalaman berlayar eksklusif di Komodo Island. Dilengkapi fasilitas premium dan pelayanan profesional.,https://indonesiajuara.asia/wp-content/uploads/2022/10/ijt-ebp-horizontal.webp,https://indonesiajuara.asia/sewa-kapal-labuan-bajo/vip/ilike/,indonesiajuara.asia,"Sewa Kapal Ilike IJ_VIP 3D2N 1 Guests ac, dining area, lounge, snorkeling, labuan bajo, bar, sun deck, komodo, cabin, padar, pink beach, bathroom, trekking, diving, kelor, kanawa, open trip","Sewa Ilike IJ_VIP Rp. komodo, padar, pink beach, labuan bajo, kanawa, kelor ac, dining area, lounge, snorkeling, labuan bajo, bar, sun deck, komodo, cabin, padar, pink beach, bathroom, trekking, diving, kelor, kanawa, open trip Sewa Ilike adalah kapal phinisi mewah yang menawarkan pengalaman berlayar eksklusif di Komodo Island. Dilengkapi fasilitas premium dan pelayanan profesional.",sewa ilike ijvip komodo padar pink beach labu bajo kanawa kelor ac ning area lounge snorkeling labu bajo bar sun deck komodo cabin padar pink beach bathroom trekking diving kelor kanawa open trip sewa ilike mewah tawar alam layar eksklusif komodo island lengkap fasilitas premium layan profesional
Sewa Kapal Refviero,Sewa Refviero,IJ_VIP,IDR 7.000.000,7000000,3D2N,1 Guests,"komodo, padar, pink beach, labuan bajo, kanawa, kelor","sun deck, bar, ac, bathroom, cabin, dining area, lounge","snorkeling, diving, trekking, open trip","ac, dining area, lounge, snorkeling, labuan bajo, bar, sun deck, komodo, cabin, padar, pink beach, bathroom, trekking, diving, kelor, kanawa, open trip",Sewa Refviero adalah kapal phinisi mewah yang menawarkan pengalaman berlayar eksklusif di Komodo Island. Dilengkapi fasilitas premium dan pelayanan profesional.,https://indonesiajuara.asia/wp-content/uploads/2022/10/ijt-ebp-horizontal.webp,https://indonesiajuara.asia/sewa-kapal-labuan-bajo/vip/refviero/,indonesiajuara.asia,"Sewa Kapal Refviero IJ_VIP 3D2N 1 Guests ac, dining area, lounge, snorkeling, labuan bajo, bar, sun deck, komodo, cabin, padar, pink beach, bathroom, trekking, diving, kelor, kanawa, open trip","Sewa Refviero IJ_VIP IDR 7.000.000 komodo, padar, pink beach, labuan bajo, kanawa, kelor ac, dining area, lounge, snorkeling, labuan bajo, bar, sun deck, komodo, cabin, padar, pink beach, bathroom, trekking, diving, kelor, kanawa, open trip Sewa Refviero adalah kapal phinisi mewah yang menawarkan pengalaman berlayar eksklusif di Komodo Island. Dilengkapi fasilitas premium dan pelayanan profesional.",sewa refviero ijvip komodo padar pink beach labu bajo kanawa kelor ac ning area lounge snorkeling labu bajo bar sun deck komodo cabin padar pink beach bathroom trekking diving kelor kanawa open trip sewa refviero mewah tawar alam layar eksklusif komodo island lengkap fasilitas premium layan profesional
Sewa Kapal Phinisi Kanha Loka,Sewa Kanha Loka,IJ_VIP,Rp75.000.000,75000000,3D2N,3 Guests,"komodo, padar, pink beach, labuan bajo, kanawa, kelor","bar, ac, bathroom, cabin, dining area","snorkeling, diving, trekking, open trip","ac, dining area, snorkeling, labuan bajo, bar, komodo, cabin, padar, pink beach, bathroom, trekking, diving, kelor, kanawa, open trip",Sewa Kanha Loka adalah kapal phinisi mewah yang menawarkan pengalaman berlayar eksklusif di Komodo Island. Dilengkapi fasilitas premium dan pelayanan profesional.,https://indonesiajuara.asia/wp-content/uploads/2022/10/ijt-ebp-horizontal.webp,https://indonesiajuara.asia/sewa-kapal-labuan-bajo/vip/kanha-loka-phinisi/,indonesiajuara.asia,"Sewa Kapal Phinisi Kanha Loka IJ_VIP 3D2N 3 Guests ac, dining area, snorkeling, labuan bajo, bar, komodo, cabin, padar, pink beach, bathroom, trekking, diving, kelor, kanawa, open trip","Sewa Kanha Loka IJ_VIP Rp75.000.000 komodo, padar, pink beach, labuan bajo, kanawa, kelor ac, dining area, snorkeling, labuan bajo, bar, komodo, cabin, padar, pink beach, bathroom, trekking, diving, kelor, kanawa, open trip Sewa Kanha Loka adalah kapal phinisi mewah yang menawarkan pengalaman berlayar eksklusif di Komodo Island. Dilengkapi fasilitas premium dan pelayanan profesional.",sewa kanha loka ijvip komodo padar pink beach labu bajo kanawa kelor ac ning area snorkeling labu bajo bar komodo cabin padar pink beach bathroom trekking diving kelor kanawa open trip sewa kanha loka mewah tawar alam layar eksklusif komodo island lengkap fasilitas premium layan profesional
Sewa Kapal Neptune,Sewa Neptune,IJ_VIP,IDR 180.000.000,180000000,3D2N,1 Guests,"komodo, padar, pink beach, labuan bajo, kanawa, kelor","bar, ac, bathroom, cabin, dining area, lounge, shower","snorkeling, diving, trekking, open trip","shower, ac, dining area, lounge, snorkeling, labuan bajo, bar, komodo, cabin, padar, pink beach, bathroom, trekking, diving, kelor, kanawa, open trip",Sewa Neptune adalah kapal phinisi mewah yang menawarkan pengalaman berlayar eksklusif di Komodo Island. Dilengkapi fasilitas premium dan pelayanan profesional.,https://indonesiajuara.asia/wp-content/uploads/2022/10/ijt-ebp-horizontal.webp,https://indonesiajuara.asia/sewa-kapal-labuan-bajo/vip/neptune/,indonesiajuara.asia,"Sewa Kapal Neptune IJ_VIP 3D2N 1 Guests shower, ac, dining area, lounge, snorkeling, labuan bajo, bar, komodo, cabin, padar, pink beach, bathroom, trekking, diving, kelor, kanawa, open trip","Sewa Neptune IJ_VIP IDR 180.000.000 komodo, padar, pink beach, labuan bajo, kanawa, kelor shower, ac, dining area, lounge, snorkeling, labuan bajo, bar, komodo, cabin, padar, pink beach, bathroom, trekking, diving, kelor, kanawa, open trip Sewa Neptune adalah kapal phinisi mewah yang menawarkan pengalaman berlayar eksklusif di Komodo Island. Dilengkapi fasilitas premium dan pelayanan profesional.",sewa neptune ijvip komodo padar pink beach labu bajo kanawa kelor shower ac ning area lounge snorkeling labu bajo bar komodo cabin padar pink beach bathroom trekking diving kelor kanawa open trip sewa neptune mewah tawar alam layar eksklusif komodo island lengkap fasilitas premium layan profesional
Sewa Kapal Phinisi Naturalia,Sewa Naturalia,IJ_VIP,Rp 123.500.000,123500000,3D2N,2 - 10 Guests,"komodo, padar, pink beach, labuan bajo, kanawa, kelor","jacuzzi, bar, ac, bathroom, cabin, dining area, lounge","snorkeling, diving, trekking, open trip","ac, dining area, lounge, snorkeling, labuan bajo, bar, komodo, cabin, padar, pink beach, trekking, bathroom, jacuzzi, diving, kelor, kanawa, open trip",Sewa Naturalia adalah kapal phinisi mewah yang menawarkan pengalaman berlayar eksklusif di Komodo Island. Dilengkapi fasilitas premium dan pelayanan profesional.,https://indonesiajuara.asia/wp-content/uploads/2022/10/ijt-ebp-horizontal.webp,https://indonesiajuara.asia/sewa-kapal-labuan-bajo/vip/naturalia/,indonesiajuara.asia,"Sewa Kapal Phinisi Naturalia IJ_VIP 3D2N 2 - 10 Guests ac, dining area, lounge, snorkeling, labuan bajo, bar, komodo, cabin, padar, pink beach, trekking, bathroom, jacuzzi, diving, kelor, kanawa, open trip","Sewa Naturalia IJ_VIP Rp 123.500.000 komodo, padar, pink beach, labuan bajo, kanawa, kelor ac, dining area, lounge, snorkeling, labuan bajo, bar, komodo, cabin, padar, pink beach, trekking, bathroom, jacuzzi, diving, kelor, kanawa, open trip Sewa Naturalia adalah kapal phinisi mewah yang menawarkan pengalaman berlayar eksklusif di Komodo Island. Dilengkapi fasilitas premium dan pelayanan profesional.",sewa naturalia ijvip komodo padar pink beach labu bajo kanawa kelor ac ning area lounge snorkeling labu bajo bar komodo cabin padar pink beach trekking bathroom jacuzzi diving kelor kanawa open trip sewa naturalia mewah tawar alam layar eksklusif komodo island lengkap fasilitas premium layan profesional
Maipa Deapati,Maipa Deapati,IJ_VIP,Rp 90.000.000,90000000,3D2N,1 Guests,"komodo, padar, pink beach, labuan bajo, kanawa, kelor","sun deck, bar, ac, bathroom, cabin, dining area","snorkeling, diving, trekking, open trip","ac, dining area, snorkeling, labuan bajo, bar, sun deck, komodo, cabin, padar, pink beach, bathroom, trekking, diving, kelor, kanawa, open trip",Maipa Deapati adalah kapal phinisi mewah yang menawarkan pengalaman berlayar eksklusif di Komodo Island. Dilengkapi fasilitas premium dan pelayanan profesional.,https://indonesiajuara.asia/wp-content/uploads/2022/10/ijt-ebp-horizontal.webp,https://indonesiajuara.asia/sewa-kapal-labuan-bajo/vip/maipa-deapati/,indonesiajuara.asia,"Maipa Deapati IJ_VIP 3D2N 1 Guests ac, dining area, snorkeling, labuan bajo, bar, sun deck, komodo, cabin, padar, pink beach, bathroom, trekking, diving, kelor, kanawa, open trip","Maipa Deapati IJ_VIP Rp 90.000.000 komodo, padar, pink beach, labuan bajo, kanawa, kelor ac, dining area, snorkeling, labuan bajo, bar, sun deck, komodo, cabin, padar, pink beach, bathroom, trekking, diving, kelor, kanawa, open trip Maipa Deapati adalah kapal phinisi mewah yang menawarkan pengalaman berlayar eksklusif di Komodo Island. Dilengkapi fasilitas premium dan pelayanan profesional.",maipa deapati ijvip komodo padar pink beach labu bajo kanawa kelor ac ning area snorkeling labu bajo bar sun deck komodo cabin padar pink beach bathroom trekking diving kelor kanawa open trip maipa deapati mewah tawar alam layar eksklusif komodo island lengkap fasilitas premium layan profesional
Sewa Kapal Magika,Sewa Magika,IJ_VIP,IDR 69.000.000,69000000,3D2N,3 Guests,"komodo, padar, pink beach, labuan bajo, kanawa, kelor","bar, ac, bathroom, cabin, dining area, lounge","snorkeling, diving, trekking, open trip","ac, dining area, lounge, snorkeling, labuan bajo, bar, komodo, cabin, padar, pink beach, bathroom, trekking, diving, kelor, kanawa, open trip",Sewa Magika adalah kapal phinisi mewah yang menawarkan pengalaman berlayar eksklusif di Komodo Island. Dilengkapi fasilitas premium dan pelayanan profesional.,https://indonesiajuara.asia/wp-content/uploads/2022/10/ijt-ebp-horizontal.webp,https://indonesiajuara.asia/sewa-kapal-labuan-bajo/vip/magika/,indonesiajuara.asia,"Sewa Kapal Magika IJ_VIP 3D2N 3 Guests ac, dining area, lounge, snorkeling, labuan bajo, bar, komodo, cabin, padar, pink beach, bathroom, trekking, diving, kelor, kanawa, open trip","Sewa Magika IJ_VIP IDR 69.000.000 komodo, padar, pink beach, labuan bajo, kanawa, kelor ac, dining area, lounge, snorkeling, labuan bajo, bar, komodo, cabin, padar, pink beach, bathroom, trekking, diving, kelor, kanawa, open trip Sewa Magika adalah kapal phinisi mewah yang menawarkan pengalaman berlayar eksklusif di Komodo Island. Dilengkapi fasilitas premium dan pelayanan profesional.",sewa magika ijvip komodo padar pink beach labu bajo kanawa kelor ac ning area lounge snorkeling labu bajo bar komodo cabin padar pink beach bathroom trekking diving kelor kanawa open trip sewa magika mewah tawar alam layar eksklusif komodo island lengkap fasilitas premium layan profesional
Sewa Kapal Riley,Sewa Riley,IJ_VIP,IDR 52.000.000,52000000,3D2N,1 Guests,"komodo, padar, pink beach, labuan bajo, kanawa, kelor","sun deck, jacuzzi, bar, ac, bathroom, cabin, lounge","snorkeling, diving, trekking, open trip","ac, lounge, snorkeling, labuan bajo, bar, sun deck, komodo, cabin, padar, pink beach, trekking, bathroom, jacuzzi, diving, kelor, kanawa, open trip",Sewa Riley adalah kapal phinisi mewah yang menawarkan pengalaman berlayar eksklusif di Komodo Island. Dilengkapi fasilitas premium dan pelayanan profesional.,https://indonesiajuara.asia/wp-content/uploads/2022/10/ijt-ebp-horizontal.webp,https://indonesiajuara.asia/sewa-kapal-labuan-bajo/vip/riley/,indonesiajuara.asia,"Sewa Kapal Riley IJ_VIP 3D2N 1 Guests ac, lounge, snorkeling, labuan bajo, bar, sun deck, komodo, cabin, padar, pink beach, trekking, bathroom, jacuzzi, diving, kelor, kanawa, open trip","Sewa Riley IJ_VIP IDR 52.000.000 komodo, padar, pink beach, labuan bajo, kanawa, kelor ac, lounge, snorkeling, labuan bajo, bar, sun deck, komodo, cabin, padar, pink beach, trekking, bathroom, jacuzzi, diving, kelor, kanawa, open trip Sewa Riley adalah kapal phinisi mewah yang menawarkan pengalaman berlayar eksklusif di Komodo Island. Dilengkapi fasilitas premium dan pelayanan profesional.",sewa riley ijvip komodo padar pink beach labu bajo kanawa kelor ac lounge snorkeling labu bajo bar sun deck komodo cabin padar pink beach trekking bathroom jacuzzi diving kelor kanawa open trip sewa riley mewah tawar alam layar eksklusif komodo island lengkap fasilitas premium layan profesional
Sewa Kapal Aura Suci Liveaboard Phinisi,Sewa Aura Suci,IJ_VIP,Rp 85.000.000,85000000,3D2N,2 Guests,"komodo, padar, pink beach, labuan bajo, kanawa, kelor","bar, ac, bathroom, cabin, dining area","snorkeling, diving, trekking, open trip","ac, dining area, snorkeling, labuan bajo, bar, komodo, cabin, padar, pink beach, bathroom, trekking, diving, kelor, kanawa, open trip",Sewa Aura Suci adalah kapal phinisi mewah yang menawarkan pengalaman berlayar eksklusif di Komodo Island. Dilengkapi fasilitas premium dan pelayanan profesional.,https://indonesiajuara.asia/wp-content/uploads/2022/10/ijt-ebp-horizontal.webp,https://indonesiajuara.asia/sewa-kapal-labuan-bajo/vip/aura-suci/,indonesiajuara.asia,"Sewa Kapal Aura Suci Liveaboard Phinisi IJ_VIP 3D2N 2 Guests ac, dining area, snorkeling, labuan bajo, bar, komodo, cabin, padar, pink beach, bathroom, trekking, diving, kelor, kanawa, open trip","Sewa Aura Suci IJ_VIP Rp 85.000.000 komodo, padar, pink beach, labuan bajo, kanawa, kelor ac, dining area, snorkeling, labuan bajo, bar, komodo, cabin, padar, pink beach, bathroom, trekking, diving, kelor, kanawa, open trip Sewa Aura Suci adalah kapal phinisi mewah yang menawarkan pengalaman berlayar eksklusif di Komodo Island. Dilengkapi fasilitas premium dan pelayanan profesional.",sewa aura suci ijvip komodo padar pink beach labu bajo kanawa kelor ac ning area snorkeling labu bajo bar komodo cabin padar pink beach bathroom trekking diving kelor kanawa open trip sewa aura suci mewah tawar alam layar eksklusif komodo island lengkap fasilitas premium layan profesional
Sewa Kapal Cajoma V,Sewa Cajoma V,IJ_VIP,Rp 120.000.000,120000000,3D2N,1 Guests,"komodo, padar, pink beach, labuan bajo, kanawa, kelor","sun deck, bar, ac, bathroom, cabin, lounge","snorkeling, diving, trekking, open trip","ac, lounge, snorkeling, labuan bajo, bar, sun deck, komodo, cabin, padar, pink beach, bathroom, trekking, diving, kelor, kanawa, open trip",Sewa Cajoma V adalah kapal phinisi mewah yang menawarkan pengalaman berlayar eksklusif di Komodo Island. Dilengkapi fasilitas premium dan pelayanan profesional.,https://indonesiajuara.asia/wp-content/uploads/2022/10/ijt-ebp-horizontal.webp,https://indonesiajuara.asia/sewa-kapal-labuan-bajo/vip/cajoma-v-phinisi/,indonesiajuara.asia,"Sewa Kapal Cajoma V IJ_VIP 3D2N 1 Guests ac, lounge, snorkeling, labuan bajo, bar, sun deck, komodo, cabin, padar, pink beach, bathroom, trekking, diving, kelor, kanawa, open trip","Sewa Cajoma V IJ_VIP Rp 120.000.000 komodo, padar, pink beach, labuan bajo, kanawa, kelor ac, lounge, snorkeling, labuan bajo, bar, sun deck, komodo, cabin, padar, pink beach, bathroom, trekking, diving, kelor, kanawa, open trip Sewa Cajoma V adalah kapal phinisi mewah yang menawarkan pengalaman berlayar eksklusif di Komodo Island. Dilengkapi fasilitas premium dan pelayanan profesional.",sewa cajoma v ijvip komodo padar pink beach labu bajo kanawa kelor ac lounge snorkeling labu bajo bar sun deck komodo cabin padar pink beach bathroom trekking diving kelor kanawa open trip sewa cajoma v mewah tawar alam layar eksklusif komodo island lengkap fasilitas premium layan profesional
LAMBORAJO II,LAMBORAJO II,IJ_VIP,Rp 91.000.000,91000000,3D2N,25 Guests,"komodo, padar, pink beach, labuan bajo, kanawa, kelor","jacuzzi, bar, ac, bathroom, cabin, dining area, lounge, shower","snorkeling, diving, trekking, open trip, kayak","snorkeling, labuan bajo, cabin, pink beach, kelor, kanawa, shower, ac, lounge, komodo, padar, jacuzzi, diving, kayak, bar, trekking, dining area, bathroom, open trip",LAMBORAJO II adalah kapal phinisi mewah yang menawarkan pengalaman berlayar eksklusif di Komodo Island. Dilengkapi fasilitas premium dan pelayanan profesional.,https://indonesiajuara.asia/wp-content/uploads/2022/10/ijt-ebp-horizontal.webp,https://indonesiajuara.asia/sewa-kapal-labuan-bajo/vip/lamborajo-ii/,indonesiajuara.asia,"LAMBORAJO II IJ_VIP 3D2N 25 Guests snorkeling, labuan bajo, cabin, pink beach, kelor, kanawa, shower, ac, lounge, komodo, padar, jacuzzi, diving, kayak, bar, trekking, dining area, bathroom, open trip","LAMBORAJO II IJ_VIP Rp 91.000.000 komodo, padar, pink beach, labuan bajo, kanawa, kelor snorkeling, labuan bajo, cabin, pink beach, kelor, kanawa, shower, ac, lounge, komodo, padar, jacuzzi, diving, kayak, bar, trekking, dining area, bathroom, open trip LAMBORAJO II adalah kapal phinisi mewah yang menawarkan pengalaman berlayar eksklusif di Komodo Island. Dilengkapi fasilitas premium dan pelayanan profesional.",lamborajo ii ijvip komodo padar pink beach labu bajo kanawa kelor snorkeling labu bajo cabin pink beach kelor kanawa shower ac lounge komodo padar jacuzzi diving kayak bar trekking ning area bathroom open trip lamborajo ii mewah tawar alam layar eksklusif komodo island lengkap fasilitas premium layan profesional
Sewa Kapal Leyla,Sewa Leyla,IJ_VIP,Rp 60.000.000,60000000,3D2N,11 Guests,"komodo, padar, pink beach, labuan bajo, kanawa, kelor","sun deck, bar, ac, bathroom, cabin, dining area, lounge","snorkeling, diving, trekking, open trip","ac, dining area, lounge, snorkeling, labuan bajo, bar, sun deck, komodo, cabin, padar, pink beach, bathroom, trekking, diving, kelor, kanawa, open trip",Sewa Leyla adalah kapal phinisi mewah yang menawarkan pengalaman berlayar eksklusif di Komodo Island. Dilengkapi fasilitas premium dan pelayanan profesional.,https://indonesiajuara.asia/wp-content/uploads/2022/10/ijt-ebp-horizontal.webp,https://indonesiajuara.asia/sewa-kapal-labuan-bajo/vip/leyla/,indonesiajuara.asia,"Sewa Kapal Leyla IJ_VIP 3D2N 11 Guests ac, dining area, lounge, snorkeling, labuan bajo, bar, sun deck, komodo, cabin, padar, pink beach, bathroom, trekking, diving, kelor, kanawa, open trip","Sewa Leyla IJ_VIP Rp 60.000.000 komodo, padar, pink beach, labuan bajo, kanawa, kelor ac, dining area, lounge, snorkeling, labuan bajo, bar, sun deck, komodo, cabin, padar, pink beach, bathroom, trekking, diving, kelor, kanawa, open trip Sewa Leyla adalah kapal phinisi mewah yang menawarkan pengalaman berlayar eksklusif di Komodo Island. Dilengkapi fasilitas premium dan pelayanan profesional.",sewa leyla ijvip komodo padar pink beach labu bajo kanawa kelor ac ning area lounge snorkeling labu bajo bar sun deck komodo cabin padar pink beach bathroom trekking diving kelor kanawa open trip sewa leyla mewah tawar alam layar eksklusif komodo island lengkap fasilitas premium layan profesional
Sewa Kapal Zada Ulla,Sewa Zada Ulla,IJ_VIP,IDR 65.000.000,65000000,3D2N,1 Guests,"komodo, padar, pink beach, labuan bajo, kanawa, kelor","sun deck, bar, ac, bathroom, cabin, dining area","snorkeling, diving, trekking, open trip","ac, dining area, snorkeling, labuan bajo, bar, sun deck, komodo, cabin, padar, pink beach, bathroom, trekking, diving, kelor, kanawa, open trip",Sewa Zada Ulla adalah kapal phinisi mewah yang menawarkan pengalaman berlayar eksklusif di Komodo Island. Dilengkapi fasilitas premium dan pelayanan profesional.,https://indonesiajuara.asia/wp-content/uploads/2022/10/ijt-ebp-horizontal.webp,https://indonesiajuara.asia/sewa-kapal-labuan-bajo/vip/zada-ulla/,indonesiajuara.asia,"Sewa Kapal Zada Ulla IJ_VIP 3D2N 1 Guests ac, dining area, snorkeling, labuan bajo, bar, sun deck, komodo, cabin, padar, pink beach, bathroom, trekking, diving, kelor, kanawa, open trip","Sewa Zada Ulla IJ_VIP IDR 65.000.000 komodo, padar, pink beach, labuan bajo, kanawa, kelor ac, dining area, snorkeling, labuan bajo, bar, sun deck, komodo, cabin, padar, pink beach, bathroom, trekking, diving, kelor, kanawa, open trip Sewa Zada Ulla adalah kapal phinisi mewah yang menawarkan pengalaman berlayar eksklusif di Komodo Island. Dilengkapi fasilitas premium dan pelayanan profesional.",sewa zada ulla ijvip komodo padar pink beach labu bajo kanawa kelor ac ning area snorkeling labu bajo bar sun deck komodo cabin padar pink beach bathroom trekking diving kelor kanawa open trip sewa zada ulla mewah tawar alam layar eksklusif komodo island lengkap fasilitas premium layan profesional
Sewa Kapal Lady Grace,Sewa Lady Grace,IJ_VIP,Rp 94.000.000,94000000,3D2N,24 Guests,"komodo, padar, pink beach, labuan bajo, kanawa, kelor","sun deck, jacuzzi, bar, ac, bathroom, cabin, dining area","snorkeling, diving, trekking, open trip","ac, dining area, snorkeling, labuan bajo, bar, sun deck, komodo, cabin, padar, pink beach, trekking, bathroom, jacuzzi, diving, kelor, kanawa, open trip",Sewa Lady Grace adalah kapal phinisi mewah yang menawarkan pengalaman berlayar eksklusif di Komodo Island. Dilengkapi fasilitas premium dan pelayanan profesional.,https://indonesiajuara.asia/wp-content/uploads/2022/10/ijt-ebp-horizontal.webp,https://indonesiajuara.asia/sewa-kapal-labuan-bajo/vip/lady-grace/,indonesiajuara.asia,"Sewa Kapal Lady Grace IJ_VIP 3D2N 24 Guests ac, dining area, snorkeling, labuan bajo, bar, sun deck, komodo, cabin, padar, pink beach, trekking, bathroom, jacuzzi, diving, kelor, kanawa, open trip","Sewa Lady Grace IJ_VIP Rp 94.000.000 komodo, padar, pink beach, labuan bajo, kanawa, kelor ac, dining area, snorkeling, labuan bajo, bar, sun deck, komodo, cabin, padar, pink beach, trekking, bathroom, jacuzzi, diving, kelor, kanawa, open trip Sewa Lady Grace adalah kapal phinisi mewah yang menawarkan pengalaman berlayar eksklusif di Komodo Island. Dilengkapi fasilitas premium dan pelayanan profesional.",sewa lady grace ijvip komodo padar pink beach labu bajo kanawa kelor ac ning area snorkeling labu bajo bar sun deck komodo cabin padar pink beach trekking bathroom jacuzzi diving kelor kanawa open trip sewa lady grace mewah tawar alam layar eksklusif komodo island lengkap fasilitas premium layan profesional
Sewa Kapal Tara,Sewa Tara,IJ_VIP,Rp 80.000.000,80000000,3D2N,3 Guests,"komodo, padar, pink beach, labuan bajo, kanawa, kelor","sun deck, jacuzzi, bar, ac, bathroom, cabin, dining area, lounge","snorkeling, diving, trekking, open trip","ac, dining area, lounge, snorkeling, labuan bajo, bar, sun deck, komodo, cabin, padar, pink beach, trekking, bathroom, jacuzzi, diving, kelor, kanawa, open trip",Sewa Tara adalah kapal phinisi mewah yang menawarkan pengalaman berlayar eksklusif di Komodo Island. Dilengkapi fasilitas premium dan pelayanan profesional.,https://indonesiajuara.asia/wp-content/uploads/2022/10/ijt-ebp-horizontal.webp,https://indonesiajuara.asia/sewa-kapal-labuan-bajo/vip/tara/,indonesiajuara.asia,"Sewa Kapal Tara IJ_VIP 3D2N 3 Guests ac, dining area, lounge, snorkeling, labuan bajo, bar, sun deck, komodo, cabin, padar, pink beach, trekking, bathroom, jacuzzi, diving, kelor, kanawa, open trip","Sewa Tara IJ_VIP Rp 80.000.000 komodo, padar, pink beach, labuan bajo, kanawa, kelor ac, dining area, lounge, snorkeling, labuan bajo, bar, sun deck, komodo, cabin, padar, pink beach, trekking, bathroom, jacuzzi, diving, kelor, kanawa, open trip Sewa Tara adalah kapal phinisi mewah yang menawarkan pengalaman berlayar eksklusif di Komodo Island. Dilengkapi fasilitas premium dan pelayanan profesional.",sewa tara ijvip komodo padar pink beach labu bajo kanawa kelor ac ning area lounge snorkeling labu bajo bar sun deck komodo cabin padar pink beach trekking bathroom jacuzzi diving kelor kanawa open trip sewa tara mewah tawar alam layar eksklusif komodo island lengkap fasilitas premium layan profesional
Sewa Kapal Marea,Sewa Marea,IJ_VIP,Rp 80.000.000,80000000,3D2N,1 Guests,"komodo, padar, pink beach, labuan bajo, kanawa, kelor","bar, ac, bathroom, cabin, dining area","snorkeling, diving, trekking, open trip","ac, dining area, snorkeling, labuan bajo, bar, komodo, cabin, padar, pink beach, bathroom, trekking, diving, kelor, kanawa, open trip",Sewa Marea adalah kapal phinisi mewah yang menawarkan pengalaman berlayar eksklusif di Komodo Island. Dilengkapi fasilitas premium dan pelayanan profesional.,https://indonesiajuara.asia/wp-content/uploads/2022/10/ijt-ebp-horizontal.webp,https://indonesiajuara.asia/sewa-kapal-labuan-bajo/vip/marea/,indonesiajuara.asia,"Sewa Kapal Marea IJ_VIP 3D2N 1 Guests ac, dining area, snorkeling, labuan bajo, bar, komodo, cabin, padar, pink beach, bathroom, trekking, diving, kelor, kanawa, open trip","Sewa Marea IJ_VIP Rp 80.000.000 komodo, padar, pink beach, labuan bajo, kanawa, kelor ac, dining area, snorkeling, labuan bajo, bar, komodo, cabin, padar, pink beach, bathroom, trekking, diving, kelor, kanawa, open trip Sewa Marea adalah kapal phinisi mewah yang menawarkan pengalaman berlayar eksklusif di Komodo Island. Dilengkapi fasilitas premium dan pelayanan profesional.",sewa marea ijvip komodo padar pink beach labu bajo kanawa kelor ac ning area snorkeling labu bajo bar komodo cabin padar pink beach bathroom trekking diving kelor kanawa open trip sewa marea mewah tawar alam layar eksklusif komodo island lengkap fasilitas premium layan profesional
OCEAN PRO II,OCEAN PRO II,IJ_VIP,Rp 103.000.000,103000000,3D2N,2 Guests,"komodo, padar, pink beach, labuan bajo, kanawa, kelor","bar, ac, bathroom, cabin, dining area, kitchen","snorkeling, diving, trekking, open trip","ac, dining area, snorkeling, labuan bajo, bar, komodo, cabin, kitchen, padar, pink beach, bathroom, trekking, diving, kelor, kanawa, open trip",OCEAN PRO II adalah kapal phinisi mewah yang menawarkan pengalaman berlayar eksklusif di Komodo Island. Dilengkapi fasilitas premium dan pelayanan profesional.,https://indonesiajuara.asia/wp-content/uploads/2022/10/ijt-ebp-horizontal.webp,https://indonesiajuara.asia/sewa-kapal-labuan-bajo/vip/ocean-pro-ii/,indonesiajuara.asia,"OCEAN PRO II IJ_VIP 3D2N 2 Guests ac, dining area, snorkeling, labuan bajo, bar, komodo, cabin, kitchen, padar, pink beach, bathroom, trekking, diving, kelor, kanawa, open trip","OCEAN PRO II IJ_VIP Rp 103.000.000 komodo, padar, pink beach, labuan bajo, kanawa, kelor ac, dining area, snorkeling, labuan bajo, bar, komodo, cabin, kitchen, padar, pink beach, bathroom, trekking, diving, kelor, kanawa, open trip OCEAN PRO II adalah kapal phinisi mewah yang menawarkan pengalaman berlayar eksklusif di Komodo Island. Dilengkapi fasilitas premium dan pelayanan profesional.",ocean pro ii ijvip komodo padar pink beach labu bajo kanawa kelor ac ning area snorkeling labu bajo bar komodo cabin kitchen padar pink beach bathroom trekking diving kelor kanawa open trip ocean pro ii mewah tawar alam layar eksklusif komodo island lengkap fasilitas premium layan profesional
Sewa Kapal Lamain Voyage 1,Sewa Lamain Voyage 1,IJ_VIP,Rp 130.000.000,130000000,3D2N,16 Guests,"komodo, padar, pink beach, labuan bajo, kanawa, kelor","sun deck, jacuzzi, bar, ac, bathroom, cabin, dining area","snorkeling, diving, trekking, open trip","ac, dining area, snorkeling, labuan bajo, bar, sun deck, komodo, cabin, padar, pink beach, trekking, bathroom, jacuzzi, diving, kelor, kanawa, open trip",Sewa Lamain Voyage 1 adalah kapal phinisi mewah yang menawarkan pengalaman berlayar eksklusif di Komodo Island. Dilengkapi fasilitas premium dan pelayanan profesional.,https://indonesiajuara.asia/wp-content/uploads/2022/10/ijt-ebp-horizontal.webp,https://indonesiajuara.asia/sewa-kapal-labuan-bajo/vip/lamain-cruise-voyage-1/,indonesiajuara.asia,"Sewa Kapal Lamain Voyage 1 IJ_VIP 3D2N 16 Guests ac, dining area, snorkeling, labuan bajo, bar, sun deck, komodo, cabin, padar, pink beach, trekking, bathroom, jacuzzi, diving, kelor, kanawa, open trip","Sewa Lamain Voyage 1 IJ_VIP Rp 130.000.000 komodo, padar, pink beach, labuan bajo, kanawa, kelor ac, dining area, snorkeling, labuan bajo, bar, sun deck, komodo, cabin, padar, pink beach, trekking, bathroom, jacuzzi, diving, kelor, kanawa, open trip Sewa Lamain Voyage 1 adalah kapal phinisi mewah yang menawarkan pengalaman berlayar eksklusif di Komodo Island. Dilengkapi fasilitas premium dan pelayanan profesional.",sewa lamain voyage ijvip komodo padar pink beach labu bajo kanawa kelor ac ning area snorkeling labu bajo bar sun deck komodo cabin padar pink beach trekking bathroom jacuzzi diving kelor kanawa open trip sewa lamain voyage mewah tawar alam layar eksklusif komodo island lengkap fasilitas premium layan profesional
Supraba,Supraba,IJ_VIP,Rp.,0,3D2N,12 Guests,"komodo, padar, pink beach, labuan bajo, kanawa, kelor","sun deck, bar, ac, bathroom, cabin, dining area, shower","snorkeling, diving, trekking, open trip","shower, ac, dining area, snorkeling, labuan bajo, bar, sun deck, komodo, cabin, padar, pink beach, bathroom, trekking, diving, kelor, kanawa, open trip",Supraba adalah kapal phinisi mewah yang menawarkan pengalaman berlayar eksklusif di Komodo Island. Dilengkapi fasilitas premium dan pelayanan profesional.,https://indonesiajuara.asia/wp-content/uploads/2022/10/ijt-ebp-horizontal.webp,https://indonesiajuara.asia/sewa-kapal-labuan-bajo/vip/supraba-phinisi/,indonesiajuara.asia,"Supraba IJ_VIP 3D2N 12 Guests shower, ac, dining area, snorkeling, labuan bajo, bar, sun deck, komodo, cabin, padar, pink beach, bathroom, trekking, diving, kelor, kanawa, open trip","Supraba IJ_VIP Rp. komodo, padar, pink beach, labuan bajo, kanawa, kelor shower, ac, dining area, snorkeling, labuan bajo, bar, sun deck, komodo, cabin, padar, pink beach, bathroom, trekking, diving, kelor, kanawa, open trip Supraba adalah kapal phinisi mewah yang menawarkan pengalaman berlayar eksklusif di Komodo Island. Dilengkapi fasilitas premium dan pelayanan profesional.",supraba ijvip komodo padar pink beach labu bajo kanawa kelor shower ac ning area snorkeling labu bajo bar sun deck komodo cabin padar pink beach bathroom trekking diving kelor kanawa open trip supraba mewah tawar alam layar eksklusif komodo island lengkap fasilitas premium layan profesional
Sewa Kapal Augustine Phinisi,Sewa Augustine,IJ_VIP,Rp 59.500.000,59500000,3D2N,12 Guests,"komodo, padar, pink beach, labuan bajo, kanawa, kelor","jacuzzi, bar, ac, bathroom, cabin, lounge","snorkeling, diving, trekking, open trip, kayak","ac, lounge, snorkeling, kayak, labuan bajo, bar, komodo, cabin, padar, pink beach, trekking, bathroom, jacuzzi, diving, kelor, kanawa, open trip",Sewa Augustine adalah kapal phinisi mewah yang menawarkan pengalaman berlayar eksklusif di Komodo Island. Dilengkapi fasilitas premium dan pelayanan profesional.,https://indonesiajuara.asia/wp-content/uploads/2022/10/ijt-ebp-horizontal.webp,https://indonesiajuara.asia/sewa-kapal-labuan-bajo/vip/augustine-phinisi/,indonesiajuara.asia,"Sewa Kapal Augustine Phinisi IJ_VIP 3D2N 12 Guests ac, lounge, snorkeling, kayak, labuan bajo, bar, komodo, cabin, padar, pink beach, trekking, bathroom, jacuzzi, diving, kelor, kanawa, open trip","Sewa Augustine IJ_VIP Rp 59.500.000 komodo, padar, pink beach, labuan bajo, kanawa, kelor ac, lounge, snorkeling, kayak, labuan bajo, bar, komodo, cabin, padar, pink beach, trekking, bathroom, jacuzzi, diving, kelor, kanawa, open trip Sewa Augustine adalah kapal phinisi mewah yang menawarkan pengalaman berlayar eksklusif di Komodo Island. Dilengkapi fasilitas premium dan pelayanan profesional.",sewa augustine ijvip komodo padar pink beach labu bajo kanawa kelor ac lounge snorkeling kayak labu bajo bar komodo cabin padar pink beach trekking bathroom jacuzzi diving kelor kanawa open trip sewa augustine mewah tawar alam layar eksklusif komodo island lengkap fasilitas premium layan profesional
Sewa Kapal Pinta Phinisi,Sewa Pinta,IJ_VIP,IDR 2.100.000,2100000,3D2N,2 - 10 Guests,"komodo, padar, pink beach, labuan bajo, kanawa, kelor","wifi, sun deck, jacuzzi, bar, ac, bathroom, cabin, dining area","snorkeling, diving, trekking, open trip","ac, dining area, snorkeling, labuan bajo, bar, sun deck, komodo, cabin, padar, pink beach, trekking, bathroom, jacuzzi, wifi, diving, kelor, kanawa, open trip",Sewa Pinta adalah kapal phinisi mewah yang menawarkan pengalaman berlayar eksklusif di Komodo Island. Dilengkapi fasilitas premium dan pelayanan profesional.,https://indonesiajuara.asia/wp-content/uploads/2022/10/ijt-ebp-horizontal.webp,https://indonesiajuara.asia/sewa-kapal-labuan-bajo/vip/pinta-phinisi/,indonesiajuara.asia,"Sewa Kapal Pinta Phinisi IJ_VIP 3D2N 2 - 10 Guests ac, dining area, snorkeling, labuan bajo, bar, sun deck, komodo, cabin, padar, pink beach, trekking, bathroom, jacuzzi, wifi, diving, kelor, kanawa, open trip","Sewa Pinta IJ_VIP IDR 2.100.000 komodo, padar, pink beach, labuan bajo, kanawa, kelor ac, dining area, snorkeling, labuan bajo, bar, sun deck, komodo, cabin, padar, pink beach, trekking, bathroom, jacuzzi, wifi, diving, kelor, kanawa, open trip Sewa Pinta adalah kapal phinisi mewah yang menawarkan pengalaman berlayar eksklusif di Komodo Island. Dilengkapi fasilitas premium dan pelayanan profesional.",sewa pinta ijvip komodo padar pink beach labu bajo kanawa kelor ac ning area snorkeling labu bajo bar sun deck komodo cabin padar pink beach trekking bathroom jacuzzi wifi diving kelor kanawa open trip sewa pinta mewah tawar alam layar eksklusif komodo island lengkap fasilitas premium layan profesional
Sewa Kapal Navila,Sewa Navila,IJ_VIP,Rp 85.000.000,85000000,3D2N,12 Guests,"komodo, padar, pink beach, labuan bajo, kanawa, kelor","jacuzzi, bar, ac, bathroom, cabin, dining area","snorkeling, diving, trekking, open trip","ac, dining area, snorkeling, labuan bajo, bar, komodo, cabin, padar, pink beach, trekking, bathroom, jacuzzi, diving, kelor, kanawa, open trip",Sewa Navila adalah kapal phinisi mewah yang menawarkan pengalaman berlayar eksklusif di Komodo Island. Dilengkapi fasilitas premium dan pelayanan profesional.,https://indonesiajuara.asia/wp-content/uploads/2022/10/ijt-ebp-horizontal.webp,https://indonesiajuara.asia/sewa-kapal-labuan-bajo/vip/navila/,indonesiajuara.asia,"Sewa Kapal Navila IJ_VIP 3D2N 12 Guests ac, dining area, snorkeling, labuan bajo, bar, komodo, cabin, padar, pink beach, trekking, bathroom, jacuzzi, diving, kelor, kanawa, open trip","Sewa Navila IJ_VIP Rp 85.000.000 komodo, padar, pink beach, labuan bajo, kanawa, kelor ac, dining area, snorkeling, labuan bajo, bar, komodo, cabin, padar, pink beach, trekking, bathroom, jacuzzi, diving, kelor, kanawa, open trip Sewa Navila adalah kapal phinisi mewah yang menawarkan pengalaman berlayar eksklusif di Komodo Island. Dilengkapi fasilitas premium dan pelayanan profesional.",sewa navila ijvip komodo padar pink beach labu bajo kanawa kelor ac ning area snorkeling labu bajo bar komodo cabin padar pink beach trekking bathroom jacuzzi diving kelor kanawa open trip sewa navila mewah tawar alam layar eksklusif komodo island lengkap fasilitas premium layan profesional
Sewa Kapal Elysian Phinisi,Sewa Elysian,IJ_VIP,Rp 64.500.000,64500000,3D2N,1 Guests,"komodo, padar, pink beach, labuan bajo, kanawa, kelor","sun deck, bar, ac, bathroom, cabin","snorkeling, diving, trekking, open trip","ac, snorkeling, labuan bajo, bar, sun deck, komodo, cabin, padar, pink beach, bathroom, trekking, diving, kelor, kanawa, open trip",Sewa Elysian adalah kapal phinisi mewah yang menawarkan pengalaman berlayar eksklusif di Komodo Island. Dilengkapi fasilitas premium dan pelayanan profesional.,https://indonesiajuara.asia/wp-content/uploads/2022/10/ijt-ebp-horizontal.webp,https://indonesiajuara.asia/sewa-kapal-labuan-bajo/vip/elysian-phinisi/,indonesiajuara.asia,"Sewa Kapal Elysian Phinisi IJ_VIP 3D2N 1 Guests ac, snorkeling, labuan bajo, bar, sun deck, komodo, cabin, padar, pink beach, bathroom, trekking, diving, kelor, kanawa, open trip","Sewa Elysian IJ_VIP Rp 64.500.000 komodo, padar, pink beach, labuan bajo, kanawa, kelor ac, snorkeling, labuan bajo, bar, sun deck, komodo, cabin, padar, pink beach, bathroom, trekking, diving, kelor, kanawa, open trip Sewa Elysian adalah kapal phinisi mewah yang menawarkan pengalaman berlayar eksklusif di Komodo Island. Dilengkapi fasilitas premium dan pelayanan profesional.",sewa elysian ijvip komodo padar pink beach labu bajo kanawa kelor ac snorkeling labu bajo bar sun deck komodo cabin padar pink beach bathroom trekking diving kelor kanawa open trip sewa elysian mewah tawar alam layar eksklusif komodo island lengkap fasilitas premium layan profesional
Sewa Kapal Adishree Phinisi,Sewa Adishree,IJ_VIP,Rp 83.100.000,83100000,3D2N,1 Guests,"komodo, padar, pink beach, labuan bajo, kanawa, kelor","bar, ac, bathroom, cabin, dining area, lounge","snorkeling, diving, trekking, open trip, kayak","ac, dining area, lounge, snorkeling, kayak, labuan bajo, bar, komodo, cabin, padar, pink beach, bathroom, trekking, diving, kelor, kanawa, open trip",Sewa Adishree adalah kapal phinisi mewah yang menawarkan pengalaman berlayar eksklusif di Komodo Island. Dilengkapi fasilitas premium dan pelayanan profesional.,https://indonesiajuara.asia/wp-content/uploads/2022/10/ijt-ebp-horizontal.webp,https://indonesiajuara.asia/sewa-kapal-labuan-bajo/vip/adishree-phinisi/,indonesiajuara.asia,"Sewa Kapal Adishree Phinisi IJ_VIP 3D2N 1 Guests ac, dining area, lounge, snorkeling, kayak, labuan bajo, bar, komodo, cabin, padar, pink beach, bathroom, trekking, diving, kelor, kanawa, open trip","Sewa Adishree IJ_VIP Rp 83.100.000 komodo, padar, pink beach, labuan bajo, kanawa, kelor ac, dining area, lounge, snorkeling, kayak, labuan bajo, bar, komodo, cabin, padar, pink beach, bathroom, trekking, diving, kelor, kanawa, open trip Sewa Adishree adalah kapal phinisi mewah yang menawarkan pengalaman berlayar eksklusif di Komodo Island. Dilengkapi fasilitas premium dan pelayanan profesional.",sewa adishree ijvip komodo padar pink beach labu bajo kanawa kelor ac ning area lounge snorkeling kayak labu bajo bar komodo cabin padar pink beach bathroom trekking diving kelor kanawa open trip sewa adishree mewah tawar alam layar eksklusif komodo island lengkap fasilitas premium layan profesional
Sewa Kapal Panrita,Sewa Panrita,IJ_VIP,Rp 112.000.000,112000000,3D2N,2 - 10 Guests,"komodo, padar, pink beach, labuan bajo, kanawa, kelor","bar, ac, bathroom, cabin, dining area","snorkeling, diving, trekking, open trip","ac, dining area, snorkeling, labuan bajo, bar, komodo, cabin, padar, pink beach, bathroom, trekking, diving, kelor, kanawa, open trip",Sewa Panrita adalah kapal phinisi mewah yang menawarkan pengalaman berlayar eksklusif di Komodo Island. Dilengkapi fasilitas premium dan pelayanan profesional.,https://indonesiajuara.asia/wp-content/uploads/2022/10/ijt-ebp-horizontal.webp,https://indonesiajuara.asia/sewa-kapal-labuan-bajo/vip/panrita/,indonesiajuara.asia,"Sewa Kapal Panrita IJ_VIP 3D2N 2 - 10 Guests ac, dining area, snorkeling, labuan bajo, bar, komodo, cabin, padar, pink beach, bathroom, trekking, diving, kelor, kanawa, open trip","Sewa Panrita IJ_VIP Rp 112.000.000 komodo, padar, pink beach, labuan bajo, kanawa, kelor ac, dining area, snorkeling, labuan bajo, bar, komodo, cabin, padar, pink beach, bathroom, trekking, diving, kelor, kanawa, open trip Sewa Panrita adalah kapal phinisi mewah yang menawarkan pengalaman berlayar eksklusif di Komodo Island. Dilengkapi fasilitas premium dan pelayanan profesional.",sewa panrita ijvip komodo padar pink beach labu bajo kanawa kelor ac ning area snorkeling labu bajo bar komodo cabin padar pink beach bathroom trekking diving kelor kanawa open trip sewa panrita mewah tawar alam layar eksklusif komodo island lengkap fasilitas premium layan profesional
Samara I Cruise,Samara I Cruise,IJ_VIP,Rp.,0,3D2N,1 Guests,"komodo, padar, pink beach, labuan bajo, kanawa, kelor","bar, ac, bathroom, cabin, dining area, lounge","snorkeling, diving, trekking, open trip","ac, dining area, lounge, snorkeling, labuan bajo, bar, komodo, cabin, padar, pink beach, bathroom, trekking, diving, kelor, kanawa, open trip",Samara I Cruise adalah kapal phinisi mewah yang menawarkan pengalaman berlayar eksklusif di Komodo Island. Dilengkapi fasilitas premium dan pelayanan profesional.,https://indonesiajuara.asia/wp-content/uploads/2022/10/ijt-ebp-horizontal.webp,https://indonesiajuara.asia/sewa-kapal-labuan-bajo/vip/samara-1/,indonesiajuara.asia,"Samara I Cruise IJ_VIP 3D2N 1 Guests ac, dining area, lounge, snorkeling, labuan bajo, bar, komodo, cabin, padar, pink beach, bathroom, trekking, diving, kelor, kanawa, open trip","Samara I Cruise IJ_VIP Rp. komodo, padar, pink beach, labuan bajo, kanawa, kelor ac, dining area, lounge, snorkeling, labuan bajo, bar, komodo, cabin, padar, pink beach, bathroom, trekking, diving, kelor, kanawa, open trip Samara I Cruise adalah kapal phinisi mewah yang menawarkan pengalaman berlayar eksklusif di Komodo Island. Dilengkapi fasilitas premium dan pelayanan profesional.",samara i cruise ijvip komodo padar pink beach labu bajo kanawa kelor ac ning area lounge snorkeling labu bajo bar komodo cabin padar pink beach bathroom trekking diving kelor kanawa open trip samara i cruise mewah tawar alam layar eksklusif komodo island lengkap fasilitas premium layan profesional
Sewa Kapal Princes Nabila,Sewa Princes Nabila,IJ_VIP,Rp 60.000.000,60000000,3D2N,1 Guests,"komodo, padar, pink beach, labuan bajo, kanawa, kelor","wifi, restaurant, bar, ac, bathroom, cabin","snorkeling, diving, trekking, open trip","ac, snorkeling, labuan bajo, bar, restaurant, komodo, cabin, padar, pink beach, bathroom, trekking, wifi, diving, kelor, kanawa, open trip",Sewa Princes Nabila adalah kapal phinisi mewah yang menawarkan pengalaman berlayar eksklusif di Komodo Island. Dilengkapi fasilitas premium dan pelayanan profesional.,https://indonesiajuara.asia/wp-content/uploads/2022/10/ijt-ebp-horizontal.webp,https://indonesiajuara.asia/sewa-kapal-labuan-bajo/vip/princes-nabila/,indonesiajuara.asia,"Sewa Kapal Princes Nabila IJ_VIP 3D2N 1 Guests ac, snorkeling, labuan bajo, bar, restaurant, komodo, cabin, padar, pink beach, bathroom, trekking, wifi, diving, kelor, kanawa, open trip","Sewa Princes Nabila IJ_VIP Rp 60.000.000 komodo, padar, pink beach, labuan bajo, kanawa, kelor ac, snorkeling, labuan bajo, bar, restaurant, komodo, cabin, padar, pink beach, bathroom, trekking, wifi, diving, kelor, kanawa, open trip Sewa Princes Nabila adalah kapal phinisi mewah yang menawarkan pengalaman berlayar eksklusif di Komodo Island. Dilengkapi fasilitas premium dan pelayanan profesional.",sewa princes nabila ijvip komodo padar pink beach labu bajo kanawa kelor ac snorkeling labu bajo bar restaurant komodo cabin padar pink beach bathroom trekking wifi diving kelor kanawa open trip sewa princes nabila mewah tawar alam layar eksklusif komodo island lengkap fasilitas premium layan profesional
Sewa Kapal Thalassa 2,Sewa Thalassa 2,IJ_VIP,IDR 89.000.000,89000000,3D2N,27 Guests,"komodo, padar, pink beach, labuan bajo, kanawa, kelor","sun deck, bar, ac, bathroom, cabin, dining area","snorkeling, diving, trekking, open trip","ac, dining area, snorkeling, labuan bajo, bar, sun deck, komodo, cabin, padar, pink beach, bathroom, trekking, diving, kelor, kanawa, open trip",Sewa Thalassa 2 adalah kapal phinisi mewah yang menawarkan pengalaman berlayar eksklusif di Komodo Island. Dilengkapi fasilitas premium dan pelayanan profesional.,https://indonesiajuara.asia/wp-content/uploads/2022/10/ijt-ebp-horizontal.webp,https://indonesiajuara.asia/sewa-kapal-labuan-bajo/vip/thalassa-2/,indonesiajuara.asia,"Sewa Kapal Thalassa 2 IJ_VIP 3D2N 27 Guests ac, dining area, snorkeling, labuan bajo, bar, sun deck, komodo, cabin, padar, pink beach, bathroom, trekking, diving, kelor, kanawa, open trip","Sewa Thalassa 2 IJ_VIP IDR 89.000.000 komodo, padar, pink beach, labuan bajo, kanawa, kelor ac, dining area, snorkeling, labuan bajo, bar, sun deck, komodo, cabin, padar, pink beach, bathroom, trekking, diving, kelor, kanawa, open trip Sewa Thalassa 2 adalah kapal phinisi mewah yang menawarkan pengalaman berlayar eksklusif di Komodo Island. Dilengkapi fasilitas premium dan pelayanan profesional.",sewa thalassa ijvip komodo padar pink beach labu bajo kanawa kelor ac ning area snorkeling labu bajo bar sun deck komodo cabin padar pink beach bathroom trekking diving kelor kanawa open trip sewa thalassa mewah tawar alam layar eksklusif komodo island lengkap fasilitas premium layan profesional
Sewa Kapal Kimochi,Sewa Kimochi,IJ_VIP,Rp 20.000.000,20000000,3D2N,2 - 10 Guests,"komodo, padar, pink beach, labuan bajo, kanawa, kelor","bar, ac, bathroom, dining area","snorkeling, diving, trekking, open trip","ac, dining area, snorkeling, labuan bajo, bar, komodo, padar, pink beach, bathroom, trekking, diving, kelor, kanawa, open trip",Sewa Kimochi adalah kapal phinisi mewah yang menawarkan pengalaman berlayar eksklusif di Komodo Island. Dilengkapi fasilitas premium dan pelayanan profesional.,https://indonesiajuara.asia/wp-content/uploads/2022/10/ijt-ebp-horizontal.webp,https://indonesiajuara.asia/sewa-kapal-labuan-bajo/vip/kimochi/,indonesiajuara.asia,"Sewa Kapal Kimochi IJ_VIP 3D2N 2 - 10 Guests ac, dining area, snorkeling, labuan bajo, bar, komodo, padar, pink beach, bathroom, trekking, diving, kelor, kanawa, open trip","Sewa Kimochi IJ_VIP Rp 20.000.000 komodo, padar, pink beach, labuan bajo, kanawa, kelor ac, dining area, snorkeling, labuan bajo, bar, komodo, padar, pink beach, bathroom, trekking, diving, kelor, kanawa, open trip Sewa Kimochi adalah kapal phinisi mewah yang menawarkan pengalaman berlayar eksklusif di Komodo Island. Dilengkapi fasilitas premium dan pelayanan profesional.",sewa kimochi ijvip komodo padar pink beach labu bajo kanawa kelor ac ning area snorkeling labu bajo bar komodo padar pink beach bathroom trekking diving kelor kanawa open trip sewa kimochi mewah tawar alam layar eksklusif komodo island lengkap fasilitas premium layan profesional
Sewa Kapal Soe Besar Vanrei,Sewa Soe Besar Vanrei,IJ_VIP,IDR 85.000.000,85000000,3D2N,1 Guests,"komodo, padar, pink beach, labuan bajo, kanawa, kelor","jacuzzi, bar, ac, bathroom, cabin, dining area, lounge","snorkeling, diving, trekking, open trip","ac, dining area, lounge, snorkeling, labuan bajo, bar, komodo, cabin, padar, pink beach, trekking, bathroom, jacuzzi, diving, kelor, kanawa, open trip",Sewa Soe Besar Vanrei adalah kapal phinisi mewah yang menawarkan pengalaman berlayar eksklusif di Komodo Island. Dilengkapi fasilitas premium dan pelayanan profesional.,https://indonesiajuara.asia/wp-content/uploads/2022/10/ijt-ebp-horizontal.webp,https://indonesiajuara.asia/sewa-kapal-labuan-bajo/vip/soe-besar-vanrei/,indonesiajuara.asia,"Sewa Kapal Soe Besar Vanrei IJ_VIP 3D2N 1 Guests ac, dining area, lounge, snorkeling, labuan bajo, bar, komodo, cabin, padar, pink beach, trekking, bathroom, jacuzzi, diving, kelor, kanawa, open trip","Sewa Soe Besar Vanrei IJ_VIP IDR 85.000.000 komodo, padar, pink beach, labuan bajo, kanawa, kelor ac, dining area, lounge, snorkeling, labuan bajo, bar, komodo, cabin, padar, pink beach, trekking, bathroom, jacuzzi, diving, kelor, kanawa, open trip Sewa Soe Besar Vanrei adalah kapal phinisi mewah yang menawarkan pengalaman berlayar eksklusif di Komodo Island. Dilengkapi fasilitas premium dan pelayanan profesional.",sewa soe besar vanrei ijvip komodo padar pink beach labu bajo kanawa kelor ac ning area lounge snorkeling labu bajo bar komodo cabin padar pink beach trekking bathroom jacuzzi diving kelor kanawa open trip sewa soe besar vanrei mewah tawar alam layar eksklusif komodo island lengkap fasilitas premium layan profesional
Sewa Kapal Budi Utama Cruise Phinisi,Sewa Budi Utama Cruise,IJ_VIP,Rp66.250.000,66250000,3D2N,1 Guests,"komodo, padar, pink beach, labuan bajo, kanawa, kelor","bar, ac, bathroom, cabin","snorkeling, diving, trekking, open trip","ac, snorkeling, labuan bajo, bar, komodo, cabin, padar, pink beach, bathroom, trekking, diving, kelor, kanawa, open trip",Sewa Budi Utama Cruise adalah kapal phinisi mewah yang menawarkan pengalaman berlayar eksklusif di Komodo Island. Dilengkapi fasilitas premium dan pelayanan profesional.,https://indonesiajuara.asia/wp-content/uploads/2022/10/ijt-ebp-horizontal.webp,https://indonesiajuara.asia/sewa-kapal-labuan-bajo/vip/budi-utama-phinisi/,indonesiajuara.asia,"Sewa Kapal Budi Utama Cruise Phinisi IJ_VIP 3D2N 1 Guests ac, snorkeling, labuan bajo, bar, komodo, cabin, padar, pink beach, bathroom, trekking, diving, kelor, kanawa, open trip","Sewa Budi Utama Cruise IJ_VIP Rp66.250.000 komodo, padar, pink beach, labuan bajo, kanawa, kelor ac, snorkeling, labuan bajo, bar, komodo, cabin, padar, pink beach, bathroom, trekking, diving, kelor, kanawa, open trip Sewa Budi Utama Cruise adalah kapal phinisi mewah yang menawarkan pengalaman berlayar eksklusif di Komodo Island. Dilengkapi fasilitas premium dan pelayanan profesional.",sewa budi utama cruise ijvip komodo padar pink beach labu bajo kanawa kelor ac snorkeling labu bajo bar komodo cabin padar pink beach bathroom trekking diving kelor kanawa open trip sewa budi utama cruise mewah tawar alam layar eksklusif komodo island lengkap fasilitas premium layan profesional
Sewa Kapal Thalassa 1,Sewa Thalassa 1,IJ_VIP,IDR 49.750.000,49750000,3D2N,11 Guests,"komodo, padar, pink beach, labuan bajo, kanawa, kelor","sun deck, bar, ac, bathroom, cabin, dining area","snorkeling, diving, trekking, open trip, kayak","ac, dining area, snorkeling, kayak, labuan bajo, bar, sun deck, komodo, cabin, padar, pink beach, bathroom, trekking, diving, kelor, kanawa, open trip",Sewa Thalassa 1 adalah kapal phinisi mewah yang menawarkan pengalaman berlayar eksklusif di Komodo Island. Dilengkapi fasilitas premium dan pelayanan profesional.,https://indonesiajuara.asia/wp-content/uploads/2022/10/ijt-ebp-horizontal.webp,https://indonesiajuara.asia/sewa-kapal-labuan-bajo/vip/thalassa-1/,indonesiajuara.asia,"Sewa Kapal Thalassa 1 IJ_VIP 3D2N 11 Guests ac, dining area, snorkeling, kayak, labuan bajo, bar, sun deck, komodo, cabin, padar, pink beach, bathroom, trekking, diving, kelor, kanawa, open trip","Sewa Thalassa 1 IJ_VIP IDR 49.750.000 komodo, padar, pink beach, labuan bajo, kanawa, kelor ac, dining area, snorkeling, kayak, labuan bajo, bar, sun deck, komodo, cabin, padar, pink beach, bathroom, trekking, diving, kelor, kanawa, open trip Sewa Thalassa 1 adalah kapal phinisi mewah yang menawarkan pengalaman berlayar eksklusif di Komodo Island. Dilengkapi fasilitas premium dan pelayanan profesional.",sewa thalassa ijvip komodo padar pink beach labu bajo kanawa kelor ac ning area snorkeling kayak labu bajo bar sun deck komodo cabin padar pink beach bathroom trekking diving kelor kanawa open trip sewa thalassa mewah tawar alam layar eksklusif komodo island lengkap fasilitas premium layan profesional
Sewa Kapal Ayvara Cruises,Sewa Ayvara Cruises,IJ_VIP,IDR 92.000.000,92000000,3D2N,2 - 10 Guests,"komodo, padar, pink beach, labuan bajo, kanawa, kelor","bar, ac, bathroom, cabin, dining area, lounge","snorkeling, diving, trekking, open trip","ac, dining area, lounge, snorkeling, labuan bajo, bar, komodo, cabin, padar, pink beach, bathroom, trekking, diving, kelor, kanawa, open trip",Sewa Ayvara Cruises adalah kapal phinisi mewah yang menawarkan pengalaman berlayar eksklusif di Komodo Island. Dilengkapi fasilitas premium dan pelayanan profesional.,https://indonesiajuara.asia/wp-content/uploads/2022/10/ijt-ebp-horizontal.webp,https://indonesiajuara.asia/sewa-kapal-labuan-bajo/vip/ayvara/,indonesiajuara.asia,"Sewa Kapal Ayvara Cruises IJ_VIP 3D2N 2 - 10 Guests ac, dining area, lounge, snorkeling, labuan bajo, bar, komodo, cabin, padar, pink beach, bathroom, trekking, diving, kelor, kanawa, open trip","Sewa Ayvara Cruises IJ_VIP IDR 92.000.000 komodo, padar, pink beach, labuan bajo, kanawa, kelor ac, dining area, lounge, snorkeling, labuan bajo, bar, komodo, cabin, padar, pink beach, bathroom, trekking, diving, kelor, kanawa, open trip Sewa Ayvara Cruises adalah kapal phinisi mewah yang menawarkan pengalaman berlayar eksklusif di Komodo Island. Dilengkapi fasilitas premium dan pelayanan profesional.",sewa ayvara cruises ijvip komodo padar pink beach labu bajo kanawa kelor ac ning area lounge snorkeling labu bajo bar komodo cabin padar pink beach bathroom trekking diving kelor kanawa open trip sewa ayvara cruises mewah tawar alam layar eksklusif komodo island lengkap fasilitas premium layan profesional
Kanthaka,Kanthaka,IJ_VIP,Rp 84.000.000,84000000,3D2N,2 Guests,"komodo, padar, pink beach, labuan bajo, kanawa, kelor","bar, ac, bathroom, cabin, lounge","snorkeling, diving, trekking, open trip, kayak","ac, lounge, snorkeling, kayak, labuan bajo, bar, komodo, cabin, padar, pink beach, bathroom, trekking, diving, kelor, kanawa, open trip",Kanthaka adalah kapal phinisi mewah yang menawarkan pengalaman berlayar eksklusif di Komodo Island. Dilengkapi fasilitas premium dan pelayanan profesional.,https://indonesiajuara.asia/wp-content/uploads/2022/10/ijt-ebp-horizontal.webp,https://indonesiajuara.asia/sewa-kapal-labuan-bajo/vip/kanthaka/,indonesiajuara.asia,"Kanthaka IJ_VIP 3D2N 2 Guests ac, lounge, snorkeling, kayak, labuan bajo, bar, komodo, cabin, padar, pink beach, bathroom, trekking, diving, kelor, kanawa, open trip","Kanthaka IJ_VIP Rp 84.000.000 komodo, padar, pink beach, labuan bajo, kanawa, kelor ac, lounge, snorkeling, kayak, labuan bajo, bar, komodo, cabin, padar, pink beach, bathroom, trekking, diving, kelor, kanawa, open trip Kanthaka adalah kapal phinisi mewah yang menawarkan pengalaman berlayar eksklusif di Komodo Island. Dilengkapi fasilitas premium dan pelayanan profesional.",kanthaka ijvip komodo padar pink beach labu bajo kanawa kelor ac lounge snorkeling kayak labu bajo bar komodo cabin padar pink beach bathroom trekking diving kelor kanawa open trip kanthaka mewah tawar alam layar eksklusif komodo island lengkap fasilitas premium layan profesional
Sewa Kapal Alore,Sewa Alore,IJ_VIP,Rp 114.000.000,114000000,3D2N,1 Guests,"komodo, padar, pink beach, labuan bajo, kanawa, kelor","sun deck, bar, ac, bathroom, cabin, dining area, lounge, shower","snorkeling, diving, trekking, open trip","shower, ac, dining area, lounge, snorkeling, labuan bajo, bar, sun deck, komodo, cabin, padar, pink beach, bathroom, trekking, diving, kelor, kanawa, open trip",Sewa Alore adalah kapal phinisi mewah yang menawarkan pengalaman berlayar eksklusif di Komodo Island. Dilengkapi fasilitas premium dan pelayanan profesional.,https://indonesiajuara.asia/wp-content/uploads/2022/10/ijt-ebp-horizontal.webp,https://indonesiajuara.asia/sewa-kapal-labuan-bajo/vip/alore/,indonesiajuara.asia,"Sewa Kapal Alore IJ_VIP 3D2N 1 Guests shower, ac, dining area, lounge, snorkeling, labuan bajo, bar, sun deck, komodo, cabin, padar, pink beach, bathroom, trekking, diving, kelor, kanawa, open trip","Sewa Alore IJ_VIP Rp 114.000.000 komodo, padar, pink beach, labuan bajo, kanawa, kelor shower, ac, dining area, lounge, snorkeling, labuan bajo, bar, sun deck, komodo, cabin, padar, pink beach, bathroom, trekking, diving, kelor, kanawa, open trip Sewa Alore adalah kapal phinisi mewah yang menawarkan pengalaman berlayar eksklusif di Komodo Island. Dilengkapi fasilitas premium dan pelayanan profesional.",sewa alore ijvip komodo padar pink beach labu bajo kanawa kelor shower ac ning area lounge snorkeling labu bajo bar sun deck komodo cabin padar pink beach bathroom trekking diving kelor kanawa open trip sewa alore mewah tawar alam layar eksklusif komodo island lengkap fasilitas premium layan profesional
Sewa Kapal Ahsana Liveaboard Phinisi,Sewa Ahsana,IJ_VIP,Rp 60.750.000,60750000,3D2N,1 Guests,"komodo, padar, pink beach, labuan bajo, kanawa, kelor","jacuzzi, bar, ac, bathroom, cabin, dining area","snorkeling, diving, trekking, private charter, open trip","ac, dining area, snorkeling, labuan bajo, bar, komodo, cabin, padar, pink beach, trekking, bathroom, private charter, jacuzzi, diving, kelor, kanawa, open trip",Sewa Ahsana adalah kapal phinisi mewah yang menawarkan pengalaman berlayar eksklusif di Komodo Island. Dilengkapi fasilitas premium dan pelayanan profesional.,https://indonesiajuara.asia/wp-content/uploads/2022/10/ijt-ebp-horizontal.webp,https://indonesiajuara.asia/sewa-kapal-labuan-bajo/vip/ahsana/,indonesiajuara.asia,"Sewa Kapal Ahsana Liveaboard Phinisi IJ_VIP 3D2N 1 Guests ac, dining area, snorkeling, labuan bajo, bar, komodo, cabin, padar, pink beach, trekking, bathroom, private charter, jacuzzi, diving, kelor, kanawa, open trip","Sewa Ahsana IJ_VIP Rp 60.750.000 komodo, padar, pink beach, labuan bajo, kanawa, kelor ac, dining area, snorkeling, labuan bajo, bar, komodo, cabin, padar, pink beach, trekking, bathroom, private charter, jacuzzi, diving, kelor, kanawa, open trip Sewa Ahsana adalah kapal phinisi mewah yang menawarkan pengalaman berlayar eksklusif di Komodo Island. Dilengkapi fasilitas premium dan pelayanan profesional.",sewa ahsana ijvip komodo padar pink beach labu bajo kanawa kelor ac ning area snorkeling labu bajo bar komodo cabin padar pink beach trekking bathroom private charter jacuzzi diving kelor kanawa open trip sewa ahsana mewah tawar alam layar eksklusif komodo island lengkap fasilitas premium layan profesional
Sewa Kapal Behike,Sewa Behike,IJ_VIP,Rp 92.000.000,92000000,3D2N,2 Guests,"komodo, padar, pink beach, labuan bajo, kanawa, kelor","jacuzzi, bar, ac, bathroom, cabin, dining area","snorkeling, diving, trekking, open trip","ac, dining area, snorkeling, labuan bajo, bar, komodo, cabin, padar, pink beach, trekking, bathroom, jacuzzi, diving, kelor, kanawa, open trip",Sewa Behike adalah kapal phinisi mewah yang menawarkan pengalaman berlayar eksklusif di Komodo Island. Dilengkapi fasilitas premium dan pelayanan profesional.,https://indonesiajuara.asia/wp-content/uploads/2022/10/ijt-ebp-horizontal.webp,https://indonesiajuara.asia/sewa-kapal-labuan-bajo/vip/behike/,indonesiajuara.asia,"Sewa Kapal Behike IJ_VIP 3D2N 2 Guests ac, dining area, snorkeling, labuan bajo, bar, komodo, cabin, padar, pink beach, trekking, bathroom, jacuzzi, diving, kelor, kanawa, open trip","Sewa Behike IJ_VIP Rp 92.000.000 komodo, padar, pink beach, labuan bajo, kanawa, kelor ac, dining area, snorkeling, labuan bajo, bar, komodo, cabin, padar, pink beach, trekking, bathroom, jacuzzi, diving, kelor, kanawa, open trip Sewa Behike adalah kapal phinisi mewah yang menawarkan pengalaman berlayar eksklusif di Komodo Island. Dilengkapi fasilitas premium dan pelayanan profesional.",sewa behike ijvip komodo padar pink beach labu bajo kanawa kelor ac ning area snorkeling labu bajo bar komodo cabin padar pink beach trekking bathroom jacuzzi diving kelor kanawa open trip sewa behike mewah tawar alam layar eksklusif komodo island lengkap fasilitas premium layan profesional
Sewa Kapal Sukha Sail,Sewa Sukha Sail,IJ_VIP,Rp 62.000.000,62000000,3D2N,20 Guests,"komodo, padar, pink beach, labuan bajo, kanawa, kelor","sun deck, bar, ac, bathroom, cabin, dining area","snorkeling, diving, trekking, open trip","ac, dining area, snorkeling, labuan bajo, bar, sun deck, komodo, cabin, padar, pink beach, bathroom, trekking, diving, kelor, kanawa, open trip",Sewa Sukha Sail adalah kapal phinisi mewah yang menawarkan pengalaman berlayar eksklusif di Komodo Island. Dilengkapi fasilitas premium dan pelayanan profesional.,https://indonesiajuara.asia/wp-content/uploads/2022/10/ijt-ebp-horizontal.webp,https://indonesiajuara.asia/sewa-kapal-labuan-bajo/vip/sukha/,indonesiajuara.asia,"Sewa Kapal Sukha Sail IJ_VIP 3D2N 20 Guests ac, dining area, snorkeling, labuan bajo, bar, sun deck, komodo, cabin, padar, pink beach, bathroom, trekking, diving, kelor, kanawa, open trip","Sewa Sukha Sail IJ_VIP Rp 62.000.000 komodo, padar, pink beach, labuan bajo, kanawa, kelor ac, dining area, snorkeling, labuan bajo, bar, sun deck, komodo, cabin, padar, pink beach, bathroom, trekking, diving, kelor, kanawa, open trip Sewa Sukha Sail adalah kapal phinisi mewah yang menawarkan pengalaman berlayar eksklusif di Komodo Island. Dilengkapi fasilitas premium dan pelayanan profesional.",sewa sukha sail ijvip komodo padar pink beach labu bajo kanawa kelor ac ning area snorkeling labu bajo bar sun deck komodo cabin padar pink beach bathroom trekking diving kelor kanawa open trip sewa sukha sail mewah tawar alam layar eksklusif komodo island lengkap fasilitas premium layan profesional
Sewa Kapal Barakati,Sewa Barakati,IJ_VIP,Rp 74.500.000,74500000,3D2N,2 - 10 Guests,"komodo, padar, pink beach, labuan bajo, kanawa, kelor","bar, ac, bathroom, cabin, dining area","snorkeling, diving, trekking, open trip","ac, dining area, snorkeling, labuan bajo, bar, komodo, cabin, padar, pink beach, bathroom, trekking, diving, kelor, kanawa, open trip",Sewa Barakati adalah kapal phinisi mewah yang menawarkan pengalaman berlayar eksklusif di Komodo Island. Dilengkapi fasilitas premium dan pelayanan profesional.,https://indonesiajuara.asia/wp-content/uploads/2022/10/ijt-ebp-horizontal.webp,https://indonesiajuara.asia/sewa-kapal-labuan-bajo/vip/barakati/,indonesiajuara.asia,"Sewa Kapal Barakati IJ_VIP 3D2N 2 - 10 Guests ac, dining area, snorkeling, labuan bajo, bar, komodo, cabin, padar, pink beach, bathroom, trekking, diving, kelor, kanawa, open trip","Sewa Barakati IJ_VIP Rp 74.500.000 komodo, padar, pink beach, labuan bajo, kanawa, kelor ac, dining area, snorkeling, labuan bajo, bar, komodo, cabin, padar, pink beach, bathroom, trekking, diving, kelor, kanawa, open trip Sewa Barakati adalah kapal phinisi mewah yang menawarkan pengalaman berlayar eksklusif di Komodo Island. Dilengkapi fasilitas premium dan pelayanan profesional.",sewa barakat ijvip komodo padar pink beach labu bajo kanawa kelor ac ning area snorkeling labu bajo bar komodo cabin padar pink beach bathroom trekking diving kelor kanawa open trip sewa barakat mewah tawar alam layar eksklusif komodo island lengkap fasilitas premium layan profesional
Sewa Kapal Cordelia Phinisi,Sewa Cordelia,IJ_VIP,Rp 77.000.000,77000000,3D2N,1 Guests,"komodo, padar, pink beach, labuan bajo, kanawa, kelor","sun deck, bar, ac, bathroom, cabin","snorkeling, diving, trekking, open trip","ac, snorkeling, labuan bajo, bar, sun deck, komodo, cabin, padar, pink beach, bathroom, trekking, diving, kelor, kanawa, open trip",Sewa Cordelia adalah kapal phinisi mewah yang menawarkan pengalaman berlayar eksklusif di Komodo Island. Dilengkapi fasilitas premium dan pelayanan profesional.,https://indonesiajuara.asia/wp-content/uploads/2022/10/ijt-ebp-horizontal.webp,https://indonesiajuara.asia/sewa-kapal-labuan-bajo/vip/cordelia-phinisi/,indonesiajuara.asia,"Sewa Kapal Cordelia Phinisi IJ_VIP 3D2N 1 Guests ac, snorkeling, labuan bajo, bar, sun deck, komodo, cabin, padar, pink beach, bathroom, trekking, diving, kelor, kanawa, open trip","Sewa Cordelia IJ_VIP Rp 77.000.000 komodo, padar, pink beach, labuan bajo, kanawa, kelor ac, snorkeling, labuan bajo, bar, sun deck, komodo, cabin, padar, pink beach, bathroom, trekking, diving, kelor, kanawa, open trip Sewa Cordelia adalah kapal phinisi mewah yang menawarkan pengalaman berlayar eksklusif di Komodo Island. Dilengkapi fasilitas premium dan pelayanan profesional.",sewa cordelia ijvip komodo padar pink beach labu bajo kanawa kelor ac snorkeling labu bajo bar sun deck komodo cabin padar pink beach bathroom trekking diving kelor kanawa open trip sewa cordelia mewah tawar alam layar eksklusif komodo island lengkap fasilitas premium layan profesional
Sewa Kapal Zada Nara,Sewa Zada Nara,IJ_VIP,IDR 120.000.000,120000000,3D2N,1 Guests,"komodo, padar, pink beach, labuan bajo, kanawa, kelor","sun deck, bar, ac, bathroom, cabin, dining area","snorkeling, diving, trekking, open trip","ac, dining area, snorkeling, labuan bajo, bar, sun deck, komodo, cabin, padar, pink beach, bathroom, trekking, diving, kelor, kanawa, open trip",Sewa Zada Nara adalah kapal phinisi mewah yang menawarkan pengalaman berlayar eksklusif di Komodo Island. Dilengkapi fasilitas premium dan pelayanan profesional.,https://indonesiajuara.asia/wp-content/uploads/2022/10/ijt-ebp-horizontal.webp,https://indonesiajuara.asia/sewa-kapal-labuan-bajo/vip/zada-nara/,indonesiajuara.asia,"Sewa Kapal Zada Nara IJ_VIP 3D2N 1 Guests ac, dining area, snorkeling, labuan bajo, bar, sun deck, komodo, cabin, padar, pink beach, bathroom, trekking, diving, kelor, kanawa, open trip","Sewa Zada Nara IJ_VIP IDR 120.000.000 komodo, padar, pink beach, labuan bajo, kanawa, kelor ac, dining area, snorkeling, labuan bajo, bar, sun deck, komodo, cabin, padar, pink beach, bathroom, trekking, diving, kelor, kanawa, open trip Sewa Zada Nara adalah kapal phinisi mewah yang menawarkan pengalaman berlayar eksklusif di Komodo Island. Dilengkapi fasilitas premium dan pelayanan profesional.",sewa zada nara ijvip komodo padar pink beach labu bajo kanawa kelor ac ning area snorkeling labu bajo bar sun deck komodo cabin padar pink beach bathroom trekking diving kelor kanawa open trip sewa zada nara mewah tawar alam layar eksklusif komodo island lengkap fasilitas premium layan profesional
Sewa Kapal Sundari Voyages,Sewa Sundari Voyages,IJ_VIP,Rp 5.650.000,5650000,3D2N,1 Guests,"komodo, padar, pink beach, labuan bajo, kanawa, kelor","bar, ac, bathroom, cabin, lounge","snorkeling, diving, trekking, open trip, kayak","ac, lounge, snorkeling, kayak, labuan bajo, bar, komodo, cabin, padar, pink beach, bathroom, trekking, diving, kelor, kanawa, open trip",Sewa Sundari Voyages adalah kapal phinisi mewah yang menawarkan pengalaman berlayar eksklusif di Komodo Island. Dilengkapi fasilitas premium dan pelayanan profesional.,https://indonesiajuara.asia/wp-content/uploads/2022/10/ijt-ebp-horizontal.webp,https://indonesiajuara.asia/sewa-kapal-labuan-bajo/vip/sundari/,indonesiajuara.asia,"Sewa Kapal Sundari Voyages IJ_VIP 3D2N 1 Guests ac, lounge, snorkeling, kayak, labuan bajo, bar, komodo, cabin, padar, pink beach, bathroom, trekking, diving, kelor, kanawa, open trip","Sewa Sundari Voyages IJ_VIP Rp 5.650.000 komodo, padar, pink beach, labuan bajo, kanawa, kelor ac, lounge, snorkeling, kayak, labuan bajo, bar, komodo, cabin, padar, pink beach, bathroom, trekking, diving, kelor, kanawa, open trip Sewa Sundari Voyages adalah kapal phinisi mewah yang menawarkan pengalaman berlayar eksklusif di Komodo Island. Dilengkapi fasilitas premium dan pelayanan profesional.",sewa sundari voyages ijvip komodo padar pink beach labu bajo kanawa kelor ac lounge snorkeling kayak labu bajo bar komodo cabin padar pink beach bathroom trekking diving kelor kanawa open trip sewa sundari voyages mewah tawar alam layar eksklusif komodo island lengkap fasilitas premium layan profesional
Sewa Kapal Raffles Phinisi,Sewa Raffles,IJ_VIP,Rp 112.000.000,112000000,3D2N,1 Guests,"komodo, padar, pink beach, labuan bajo, kanawa, kelor","jacuzzi, bar, ac, bathroom, cabin, dining area, lounge","snorkeling, diving, trekking, open trip","ac, dining area, lounge, snorkeling, labuan bajo, bar, komodo, cabin, padar, pink beach, trekking, bathroom, jacuzzi, diving, kelor, kanawa, open trip",Sewa Raffles adalah kapal phinisi mewah yang menawarkan pengalaman berlayar eksklusif di Komodo Island. Dilengkapi fasilitas premium dan pelayanan profesional.,https://indonesiajuara.asia/wp-content/uploads/2022/10/ijt-ebp-horizontal.webp,https://indonesiajuara.asia/sewa-kapal-labuan-bajo/vip/raffles/,indonesiajuara.asia,"Sewa Kapal Raffles Phinisi IJ_VIP 3D2N 1 Guests ac, dining area, lounge, snorkeling, labuan bajo, bar, komodo, cabin, padar, pink beach, trekking, bathroom, jacuzzi, diving, kelor, kanawa, open trip","Sewa Raffles IJ_VIP Rp 112.000.000 komodo, padar, pink beach, labuan bajo, kanawa, kelor ac, dining area, lounge, snorkeling, labuan bajo, bar, komodo, cabin, padar, pink beach, trekking, bathroom, jacuzzi, diving, kelor, kanawa, open trip Sewa Raffles adalah kapal phinisi mewah yang menawarkan pengalaman berlayar eksklusif di Komodo Island. Dilengkapi fasilitas premium dan pelayanan profesional.",sewa raffles ijvip komodo padar pink beach labu bajo kanawa kelor ac ning area lounge snorkeling labu bajo bar komodo cabin padar pink beach trekking bathroom jacuzzi diving kelor kanawa open trip sewa raffles mewah tawar alam layar eksklusif komodo island lengkap fasilitas premium layan profesional
Sewa Kapal Semesta,Sewa Semesta,IJ_VIP,IDR 80.000.000,80000000,3D2N,2 - 10 Guests,"komodo, padar, pink beach, labuan bajo, kanawa, kelor","jacuzzi, bar, ac, bathroom, cabin, dining area, lounge","snorkeling, diving, trekking, open trip","ac, dining area, lounge, snorkeling, labuan bajo, bar, komodo, cabin, padar, pink beach, trekking, bathroom, jacuzzi, diving, kelor, kanawa, open trip",Sewa Semesta adalah kapal phinisi mewah yang menawarkan pengalaman berlayar eksklusif di Komodo Island. Dilengkapi fasilitas premium dan pelayanan profesional.,https://indonesiajuara.asia/wp-content/uploads/2022/10/ijt-ebp-horizontal.webp,https://indonesiajuara.asia/sewa-kapal-labuan-bajo/vip/semesta/,indonesiajuara.asia,"Sewa Kapal Semesta IJ_VIP 3D2N 2 - 10 Guests ac, dining area, lounge, snorkeling, labuan bajo, bar, komodo, cabin, padar, pink beach, trekking, bathroom, jacuzzi, diving, kelor, kanawa, open trip","Sewa Semesta IJ_VIP IDR 80.000.000 komodo, padar, pink beach, labuan bajo, kanawa, kelor ac, dining area, lounge, snorkeling, labuan bajo, bar, komodo, cabin, padar, pink beach, trekking, bathroom, jacuzzi, diving, kelor, kanawa, open trip Sewa Semesta adalah kapal phinisi mewah yang menawarkan pengalaman berlayar eksklusif di Komodo Island. Dilengkapi fasilitas premium dan pelayanan profesional.",sewa semesta ijvip komodo padar pink beach labu bajo kanawa kelor ac ning area lounge snorkeling labu bajo bar komodo cabin padar pink beach trekking bathroom jacuzzi diving kelor kanawa open trip sewa semesta mewah tawar alam layar eksklusif komodo island lengkap fasilitas premium layan profesional
Sewa Kapal Ciela Phinisi,Sewa Ciela,IJ_VIP,Rp 55.740.000,55740000,3D2N,2 Guests,"komodo, padar, pink beach, labuan bajo, kanawa, kelor","bar, ac, bathroom, cabin","snorkeling, diving, trekking, open trip","ac, snorkeling, labuan bajo, bar, komodo, cabin, padar, pink beach, bathroom, trekking, diving, kelor, kanawa, open trip",Sewa Ciela adalah kapal phinisi mewah yang menawarkan pengalaman berlayar eksklusif di Komodo Island. Dilengkapi fasilitas premium dan pelayanan profesional.,https://indonesiajuara.asia/wp-content/uploads/2022/10/ijt-ebp-horizontal.webp,https://indonesiajuara.asia/sewa-kapal-labuan-bajo/vip/ciela-phinisi/,indonesiajuara.asia,"Sewa Kapal Ciela Phinisi IJ_VIP 3D2N 2 Guests ac, snorkeling, labuan bajo, bar, komodo, cabin, padar, pink beach, bathroom, trekking, diving, kelor, kanawa, open trip","Sewa Ciela IJ_VIP Rp 55.740.000 komodo, padar, pink beach, labuan bajo, kanawa, kelor ac, snorkeling, labuan bajo, bar, komodo, cabin, padar, pink beach, bathroom, trekking, diving, kelor, kanawa, open trip Sewa Ciela adalah kapal phinisi mewah yang menawarkan pengalaman berlayar eksklusif di Komodo Island. Dilengkapi fasilitas premium dan pelayanan profesional.",sewa ciela ijvip komodo padar pink beach labu bajo kanawa kelor ac snorkeling labu bajo bar komodo cabin padar pink beach bathroom trekking diving kelor kanawa open trip sewa ciela mewah tawar alam layar eksklusif komodo island lengkap fasilitas premium layan profesional
Sewa Kapal Kimochi II,Sewa Kimochi II,IJ_VIP,Rp 26.250.000,26250000,3D2N,2 - 10 Guests,"komodo, padar, pink beach, labuan bajo, kanawa, kelor","bar, ac, bathroom, dining area","snorkeling, diving, trekking, open trip","ac, dining area, snorkeling, labuan bajo, bar, komodo, padar, pink beach, bathroom, trekking, diving, kelor, kanawa, open trip",Sewa Kimochi II adalah kapal phinisi mewah yang menawarkan pengalaman berlayar eksklusif di Komodo Island. Dilengkapi fasilitas premium dan pelayanan profesional.,https://indonesiajuara.asia/wp-content/uploads/2022/10/ijt-ebp-horizontal.webp,https://indonesiajuara.asia/sewa-kapal-labuan-bajo/vip/kimochi-ii/,indonesiajuara.asia,"Sewa Kapal Kimochi II IJ_VIP 3D2N 2 - 10 Guests ac, dining area, snorkeling, labuan bajo, bar, komodo, padar, pink beach, bathroom, trekking, diving, kelor, kanawa, open trip","Sewa Kimochi II IJ_VIP Rp 26.250.000 komodo, padar, pink beach, labuan bajo, kanawa, kelor ac, dining area, snorkeling, labuan bajo, bar, komodo, padar, pink beach, bathroom, trekking, diving, kelor, kanawa, open trip Sewa Kimochi II adalah kapal phinisi mewah yang menawarkan pengalaman berlayar eksklusif di Komodo Island. Dilengkapi fasilitas premium dan pelayanan profesional.",sewa kimochi ii ijvip komodo padar pink beach labu bajo kanawa kelor ac ning area snorkeling labu bajo bar komodo padar pink beach bathroom trekking diving kelor kanawa open trip sewa kimochi ii mewah tawar alam layar eksklusif komodo island lengkap fasilitas premium layan profesional
Sewa Kapal Zada Hela,Sewa Zada Hela,IJ_VIP,IDR 50.000.000,50000000,3D2N,1 Guests,"komodo, padar, pink beach, labuan bajo, kanawa, kelor","bar, ac, bathroom, cabin, dining area","snorkeling, diving, trekking, open trip","ac, dining area, snorkeling, labuan bajo, bar, komodo, cabin, padar, pink beach, bathroom, trekking, diving, kelor, kanawa, open trip",Sewa Zada Hela adalah kapal phinisi mewah yang menawarkan pengalaman berlayar eksklusif di Komodo Island. Dilengkapi fasilitas premium dan pelayanan profesional.,https://indonesiajuara.asia/wp-content/uploads/2022/10/ijt-ebp-horizontal.webp,https://indonesiajuara.asia/sewa-kapal-labuan-bajo/vip/zada-hela/,indonesiajuara.asia,"Sewa Kapal Zada Hela IJ_VIP 3D2N 1 Guests ac, dining area, snorkeling, labuan bajo, bar, komodo, cabin, padar, pink beach, bathroom, trekking, diving, kelor, kanawa, open trip","Sewa Zada Hela IJ_VIP IDR 50.000.000 komodo, padar, pink beach, labuan bajo, kanawa, kelor ac, dining area, snorkeling, labuan bajo, bar, komodo, cabin, padar, pink beach, bathroom, trekking, diving, kelor, kanawa, open trip Sewa Zada Hela adalah kapal phinisi mewah yang menawarkan pengalaman berlayar eksklusif di Komodo Island. Dilengkapi fasilitas premium dan pelayanan profesional.",sewa zada hela ijvip komodo padar pink beach labu bajo kanawa kelor ac ning area snorkeling labu bajo bar komodo cabin padar pink beach bathroom trekking diving kelor kanawa open trip sewa zada hela mewah tawar alam layar eksklusif komodo island lengkap fasilitas premium layan profesional
Sewa Kapal Elrora,Sewa Elrora,IJ_VIP,Rp 85.000.000,85000000,3D2N,2 Guests,"komodo, padar, pink beach, labuan bajo, kanawa, kelor","sun deck, jacuzzi, bar, ac, bathroom, cabin, dining area, shower","snorkeling, diving, trekking, open trip, kayak","snorkeling, labuan bajo, sun deck, cabin, pink beach, kelor, kanawa, shower, ac, komodo, padar, jacuzzi, diving, kayak, bar, trekking, dining area, bathroom, open trip",Sewa Elrora adalah kapal phinisi mewah yang menawarkan pengalaman berlayar eksklusif di Komodo Island. Dilengkapi fasilitas premium dan pelayanan profesional.,https://indonesiajuara.asia/wp-content/uploads/2022/10/ijt-ebp-horizontal.webp,https://indonesiajuara.asia/sewa-kapal-labuan-bajo/vip/elrora/,indonesiajuara.asia,"Sewa Kapal Elrora IJ_VIP 3D2N 2 Guests snorkeling, labuan bajo, sun deck, cabin, pink beach, kelor, kanawa, shower, ac, komodo, padar, jacuzzi, diving, kayak, bar, trekking, dining area, bathroom, open trip","Sewa Elrora IJ_VIP Rp 85.000.000 komodo, padar, pink beach, labuan bajo, kanawa, kelor snorkeling, labuan bajo, sun deck, cabin, pink beach, kelor, kanawa, shower, ac, komodo, padar, jacuzzi, diving, kayak, bar, trekking, dining area, bathroom, open trip Sewa Elrora adalah kapal phinisi mewah yang menawarkan pengalaman berlayar eksklusif di Komodo Island. Dilengkapi fasilitas premium dan pelayanan profesional.",sewa elrora ijvip komodo padar pink beach labu bajo kanawa kelor snorkeling labu bajo sun deck cabin pink beach kelor kanawa shower ac komodo padar jacuzzi diving kayak bar trekking ning area bathroom open trip sewa elrora mewah tawar alam layar eksklusif komodo island lengkap fasilitas premium layan profesional
Sewa Kapal Aimar Always,Sewa Aimar Always,IJ_VIP,Rp.,0,3D2N,2 - 10 Guests,"komodo, padar, pink beach, labuan bajo, kanawa, kelor","bar, ac, bathroom, cabin, lounge","snorkeling, diving, trekking, open trip","ac, lounge, snorkeling, labuan bajo, bar, komodo, cabin, padar, pink beach, bathroom, trekking, diving, kelor, kanawa, open trip",Sewa Aimar Always adalah kapal phinisi mewah yang menawarkan pengalaman berlayar eksklusif di Komodo Island. Dilengkapi fasilitas premium dan pelayanan profesional.,https://indonesiajuara.asia/wp-content/uploads/2022/10/ijt-ebp-horizontal.webp,https://indonesiajuara.asia/sewa-kapal-labuan-bajo/vip/aimar-always/,indonesiajuara.asia,"Sewa Kapal Aimar Always IJ_VIP 3D2N 2 - 10 Guests ac, lounge, snorkeling, labuan bajo, bar, komodo, cabin, padar, pink beach, bathroom, trekking, diving, kelor, kanawa, open trip","Sewa Aimar Always IJ_VIP Rp. komodo, padar, pink beach, labuan bajo, kanawa, kelor ac, lounge, snorkeling, labuan bajo, bar, komodo, cabin, padar, pink beach, bathroom, trekking, diving, kelor, kanawa, open trip Sewa Aimar Always adalah kapal phinisi mewah yang menawarkan pengalaman berlayar eksklusif di Komodo Island. Dilengkapi fasilitas premium dan pelayanan profesional.",sewa aimar always ijvip komodo padar pink beach labu bajo kanawa kelor ac lounge snorkeling labu bajo bar komodo cabin padar pink beach bathroom trekking diving kelor kanawa open trip sewa aimar always mewah tawar alam layar eksklusif komodo island lengkap fasilitas premium layan profesional
Sewa Kapal Vinca Cruise Phinisi,Sewa Vinca Cruise,IJ_VIP,Rp 102.000.000,102000000,3D2N,1 Guests,"komodo, padar, pink beach, labuan bajo, kanawa, kelor","bar, ac, bathroom, cabin, dining area","snorkeling, diving, trekking, open trip","ac, dining area, snorkeling, labuan bajo, bar, komodo, cabin, padar, pink beach, bathroom, trekking, diving, kelor, kanawa, open trip",Sewa Vinca Cruise adalah kapal phinisi mewah yang menawarkan pengalaman berlayar eksklusif di Komodo Island. Dilengkapi fasilitas premium dan pelayanan profesional.,https://indonesiajuara.asia/wp-content/uploads/2022/10/ijt-ebp-horizontal.webp,https://indonesiajuara.asia/sewa-kapal-labuan-bajo/vip/vinca/,indonesiajuara.asia,"Sewa Kapal Vinca Cruise Phinisi IJ_VIP 3D2N 1 Guests ac, dining area, snorkeling, labuan bajo, bar, komodo, cabin, padar, pink beach, bathroom, trekking, diving, kelor, kanawa, open trip","Sewa Vinca Cruise IJ_VIP Rp 102.000.000 komodo, padar, pink beach, labuan bajo, kanawa, kelor ac, dining area, snorkeling, labuan bajo, bar, komodo, cabin, padar, pink beach, bathroom, trekking, diving, kelor, kanawa, open trip Sewa Vinca Cruise adalah kapal phinisi mewah yang menawarkan pengalaman berlayar eksklusif di Komodo Island. Dilengkapi fasilitas premium dan pelayanan profesional.",sewa vinca cruise ijvip komodo padar pink beach labu bajo kanawa kelor ac ning area snorkeling labu bajo bar komodo cabin padar pink beach bathroom trekking diving kelor kanawa open trip sewa vinca cruise mewah tawar alam layar eksklusif komodo island lengkap fasilitas premium layan profesional
Sewa Kapal Catnazse,Sewa Catnazse,IJ_VIP,Rp 83.000.000,83000000,3D2N,2 Guests,"komodo, padar, pink beach, labuan bajo, kanawa, kelor","bar, ac, bathroom, cabin, dining area","snorkeling, diving, trekking, open trip","ac, dining area, snorkeling, labuan bajo, bar, komodo, cabin, padar, pink beach, bathroom, trekking, diving, kelor, kanawa, open trip",Sewa Catnazse adalah kapal phinisi mewah yang menawarkan pengalaman berlayar eksklusif di Komodo Island. Dilengkapi fasilitas premium dan pelayanan profesional.,https://indonesiajuara.asia/wp-content/uploads/2022/10/ijt-ebp-horizontal.webp,https://indonesiajuara.asia/sewa-kapal-labuan-bajo/vip/catnazse-phinisi,indonesiajuara.asia,"Sewa Kapal Catnazse IJ_VIP 3D2N 2 Guests ac, dining area, snorkeling, labuan bajo, bar, komodo, cabin, padar, pink beach, bathroom, trekking, diving, kelor, kanawa, open trip","Sewa Catnazse IJ_VIP Rp 83.000.000 komodo, padar, pink beach, labuan bajo, kanawa, kelor ac, dining area, snorkeling, labuan bajo, bar, komodo, cabin, padar, pink beach, bathroom, trekking, diving, kelor, kanawa, open trip Sewa Catnazse adalah kapal phinisi mewah yang menawarkan pengalaman berlayar eksklusif di Komodo Island. Dilengkapi fasilitas premium dan pelayanan profesional.",sewa catnazse ijvip komodo padar pink beach labu bajo kanawa kelor ac ning area snorkeling labu bajo bar komodo cabin padar pink beach bathroom trekking diving kelor kanawa open trip sewa catnazse mewah tawar alam layar eksklusif komodo island lengkap fasilitas premium layan profesional
Sewa Kapal Balaraja,Sewa Balaraja,IJ_DELUXE,Rp 53.000.000,53000000,3D2N,4 Guests,"komodo, padar, pink beach, labuan bajo, kanawa, kelor","bar, ac, bathroom, cabin, dining area","snorkeling, diving, trekking, open trip","ac, dining area, snorkeling, labuan bajo, bar, komodo, cabin, padar, pink beach, bathroom, trekking, diving, kelor, kanawa, open trip",Sewa Balaraja adalah kapal phinisi mewah yang menawarkan pengalaman berlayar eksklusif di Komodo Island. Dilengkapi fasilitas premium dan pelayanan profesional.,https://indonesiajuara.asia/wp-content/uploads/2022/10/ijt-ebp-horizontal.webp,https://indonesiajuara.asia/sewa-kapal-labuan-bajo/deluxe/balaraja/,indonesiajuara.asia,"Sewa Kapal Balaraja IJ_DELUXE 3D2N 4 Guests ac, dining area, snorkeling, labuan bajo, bar, komodo, cabin, padar, pink beach, bathroom, trekking, diving, kelor, kanawa, open trip","Sewa Balaraja IJ_DELUXE Rp 53.000.000 komodo, padar, pink beach, labuan bajo, kanawa, kelor ac, dining area, snorkeling, labuan bajo, bar, komodo, cabin, padar, pink beach, bathroom, trekking, diving, kelor, kanawa, open trip Sewa Balaraja adalah kapal phinisi mewah yang menawarkan pengalaman berlayar eksklusif di Komodo Island. Dilengkapi fasilitas premium dan pelayanan profesional.",sewa balaraja ijdeluxe komodo padar pink beach labu bajo kanawa kelor ac ning area snorkeling labu bajo bar komodo cabin padar pink beach bathroom trekking diving kelor kanawa open trip sewa balaraja mewah tawar alam layar eksklusif komodo island lengkap fasilitas premium layan profesional
Blackbeard,Blackbeard,IJ_DELUXE,IDR 3.550.000,3550000,3D2N,3 Guests,"komodo, padar, pink beach, labuan bajo, kanawa, kelor","bar, ac, bathroom, cabin, dining area","snorkeling, diving, trekking, open trip","ac, dining area, snorkeling, labuan bajo, bar, komodo, cabin, padar, pink beach, bathroom, trekking, diving, kelor, kanawa, open trip",Blackbeard adalah kapal phinisi mewah yang menawarkan pengalaman berlayar eksklusif di Komodo Island. Dilengkapi fasilitas premium dan pelayanan profesional.,https://indonesiajuara.asia/wp-content/uploads/2022/10/ijt-ebp-horizontal.webp,https://indonesiajuara.asia/sewa-kapal-labuan-bajo/deluxe/blackbeard/,indonesiajuara.asia,"Blackbeard IJ_DELUXE 3D2N 3 Guests ac, dining area, snorkeling, labuan bajo, bar, komodo, cabin, padar, pink beach, bathroom, trekking, diving, kelor, kanawa, open trip","Blackbeard IJ_DELUXE IDR 3.550.000 komodo, padar, pink beach, labuan bajo, kanawa, kelor ac, dining area, snorkeling, labuan bajo, bar, komodo, cabin, padar, pink beach, bathroom, trekking, diving, kelor, kanawa, open trip Blackbeard adalah kapal phinisi mewah yang menawarkan pengalaman berlayar eksklusif di Komodo Island. Dilengkapi fasilitas premium dan pelayanan profesional.",blackbeard ijdeluxe komodo padar pink beach labu bajo kanawa kelor ac ning area snorkeling labu bajo bar komodo cabin padar pink beach bathroom trekking diving kelor kanawa open trip blackbeard mewah tawar alam layar eksklusif komodo island lengkap fasilitas premium layan profesional
Sewa Kapal Dream Ocean,Sewa Dream Ocean,IJ_DELUXE,Rp 81.910.000,81910000,3D2N,1 Guests,"komodo, padar, pink beach, labuan bajo, kanawa, kelor","bar, ac, bathroom, cabin, dining area","snorkeling, diving, trekking, open trip","ac, dining area, snorkeling, labuan bajo, bar, komodo, cabin, padar, pink beach, bathroom, trekking, diving, kelor, kanawa, open trip",Sewa Dream Ocean adalah kapal phinisi mewah yang menawarkan pengalaman berlayar eksklusif di Komodo Island. Dilengkapi fasilitas premium dan pelayanan profesional.,https://indonesiajuara.asia/wp-content/uploads/2022/10/ijt-ebp-horizontal.webp,https://indonesiajuara.asia/sewa-kapal-labuan-bajo/deluxe/dream-ocean/,indonesiajuara.asia,"Sewa Kapal Dream Ocean IJ_DELUXE 3D2N 1 Guests ac, dining area, snorkeling, labuan bajo, bar, komodo, cabin, padar, pink beach, bathroom, trekking, diving, kelor, kanawa, open trip","Sewa Dream Ocean IJ_DELUXE Rp 81.910.000 komodo, padar, pink beach, labuan bajo, kanawa, kelor ac, dining area, snorkeling, labuan bajo, bar, komodo, cabin, padar, pink beach, bathroom, trekking, diving, kelor, kanawa, open trip Sewa Dream Ocean adalah kapal phinisi mewah yang menawarkan pengalaman berlayar eksklusif di Komodo Island. Dilengkapi fasilitas premium dan pelayanan profesional.",sewa dream ocean ijdeluxe komodo padar pink beach labu bajo kanawa kelor ac ning area snorkeling labu bajo bar komodo cabin padar pink beach bathroom trekking diving kelor kanawa open trip sewa dream ocean mewah tawar alam layar eksklusif komodo island lengkap fasilitas premium layan profesional
Pesona Bajo,Pesona Bajo,IJ_DELUXE,Rp 51.000.000,51000000,3D2N,2 - 10 Guests,"komodo, padar, pink beach, labuan bajo, kanawa, kelor","sun deck, bar, ac, bathroom, cabin, dining area, lounge","snorkeling, diving, trekking, open trip","ac, dining area, lounge, snorkeling, labuan bajo, bar, sun deck, komodo, cabin, padar, pink beach, bathroom, trekking, diving, kelor, kanawa, open trip",Pesona Bajo adalah kapal phinisi mewah yang menawarkan pengalaman berlayar eksklusif di Komodo Island. Dilengkapi fasilitas premium dan pelayanan profesional.,https://indonesiajuara.asia/wp-content/uploads/2022/10/ijt-ebp-horizontal.webp,https://indonesiajuara.asia/sewa-kapal-labuan-bajo/deluxe/pesona-bajo/,indonesiajuara.asia,"Pesona Bajo IJ_DELUXE 3D2N 2 - 10 Guests ac, dining area, lounge, snorkeling, labuan bajo, bar, sun deck, komodo, cabin, padar, pink beach, bathroom, trekking, diving, kelor, kanawa, open trip","Pesona Bajo IJ_DELUXE Rp 51.000.000 komodo, padar, pink beach, labuan bajo, kanawa, kelor ac, dining area, lounge, snorkeling, labuan bajo, bar, sun deck, komodo, cabin, padar, pink beach, bathroom, trekking, diving, kelor, kanawa, open trip Pesona Bajo adalah kapal phinisi mewah yang menawarkan pengalaman berlayar eksklusif di Komodo Island. Dilengkapi fasilitas premium dan pelayanan profesional.",pesona bajo ijdeluxe komodo padar pink beach labu bajo kanawa kelor ac ning area lounge snorkeling labu bajo bar sun deck komodo cabin padar pink beach bathroom trekking diving kelor kanawa open trip pesona bajo mewah tawar alam layar eksklusif komodo island lengkap fasilitas premium layan profesional
Sewa Kapal Sora Phinisi,Sewa Sora,IJ_DELUXE,Rp 60.000.000,60000000,3D2N,1 Guests,"komodo, padar, pink beach, labuan bajo, kanawa, kelor","bar, ac, bathroom, cabin, dining area","snorkeling, diving, trekking, open trip","ac, dining area, snorkeling, labuan bajo, bar, komodo, cabin, padar, pink beach, bathroom, trekking, diving, kelor, kanawa, open trip",Sewa Sora adalah kapal phinisi mewah yang menawarkan pengalaman berlayar eksklusif di Komodo Island. Dilengkapi fasilitas premium dan pelayanan profesional.,https://indonesiajuara.asia/wp-content/uploads/2022/10/ijt-ebp-horizontal.webp,https://indonesiajuara.asia/sewa-kapal-labuan-bajo/deluxe/sora/,indonesiajuara.asia,"Sewa Kapal Sora Phinisi IJ_DELUXE 3D2N 1 Guests ac, dining area, snorkeling, labuan bajo, bar, komodo, cabin, padar, pink beach, bathroom, trekking, diving, kelor, kanawa, open trip","Sewa Sora IJ_DELUXE Rp 60.000.000 komodo, padar, pink beach, labuan bajo, kanawa, kelor ac, dining area, snorkeling, labuan bajo, bar, komodo, cabin, padar, pink beach, bathroom, trekking, diving, kelor, kanawa, open trip Sewa Sora adalah kapal phinisi mewah yang menawarkan pengalaman berlayar eksklusif di Komodo Island. Dilengkapi fasilitas premium dan pelayanan profesional.",sewa sora ijdeluxe komodo padar pink beach labu bajo kanawa kelor ac ning area snorkeling labu bajo bar komodo cabin padar pink beach bathroom trekking diving kelor kanawa open trip sewa sora mewah tawar alam layar eksklusif komodo island lengkap fasilitas premium layan profesional
Sewa Kapal Delilah,Sewa Delilah,IJ_DELUXE,Rp 30.000.000,30000000,3D2N,1 Guests,"komodo, padar, pink beach, labuan bajo, kanawa, kelor","sun deck, bar, ac, bathroom, cabin, dining area, lounge, shower","snorkeling, diving, trekking, open trip","shower, ac, dining area, lounge, snorkeling, labuan bajo, bar, sun deck, komodo, cabin, padar, pink beach, bathroom, trekking, diving, kelor, kanawa, open trip",Sewa Delilah adalah kapal phinisi mewah yang menawarkan pengalaman berlayar eksklusif di Komodo Island. Dilengkapi fasilitas premium dan pelayanan profesional.,https://indonesiajuara.asia/wp-content/uploads/2022/10/ijt-ebp-horizontal.webp,https://indonesiajuara.asia/sewa-kapal-labuan-bajo/deluxe/delilah/,indonesiajuara.asia,"Sewa Kapal Delilah IJ_DELUXE 3D2N 1 Guests shower, ac, dining area, lounge, snorkeling, labuan bajo, bar, sun deck, komodo, cabin, padar, pink beach, bathroom, trekking, diving, kelor, kanawa, open trip","Sewa Delilah IJ_DELUXE Rp 30.000.000 komodo, padar, pink beach, labuan bajo, kanawa, kelor shower, ac, dining area, lounge, snorkeling, labuan bajo, bar, sun deck, komodo, cabin, padar, pink beach, bathroom, trekking, diving, kelor, kanawa, open trip Sewa Delilah adalah kapal phinisi mewah yang menawarkan pengalaman berlayar eksklusif di Komodo Island. Dilengkapi fasilitas premium dan pelayanan profesional.",sewa lah ijdeluxe komodo padar pink beach labu bajo kanawa kelor shower ac ning area lounge snorkeling labu bajo bar sun deck komodo cabin padar pink beach bathroom trekking diving kelor kanawa open trip sewa lah mewah tawar alam layar eksklusif komodo island lengkap fasilitas premium layan profesional
Sewa Kapal Amore Phinisi,Sewa Amore,IJ_DELUXE,Rp 58.000.000,58000000,3D2N,1 Guests,"komodo, padar, pink beach, labuan bajo, kanawa, kelor","bar, ac, bathroom, cabin, lounge","snorkeling, diving, trekking, open trip","ac, lounge, snorkeling, labuan bajo, bar, komodo, cabin, padar, pink beach, bathroom, trekking, diving, kelor, kanawa, open trip",Sewa Amore adalah kapal phinisi mewah yang menawarkan pengalaman berlayar eksklusif di Komodo Island. Dilengkapi fasilitas premium dan pelayanan profesional.,https://indonesiajuara.asia/wp-content/uploads/2022/10/ijt-ebp-horizontal.webp,https://indonesiajuara.asia/sewa-kapal-labuan-bajo/deluxe/amore-phinisi/,indonesiajuara.asia,"Sewa Kapal Amore Phinisi IJ_DELUXE 3D2N 1 Guests ac, lounge, snorkeling, labuan bajo, bar, komodo, cabin, padar, pink beach, bathroom, trekking, diving, kelor, kanawa, open trip","Sewa Amore IJ_DELUXE Rp 58.000.000 komodo, padar, pink beach, labuan bajo, kanawa, kelor ac, lounge, snorkeling, labuan bajo, bar, komodo, cabin, padar, pink beach, bathroom, trekking, diving, kelor, kanawa, open trip Sewa Amore adalah kapal phinisi mewah yang menawarkan pengalaman berlayar eksklusif di Komodo Island. Dilengkapi fasilitas premium dan pelayanan profesional.",sewa amore ijdeluxe komodo padar pink beach labu bajo kanawa kelor ac lounge snorkeling labu bajo bar komodo cabin padar pink beach bathroom trekking diving kelor kanawa open trip sewa amore mewah tawar alam layar eksklusif komodo island lengkap fasilitas premium layan profesional
Almadira Boat,Almadira,IJ_DELUXE,IDR 53.000.000,53000000,3D2N,3 Guests,"komodo, padar, pink beach, labuan bajo, kanawa, kelor","sun deck, bar, ac, bathroom, cabin, dining area","snorkeling, diving, trekking, island hopping, open trip, kayak","ac, dining area, snorkeling, kayak, labuan bajo, bar, sun deck, komodo, cabin, padar, pink beach, island hopping, bathroom, trekking, diving, kelor, kanawa, open trip",Almadira adalah kapal phinisi mewah yang menawarkan pengalaman berlayar eksklusif di Komodo Island. Dilengkapi fasilitas premium dan pelayanan profesional.,https://indonesiajuara.asia/wp-content/uploads/2022/10/ijt-ebp-horizontal.webp,https://indonesiajuara.asia/sewa-kapal-labuan-bajo/deluxe/almadira/,indonesiajuara.asia,"Almadira Boat IJ_DELUXE 3D2N 3 Guests ac, dining area, snorkeling, kayak, labuan bajo, bar, sun deck, komodo, cabin, padar, pink beach, island hopping, bathroom, trekking, diving, kelor, kanawa, open trip","Almadira IJ_DELUXE IDR 53.000.000 komodo, padar, pink beach, labuan bajo, kanawa, kelor ac, dining area, snorkeling, kayak, labuan bajo, bar, sun deck, komodo, cabin, padar, pink beach, island hopping, bathroom, trekking, diving, kelor, kanawa, open trip Almadira adalah kapal phinisi mewah yang menawarkan pengalaman berlayar eksklusif di Komodo Island. Dilengkapi fasilitas premium dan pelayanan profesional.",almadira ijdeluxe komodo padar pink beach labu bajo kanawa kelor ac ning area snorkeling kayak labu bajo bar sun deck komodo cabin padar pink beach island hopping bathroom trekking diving kelor kanawa open trip almadira mewah tawar alam layar eksklusif komodo island lengkap fasilitas premium layan profesional
Sewa Kapal Gamala Cruise,Sewa Gamala Cruise,IJ_DELUXE,Rp 72.000.000,72000000,3D2N,1 Guests,"komodo, padar, pink beach, labuan bajo, kanawa, kelor","sun deck, bar, ac, bathroom, cabin, dining area, lounge","snorkeling, diving, trekking, open trip","ac, dining area, lounge, snorkeling, labuan bajo, bar, sun deck, komodo, cabin, padar, pink beach, bathroom, trekking, diving, kelor, kanawa, open trip",Sewa Gamala Cruise adalah kapal phinisi mewah yang menawarkan pengalaman berlayar eksklusif di Komodo Island. Dilengkapi fasilitas premium dan pelayanan profesional.,https://indonesiajuara.asia/wp-content/uploads/2022/10/ijt-ebp-horizontal.webp,https://indonesiajuara.asia/sewa-kapal-labuan-bajo/deluxe/gamala-cruise/,indonesiajuara.asia,"Sewa Kapal Gamala Cruise IJ_DELUXE 3D2N 1 Guests ac, dining area, lounge, snorkeling, labuan bajo, bar, sun deck, komodo, cabin, padar, pink beach, bathroom, trekking, diving, kelor, kanawa, open trip","Sewa Gamala Cruise IJ_DELUXE Rp 72.000.000 komodo, padar, pink beach, labuan bajo, kanawa, kelor ac, dining area, lounge, snorkeling, labuan bajo, bar, sun deck, komodo, cabin, padar, pink beach, bathroom, trekking, diving, kelor, kanawa, open trip Sewa Gamala Cruise adalah kapal phinisi mewah yang menawarkan pengalaman berlayar eksklusif di Komodo Island. Dilengkapi fasilitas premium dan pelayanan profesional.",sewa gamala cruise ijdeluxe komodo padar pink beach labu bajo kanawa kelor ac ning area lounge snorkeling labu bajo bar sun deck komodo cabin padar pink beach bathroom trekking diving kelor kanawa open trip sewa gamala cruise mewah tawar alam layar eksklusif komodo island lengkap fasilitas premium layan profesional
LA NISSA PHINISI,LA NISSA,IJ_DELUXE,IDR 70.500.000,70500000,3D2N,2 - 10 Guests,"komodo, padar, pink beach, labuan bajo, kanawa, kelor","bar, ac, bathroom, cabin, dining area, shower","snorkeling, diving, trekking, open trip","shower, ac, dining area, snorkeling, labuan bajo, bar, komodo, cabin, padar, pink beach, bathroom, trekking, diving, kelor, kanawa, open trip",LA NISSA adalah kapal phinisi mewah yang menawarkan pengalaman berlayar eksklusif di Komodo Island. Dilengkapi fasilitas premium dan pelayanan profesional.,https://indonesiajuara.asia/wp-content/uploads/2022/10/ijt-ebp-horizontal.webp,https://indonesiajuara.asia/sewa-kapal-labuan-bajo/deluxe/la-nissa-phinisi/,indonesiajuara.asia,"LA NISSA PHINISI IJ_DELUXE 3D2N 2 - 10 Guests shower, ac, dining area, snorkeling, labuan bajo, bar, komodo, cabin, padar, pink beach, bathroom, trekking, diving, kelor, kanawa, open trip","LA NISSA IJ_DELUXE IDR 70.500.000 komodo, padar, pink beach, labuan bajo, kanawa, kelor shower, ac, dining area, snorkeling, labuan bajo, bar, komodo, cabin, padar, pink beach, bathroom, trekking, diving, kelor, kanawa, open trip LA NISSA adalah kapal phinisi mewah yang menawarkan pengalaman berlayar eksklusif di Komodo Island. Dilengkapi fasilitas premium dan pelayanan profesional.",la nissa ijdeluxe komodo padar pink beach labu bajo kanawa kelor shower ac ning area snorkeling labu bajo bar komodo cabin padar pink beach bathroom trekking diving kelor kanawa open trip la nissa mewah tawar alam layar eksklusif komodo island lengkap fasilitas premium layan profesional
Asterix,Asterix,IJ_DELUXE,Rp 42.000.000,42000000,3D2N,2 Guests,"komodo, padar, pink beach, labuan bajo, kanawa, kelor","bar, ac, bathroom, cabin, dining area","snorkeling, diving, trekking, open trip","ac, dining area, snorkeling, labuan bajo, bar, komodo, cabin, padar, pink beach, bathroom, trekking, diving, kelor, kanawa, open trip",Asterix adalah kapal phinisi mewah yang menawarkan pengalaman berlayar eksklusif di Komodo Island. Dilengkapi fasilitas premium dan pelayanan profesional.,https://indonesiajuara.asia/wp-content/uploads/2022/10/ijt-ebp-horizontal.webp,https://indonesiajuara.asia/sewa-kapal-labuan-bajo/deluxe/asterix/,indonesiajuara.asia,"Asterix IJ_DELUXE 3D2N 2 Guests ac, dining area, snorkeling, labuan bajo, bar, komodo, cabin, padar, pink beach, bathroom, trekking, diving, kelor, kanawa, open trip","Asterix IJ_DELUXE Rp 42.000.000 komodo, padar, pink beach, labuan bajo, kanawa, kelor ac, dining area, snorkeling, labuan bajo, bar, komodo, cabin, padar, pink beach, bathroom, trekking, diving, kelor, kanawa, open trip Asterix adalah kapal phinisi mewah yang menawarkan pengalaman berlayar eksklusif di Komodo Island. Dilengkapi fasilitas premium dan pelayanan profesional.",asterix ijdeluxe komodo padar pink beach labu bajo kanawa kelor ac ning area snorkeling labu bajo bar komodo cabin padar pink beach bathroom trekking diving kelor kanawa open trip asterix mewah tawar alam layar eksklusif komodo island lengkap fasilitas premium layan profesional
Sewa Kapal Osiana Alo,Sewa Osiana Alo,IJ_DELUXE,IDR 51.000.000,51000000,3D2N,1 Guests,"komodo, padar, pink beach, labuan bajo, kanawa, kelor","sun deck, bar, ac, bathroom, cabin, dining area","snorkeling, diving, trekking, open trip","ac, dining area, snorkeling, labuan bajo, bar, sun deck, komodo, cabin, padar, pink beach, bathroom, trekking, diving, kelor, kanawa, open trip",Sewa Osiana Alo adalah kapal phinisi mewah yang menawarkan pengalaman berlayar eksklusif di Komodo Island. Dilengkapi fasilitas premium dan pelayanan profesional.,https://indonesiajuara.asia/wp-content/uploads/2022/10/ijt-ebp-horizontal.webp,https://indonesiajuara.asia/sewa-kapal-labuan-bajo/deluxe/osiana-alo/,indonesiajuara.asia,"Sewa Kapal Osiana Alo IJ_DELUXE 3D2N 1 Guests ac, dining area, snorkeling, labuan bajo, bar, sun deck, komodo, cabin, padar, pink beach, bathroom, trekking, diving, kelor, kanawa, open trip","Sewa Osiana Alo IJ_DELUXE IDR 51.000.000 komodo, padar, pink beach, labuan bajo, kanawa, kelor ac, dining area, snorkeling, labuan bajo, bar, sun deck, komodo, cabin, padar, pink beach, bathroom, trekking, diving, kelor, kanawa, open trip Sewa Osiana Alo adalah kapal phinisi mewah yang menawarkan pengalaman berlayar eksklusif di Komodo Island. Dilengkapi fasilitas premium dan pelayanan profesional.",sewa osiana alo ijdeluxe komodo padar pink beach labu bajo kanawa kelor ac ning area snorkeling labu bajo bar sun deck komodo cabin padar pink beach bathroom trekking diving kelor kanawa open trip sewa osiana alo mewah tawar alam layar eksklusif komodo island lengkap fasilitas premium layan profesional
Alfathran,Alfathran,IJ_DELUXE,Rp 58.000.000,58000000,3D2N,3 Guests,"komodo, padar, pink beach, labuan bajo, kanawa, kelor","bar, ac, bathroom, cabin, dining area","snorkeling, diving, trekking, open trip","ac, dining area, snorkeling, labuan bajo, bar, komodo, cabin, padar, pink beach, bathroom, trekking, diving, kelor, kanawa, open trip",Alfathran adalah kapal phinisi mewah yang menawarkan pengalaman berlayar eksklusif di Komodo Island. Dilengkapi fasilitas premium dan pelayanan profesional.,https://indonesiajuara.asia/wp-content/uploads/2022/10/ijt-ebp-horizontal.webp,https://indonesiajuara.asia/sewa-kapal-labuan-bajo/deluxe/alfathran/,indonesiajuara.asia,"Alfathran IJ_DELUXE 3D2N 3 Guests ac, dining area, snorkeling, labuan bajo, bar, komodo, cabin, padar, pink beach, bathroom, trekking, diving, kelor, kanawa, open trip","Alfathran IJ_DELUXE Rp 58.000.000 komodo, padar, pink beach, labuan bajo, kanawa, kelor ac, dining area, snorkeling, labuan bajo, bar, komodo, cabin, padar, pink beach, bathroom, trekking, diving, kelor, kanawa, open trip Alfathran adalah kapal phinisi mewah yang menawarkan pengalaman berlayar eksklusif di Komodo Island. Dilengkapi fasilitas premium dan pelayanan profesional.",alfathran ijdeluxe komodo padar pink beach labu bajo kanawa kelor ac ning area snorkeling labu bajo bar komodo cabin padar pink beach bathroom trekking diving kelor kanawa open trip alfathran mewah tawar alam layar eksklusif komodo island lengkap fasilitas premium layan profesional
Komodo Trail,Trail,IJ_DELUXE,IDR 47.000.000,47000000,3D2N,2 Guests,"komodo, padar, pink beach, labuan bajo, kanawa, kelor","wifi, bar, ac, bathroom, cabin, dining area","snorkeling, diving, trekking, open trip","ac, dining area, snorkeling, labuan bajo, bar, komodo, cabin, padar, pink beach, bathroom, trekking, wifi, diving, kelor, kanawa, open trip",Trail adalah kapal phinisi mewah yang menawarkan pengalaman berlayar eksklusif di Komodo Island. Dilengkapi fasilitas premium dan pelayanan profesional.,https://indonesiajuara.asia/wp-content/uploads/2022/10/ijt-ebp-horizontal.webp,https://indonesiajuara.asia/sewa-kapal-labuan-bajo/deluxe/komodo-trail/,indonesiajuara.asia,"Komodo Trail IJ_DELUXE 3D2N 2 Guests ac, dining area, snorkeling, labuan bajo, bar, komodo, cabin, padar, pink beach, bathroom, trekking, wifi, diving, kelor, kanawa, open trip","Trail IJ_DELUXE IDR 47.000.000 komodo, padar, pink beach, labuan bajo, kanawa, kelor ac, dining area, snorkeling, labuan bajo, bar, komodo, cabin, padar, pink beach, bathroom, trekking, wifi, diving, kelor, kanawa, open trip Trail adalah kapal phinisi mewah yang menawarkan pengalaman berlayar eksklusif di Komodo Island. Dilengkapi fasilitas premium dan pelayanan profesional.",trail ijdeluxe komodo padar pink beach labu bajo kanawa kelor ac ning area snorkeling labu bajo bar komodo cabin padar pink beach bathroom trekking wifi diving kelor kanawa open trip trail mewah tawar alam layar eksklusif komodo island lengkap fasilitas premium layan profesional
Gaisan,Gaisan,IJ_DELUXE,Rp 66.000.000,66000000,3D2N,2 - 10 Guests,"komodo, padar, pink beach, labuan bajo, kanawa, kelor","jacuzzi, bar, ac, bathroom, cabin, dining area","snorkeling, diving, trekking, open trip","ac, dining area, snorkeling, labuan bajo, bar, komodo, cabin, padar, pink beach, trekking, bathroom, jacuzzi, diving, kelor, kanawa, open trip",Gaisan adalah kapal phinisi mewah yang menawarkan pengalaman berlayar eksklusif di Komodo Island. Dilengkapi fasilitas premium dan pelayanan profesional.,https://indonesiajuara.asia/wp-content/uploads/2022/10/ijt-ebp-horizontal.webp,https://indonesiajuara.asia/sewa-kapal-labuan-bajo/deluxe/gaisan/,indonesiajuara.asia,"Gaisan IJ_DELUXE 3D2N 2 - 10 Guests ac, dining area, snorkeling, labuan bajo, bar, komodo, cabin, padar, pink beach, trekking, bathroom, jacuzzi, diving, kelor, kanawa, open trip","Gaisan IJ_DELUXE Rp 66.000.000 komodo, padar, pink beach, labuan bajo, kanawa, kelor ac, dining area, snorkeling, labuan bajo, bar, komodo, cabin, padar, pink beach, trekking, bathroom, jacuzzi, diving, kelor, kanawa, open trip Gaisan adalah kapal phinisi mewah yang menawarkan pengalaman berlayar eksklusif di Komodo Island. Dilengkapi fasilitas premium dan pelayanan profesional.",gaisan ijdeluxe komodo padar pink beach labu bajo kanawa kelor ac ning area snorkeling labu bajo bar komodo cabin padar pink beach trekking bathroom jacuzzi diving kelor kanawa open trip gaisan mewah tawar alam layar eksklusif komodo island lengkap fasilitas premium layan profesional
Sewa Kapal Lamborajo I,Sewa Lamborajo I,IJ_DELUXE,Rp 58.000.000,58000000,3D2N,1 Guests,"komodo, padar, pink beach, labuan bajo, kanawa, kelor","sun deck, bar, ac, bathroom, cabin, dining area","snorkeling, diving, trekking, open trip","ac, dining area, snorkeling, labuan bajo, bar, sun deck, komodo, cabin, padar, pink beach, bathroom, trekking, diving, kelor, kanawa, open trip",Sewa Lamborajo I adalah kapal phinisi mewah yang menawarkan pengalaman berlayar eksklusif di Komodo Island. Dilengkapi fasilitas premium dan pelayanan profesional.,https://indonesiajuara.asia/wp-content/uploads/2022/10/ijt-ebp-horizontal.webp,https://indonesiajuara.asia/sewa-kapal-labuan-bajo/deluxe/lamborajo-i/,indonesiajuara.asia,"Sewa Kapal Lamborajo I IJ_DELUXE 3D2N 1 Guests ac, dining area, snorkeling, labuan bajo, bar, sun deck, komodo, cabin, padar, pink beach, bathroom, trekking, diving, kelor, kanawa, open trip","Sewa Lamborajo I IJ_DELUXE Rp 58.000.000 komodo, padar, pink beach, labuan bajo, kanawa, kelor ac, dining area, snorkeling, labuan bajo, bar, sun deck, komodo, cabin, padar, pink beach, bathroom, trekking, diving, kelor, kanawa, open trip Sewa Lamborajo I adalah kapal phinisi mewah yang menawarkan pengalaman berlayar eksklusif di Komodo Island. Dilengkapi fasilitas premium dan pelayanan profesional.",sewa lamborajo i ijdeluxe komodo padar pink beach labu bajo kanawa kelor ac ning area snorkeling labu bajo bar sun deck komodo cabin padar pink beach bathroom trekking diving kelor kanawa open trip sewa lamborajo i mewah tawar alam layar eksklusif komodo island lengkap fasilitas premium layan profesional
Invictus Boat,Invictus,IJ_DELUXE,IDR 59.500.000,59500000,3D2N,2 - 10 Guests,"komodo, padar, pink beach, labuan bajo, kanawa, kelor","sun deck, bar, ac, bathroom, cabin, dining area","snorkeling, diving, trekking, open trip","ac, dining area, snorkeling, labuan bajo, bar, sun deck, komodo, cabin, padar, pink beach, bathroom, trekking, diving, kelor, kanawa, open trip",Invictus adalah kapal phinisi mewah yang menawarkan pengalaman berlayar eksklusif di Komodo Island. Dilengkapi fasilitas premium dan pelayanan profesional.,https://indonesiajuara.asia/wp-content/uploads/2022/10/ijt-ebp-horizontal.webp,https://indonesiajuara.asia/sewa-kapal-labuan-bajo/deluxe/invictus/,indonesiajuara.asia,"Invictus Boat IJ_DELUXE 3D2N 2 - 10 Guests ac, dining area, snorkeling, labuan bajo, bar, sun deck, komodo, cabin, padar, pink beach, bathroom, trekking, diving, kelor, kanawa, open trip","Invictus IJ_DELUXE IDR 59.500.000 komodo, padar, pink beach, labuan bajo, kanawa, kelor ac, dining area, snorkeling, labuan bajo, bar, sun deck, komodo, cabin, padar, pink beach, bathroom, trekking, diving, kelor, kanawa, open trip Invictus adalah kapal phinisi mewah yang menawarkan pengalaman berlayar eksklusif di Komodo Island. Dilengkapi fasilitas premium dan pelayanan profesional.",invictus ijdeluxe komodo padar pink beach labu bajo kanawa kelor ac ning area snorkeling labu bajo bar sun deck komodo cabin padar pink beach bathroom trekking diving kelor kanawa open trip invictus mewah tawar alam layar eksklusif komodo island lengkap fasilitas premium layan profesional
Sewa Kapal Abizar,Sewa Abizar,IJ_DELUXE,IDR 53.000.000,53000000,3D2N,2 - 10 Guests,"komodo, padar, pink beach, labuan bajo, kanawa, kelor","sun deck, bar, ac, bathroom, cabin, dining area","snorkeling, diving, trekking, island hopping, open trip","ac, dining area, snorkeling, labuan bajo, bar, sun deck, komodo, cabin, padar, pink beach, island hopping, bathroom, trekking, diving, kelor, kanawa, open trip",Sewa Abizar adalah kapal phinisi mewah yang menawarkan pengalaman berlayar eksklusif di Komodo Island. Dilengkapi fasilitas premium dan pelayanan profesional.,https://indonesiajuara.asia/wp-content/uploads/2022/10/ijt-ebp-horizontal.webp,https://indonesiajuara.asia/sewa-kapal-labuan-bajo/deluxe/abizar/,indonesiajuara.asia,"Sewa Kapal Abizar IJ_DELUXE 3D2N 2 - 10 Guests ac, dining area, snorkeling, labuan bajo, bar, sun deck, komodo, cabin, padar, pink beach, island hopping, bathroom, trekking, diving, kelor, kanawa, open trip","Sewa Abizar IJ_DELUXE IDR 53.000.000 komodo, padar, pink beach, labuan bajo, kanawa, kelor ac, dining area, snorkeling, labuan bajo, bar, sun deck, komodo, cabin, padar, pink beach, island hopping, bathroom, trekking, diving, kelor, kanawa, open trip Sewa Abizar adalah kapal phinisi mewah yang menawarkan pengalaman berlayar eksklusif di Komodo Island. Dilengkapi fasilitas premium dan pelayanan profesional.",sewa abizar ijdeluxe komodo padar pink beach labu bajo kanawa kelor ac ning area snorkeling labu bajo bar sun deck komodo cabin padar pink beach island hopping bathroom trekking diving kelor kanawa open trip sewa abizar mewah tawar alam layar eksklusif komodo island lengkap fasilitas premium layan profesional
Sewa Kapal Natural 001 Phinisi,Sewa Natural 001,IJ_DELUXE,Rp 50.000.000,50000000,3D2N,2 - 10 Guests,"komodo, padar, pink beach, labuan bajo, kanawa, kelor","jacuzzi, bar, ac, bathroom, cabin, dining area, lounge","snorkeling, diving, trekking, island hopping, open trip, kayak","snorkeling, labuan bajo, cabin, pink beach, island hopping, kelor, kanawa, ac, lounge, komodo, padar, jacuzzi, diving, kayak, bar, trekking, dining area, bathroom, open trip",Sewa Natural 001 adalah kapal phinisi mewah yang menawarkan pengalaman berlayar eksklusif di Komodo Island. Dilengkapi fasilitas premium dan pelayanan profesional.,https://indonesiajuara.asia/wp-content/uploads/2022/10/ijt-ebp-horizontal.webp,https://indonesiajuara.asia/sewa-kapal-labuan-bajo/deluxe/natural-phinisi/,indonesiajuara.asia,"Sewa Kapal Natural 001 Phinisi IJ_DELUXE 3D2N 2 - 10 Guests snorkeling, labuan bajo, cabin, pink beach, island hopping, kelor, kanawa, ac, lounge, komodo, padar, jacuzzi, diving, kayak, bar, trekking, dining area, bathroom, open trip","Sewa Natural 001 IJ_DELUXE Rp 50.000.000 komodo, padar, pink beach, labuan bajo, kanawa, kelor snorkeling, labuan bajo, cabin, pink beach, island hopping, kelor, kanawa, ac, lounge, komodo, padar, jacuzzi, diving, kayak, bar, trekking, dining area, bathroom, open trip Sewa Natural 001 adalah kapal phinisi mewah yang menawarkan pengalaman berlayar eksklusif di Komodo Island. Dilengkapi fasilitas premium dan pelayanan profesional.",sewa natural ijdeluxe komodo padar pink beach labu bajo kanawa kelor snorkeling labu bajo cabin pink beach island hopping kelor kanawa ac lounge komodo padar jacuzzi diving kayak bar trekking ning area bathroom open trip sewa natural mewah tawar alam layar eksklusif komodo island lengkap fasilitas premium layan profesional
Dinara,Dinara,IJ_DELUXE,IDR 4.500.000,4500000,3D2N,2 - 10 Guests,"komodo, padar, pink beach, labuan bajo, kanawa, kelor","bar, ac, bathroom, cabin, dining area","snorkeling, diving, trekking, open trip, kayak","ac, dining area, snorkeling, kayak, labuan bajo, bar, komodo, cabin, padar, pink beach, bathroom, trekking, diving, kelor, kanawa, open trip",Dinara adalah kapal phinisi mewah yang menawarkan pengalaman berlayar eksklusif di Komodo Island. Dilengkapi fasilitas premium dan pelayanan profesional.,https://indonesiajuara.asia/wp-content/uploads/2022/10/ijt-ebp-horizontal.webp,https://indonesiajuara.asia/sewa-kapal-labuan-bajo/deluxe/dinara/,indonesiajuara.asia,"Dinara IJ_DELUXE 3D2N 2 - 10 Guests ac, dining area, snorkeling, kayak, labuan bajo, bar, komodo, cabin, padar, pink beach, bathroom, trekking, diving, kelor, kanawa, open trip","Dinara IJ_DELUXE IDR 4.500.000 komodo, padar, pink beach, labuan bajo, kanawa, kelor ac, dining area, snorkeling, kayak, labuan bajo, bar, komodo, cabin, padar, pink beach, bathroom, trekking, diving, kelor, kanawa, open trip Dinara adalah kapal phinisi mewah yang menawarkan pengalaman berlayar eksklusif di Komodo Island. Dilengkapi fasilitas premium dan pelayanan profesional.",nara ijdeluxe komodo padar pink beach labu bajo kanawa kelor ac ning area snorkeling kayak labu bajo bar komodo cabin padar pink beach bathroom trekking diving kelor kanawa open trip nara mewah tawar alam layar eksklusif komodo island lengkap fasilitas premium layan profesional
Zendaya,Zendaya,IJ_DELUXE,Rp 47.000.000,47000000,3D2N,2 - 10 Guests,"komodo, padar, pink beach, labuan bajo, kanawa, kelor","bar, ac, bathroom, cabin, dining area","snorkeling, diving, trekking, open trip","ac, dining area, snorkeling, labuan bajo, bar, komodo, cabin, padar, pink beach, bathroom, trekking, diving, kelor, kanawa, open trip",Zendaya adalah kapal phinisi mewah yang menawarkan pengalaman berlayar eksklusif di Komodo Island. Dilengkapi fasilitas premium dan pelayanan profesional.,https://indonesiajuara.asia/wp-content/uploads/2022/10/ijt-ebp-horizontal.webp,https://indonesiajuara.asia/sewa-kapal-labuan-bajo/deluxe/zendaya/,indonesiajuara.asia,"Zendaya IJ_DELUXE 3D2N 2 - 10 Guests ac, dining area, snorkeling, labuan bajo, bar, komodo, cabin, padar, pink beach, bathroom, trekking, diving, kelor, kanawa, open trip","Zendaya IJ_DELUXE Rp 47.000.000 komodo, padar, pink beach, labuan bajo, kanawa, kelor ac, dining area, snorkeling, labuan bajo, bar, komodo, cabin, padar, pink beach, bathroom, trekking, diving, kelor, kanawa, open trip Zendaya adalah kapal phinisi mewah yang menawarkan pengalaman berlayar eksklusif di Komodo Island. Dilengkapi fasilitas premium dan pelayanan profesional.",zendaya ijdeluxe komodo padar pink beach labu bajo kanawa kelor ac ning area snorkeling labu bajo bar komodo cabin padar pink beach bathroom trekking diving kelor kanawa open trip zendaya mewah tawar alam layar eksklusif komodo island lengkap fasilitas premium layan profesional
Marvelous,Marvelous,IJ_DELUXE,Rp 52.000.000,52000000,3D2N,2 - 10 Guests,"komodo, padar, pink beach, labuan bajo, kanawa, kelor","bar, ac, bathroom, cabin, dining area","snorkeling, diving, trekking, open trip","ac, dining area, snorkeling, labuan bajo, bar, komodo, cabin, padar, pink beach, bathroom, trekking, diving, kelor, kanawa, open trip",Marvelous adalah kapal phinisi mewah yang menawarkan pengalaman berlayar eksklusif di Komodo Island. Dilengkapi fasilitas premium dan pelayanan profesional.,https://indonesiajuara.asia/wp-content/uploads/2022/10/ijt-ebp-horizontal.webp,https://indonesiajuara.asia/sewa-kapal-labuan-bajo/deluxe/marvelous/,indonesiajuara.asia,"Marvelous IJ_DELUXE 3D2N 2 - 10 Guests ac, dining area, snorkeling, labuan bajo, bar, komodo, cabin, padar, pink beach, bathroom, trekking, diving, kelor, kanawa, open trip","Marvelous IJ_DELUXE Rp 52.000.000 komodo, padar, pink beach, labuan bajo, kanawa, kelor ac, dining area, snorkeling, labuan bajo, bar, komodo, cabin, padar, pink beach, bathroom, trekking, diving, kelor, kanawa, open trip Marvelous adalah kapal phinisi mewah yang menawarkan pengalaman berlayar eksklusif di Komodo Island. Dilengkapi fasilitas premium dan pelayanan profesional.",marvelous ijdeluxe komodo padar pink beach labu bajo kanawa kelor ac ning area snorkeling labu bajo bar komodo cabin padar pink beach bathroom trekking diving kelor kanawa open trip marvelous mewah tawar alam layar eksklusif komodo island lengkap fasilitas premium layan profesional
LA DYANA PHINISI,LA DYANA,IJ_DELUXE,IDR 53.000.000,53000000,3D2N,2 - 10 Guests,"komodo, padar, pink beach, labuan bajo, kanawa, kelor","bar, ac, bathroom, cabin, dining area, shower","snorkeling, diving, trekking, open trip","shower, ac, dining area, snorkeling, labuan bajo, bar, komodo, cabin, padar, pink beach, bathroom, trekking, diving, kelor, kanawa, open trip",LA DYANA adalah kapal phinisi mewah yang menawarkan pengalaman berlayar eksklusif di Komodo Island. Dilengkapi fasilitas premium dan pelayanan profesional.,https://indonesiajuara.asia/wp-content/uploads/2022/10/ijt-ebp-horizontal.webp,https://indonesiajuara.asia/sewa-kapal-labuan-bajo/deluxe/la-dyana-phinisi/,indonesiajuara.asia,"LA DYANA PHINISI IJ_DELUXE 3D2N 2 - 10 Guests shower, ac, dining area, snorkeling, labuan bajo, bar, komodo, cabin, padar, pink beach, bathroom, trekking, diving, kelor, kanawa, open trip","LA DYANA IJ_DELUXE IDR 53.000.000 komodo, padar, pink beach, labuan bajo, kanawa, kelor shower, ac, dining area, snorkeling, labuan bajo, bar, komodo, cabin, padar, pink beach, bathroom, trekking, diving, kelor, kanawa, open trip LA DYANA adalah kapal phinisi mewah yang menawarkan pengalaman berlayar eksklusif di Komodo Island. Dilengkapi fasilitas premium dan pelayanan profesional.",la dyana ijdeluxe komodo padar pink beach labu bajo kanawa kelor shower ac ning area snorkeling labu bajo bar komodo cabin padar pink beach bathroom trekking diving kelor kanawa open trip la dyana mewah tawar alam layar eksklusif komodo island lengkap fasilitas premium layan profesional
Flores Utama,Flores Utama,IJ_DELUXE,IDR 58.000.000,58000000,3D2N,3 Guests,"komodo, padar, pink beach, labuan bajo, kanawa, kelor","sun deck, bar, ac, bathroom, cabin, dining area","snorkeling, diving, trekking, open trip","ac, dining area, snorkeling, labuan bajo, bar, sun deck, komodo, cabin, padar, pink beach, bathroom, trekking, diving, kelor, kanawa, open trip",Flores Utama adalah kapal phinisi mewah yang menawarkan pengalaman berlayar eksklusif di Komodo Island. Dilengkapi fasilitas premium dan pelayanan profesional.,https://indonesiajuara.asia/wp-content/uploads/2022/10/ijt-ebp-horizontal.webp,https://indonesiajuara.asia/sewa-kapal-labuan-bajo/deluxe/flores-utama/,indonesiajuara.asia,"Flores Utama IJ_DELUXE 3D2N 3 Guests ac, dining area, snorkeling, labuan bajo, bar, sun deck, komodo, cabin, padar, pink beach, bathroom, trekking, diving, kelor, kanawa, open trip","Flores Utama IJ_DELUXE IDR 58.000.000 komodo, padar, pink beach, labuan bajo, kanawa, kelor ac, dining area, snorkeling, labuan bajo, bar, sun deck, komodo, cabin, padar, pink beach, bathroom, trekking, diving, kelor, kanawa, open trip Flores Utama adalah kapal phinisi mewah yang menawarkan pengalaman berlayar eksklusif di Komodo Island. Dilengkapi fasilitas premium dan pelayanan profesional.",flores utama ijdeluxe komodo padar pink beach labu bajo kanawa kelor ac ning area snorkeling labu bajo bar sun deck komodo cabin padar pink beach bathroom trekking diving kelor kanawa open trip flores utama mewah tawar alam layar eksklusif komodo island lengkap fasilitas premium layan profesional
Sewa Kapal Radea 2,Sewa Radea 2,IJ_DELUXE,IDR 57.000.000,57000000,3D2N,1 Guests,"komodo, padar, pink beach, labuan bajo, kanawa, kelor","bar, ac, bathroom, cabin, lounge","snorkeling, diving, trekking, open trip","ac, lounge, snorkeling, labuan bajo, bar, komodo, cabin, padar, pink beach, bathroom, trekking, diving, kelor, kanawa, open trip",Sewa Radea 2 adalah kapal phinisi mewah yang menawarkan pengalaman berlayar eksklusif di Komodo Island. Dilengkapi fasilitas premium dan pelayanan profesional.,https://indonesiajuara.asia/wp-content/uploads/2022/10/ijt-ebp-horizontal.webp,https://indonesiajuara.asia/sewa-kapal-labuan-bajo/deluxe/radea-2/,indonesiajuara.asia,"Sewa Kapal Radea 2 IJ_DELUXE 3D2N 1 Guests ac, lounge, snorkeling, labuan bajo, bar, komodo, cabin, padar, pink beach, bathroom, trekking, diving, kelor, kanawa, open trip","Sewa Radea 2 IJ_DELUXE IDR 57.000.000 komodo, padar, pink beach, labuan bajo, kanawa, kelor ac, lounge, snorkeling, labuan bajo, bar, komodo, cabin, padar, pink beach, bathroom, trekking, diving, kelor, kanawa, open trip Sewa Radea 2 adalah kapal phinisi mewah yang menawarkan pengalaman berlayar eksklusif di Komodo Island. Dilengkapi fasilitas premium dan pelayanan profesional.",sewa radea ijdeluxe komodo padar pink beach labu bajo kanawa kelor ac lounge snorkeling labu bajo bar komodo cabin padar pink beach bathroom trekking diving kelor kanawa open trip sewa radea mewah tawar alam layar eksklusif komodo island lengkap fasilitas premium layan profesional
Sewa Kapal Phinisi Arfisyana 2,Sewa Arfisyana 2,IJ_DELUXE,Rp 64.500.000,64500000,3D2N,2 - 10 Guests,"komodo, padar, pink beach, labuan bajo, kanawa, kelor","wifi, restaurant, bar, ac, bathroom, cabin","snorkeling, diving, trekking, open trip, kayak","ac, snorkeling, kayak, labuan bajo, bar, restaurant, komodo, cabin, padar, pink beach, bathroom, trekking, wifi, diving, kelor, kanawa, open trip",Sewa Arfisyana 2 adalah kapal phinisi mewah yang menawarkan pengalaman berlayar eksklusif di Komodo Island. Dilengkapi fasilitas premium dan pelayanan profesional.,https://indonesiajuara.asia/wp-content/uploads/2022/10/ijt-ebp-horizontal.webp,https://indonesiajuara.asia/sewa-kapal-labuan-bajo/deluxe/arfisyana-2/,indonesiajuara.asia,"Sewa Kapal Phinisi Arfisyana 2 IJ_DELUXE 3D2N 2 - 10 Guests ac, snorkeling, kayak, labuan bajo, bar, restaurant, komodo, cabin, padar, pink beach, bathroom, trekking, wifi, diving, kelor, kanawa, open trip","Sewa Arfisyana 2 IJ_DELUXE Rp 64.500.000 komodo, padar, pink beach, labuan bajo, kanawa, kelor ac, snorkeling, kayak, labuan bajo, bar, restaurant, komodo, cabin, padar, pink beach, bathroom, trekking, wifi, diving, kelor, kanawa, open trip Sewa Arfisyana 2 adalah kapal phinisi mewah yang menawarkan pengalaman berlayar eksklusif di Komodo Island. Dilengkapi fasilitas premium dan pelayanan profesional.",sewa arfisyana ijdeluxe komodo padar pink beach labu bajo kanawa kelor ac snorkeling kayak labu bajo bar restaurant komodo cabin padar pink beach bathroom trekking wifi diving kelor kanawa open trip sewa arfisyana mewah tawar alam layar eksklusif komodo island lengkap fasilitas premium layan profesional
Sewa Kapal Mega Trusmi,Sewa Mega Trusmi,IJ_DELUXE,IDR 50.000.000,50000000,3D2N,1 Guests,"komodo, padar, pink beach, labuan bajo, kanawa, kelor","bar, ac, bathroom, cabin","snorkeling, diving, trekking, open trip","ac, snorkeling, labuan bajo, bar, komodo, cabin, padar, pink beach, bathroom, trekking, diving, kelor, kanawa, open trip",Sewa Mega Trusmi adalah kapal phinisi mewah yang menawarkan pengalaman berlayar eksklusif di Komodo Island. Dilengkapi fasilitas premium dan pelayanan profesional.,https://indonesiajuara.asia/wp-content/uploads/2022/10/ijt-ebp-horizontal.webp,https://indonesiajuara.asia/sewa-kapal-labuan-bajo/deluxe/mega-trusmi/,indonesiajuara.asia,"Sewa Kapal Mega Trusmi IJ_DELUXE 3D2N 1 Guests ac, snorkeling, labuan bajo, bar, komodo, cabin, padar, pink beach, bathroom, trekking, diving, kelor, kanawa, open trip","Sewa Mega Trusmi IJ_DELUXE IDR 50.000.000 komodo, padar, pink beach, labuan bajo, kanawa, kelor ac, snorkeling, labuan bajo, bar, komodo, cabin, padar, pink beach, bathroom, trekking, diving, kelor, kanawa, open trip Sewa Mega Trusmi adalah kapal phinisi mewah yang menawarkan pengalaman berlayar eksklusif di Komodo Island. Dilengkapi fasilitas premium dan pelayanan profesional.",sewa mega trusmi ijdeluxe komodo padar pink beach labu bajo kanawa kelor ac snorkeling labu bajo bar komodo cabin padar pink beach bathroom trekking diving kelor kanawa open trip sewa mega trusmi mewah tawar alam layar eksklusif komodo island lengkap fasilitas premium layan profesional
NK Jaya II,NK Jaya II,IJ_DELUXE,Rp 54.000.000,54000000,3D2N,2 - 10 Guests,"komodo, padar, pink beach, labuan bajo, kanawa, kelor","sun deck, jacuzzi, bar, ac, bathroom, cabin, dining area","snorkeling, diving, trekking, open trip","ac, dining area, snorkeling, labuan bajo, bar, sun deck, komodo, cabin, padar, pink beach, trekking, bathroom, jacuzzi, diving, kelor, kanawa, open trip",NK Jaya II adalah kapal phinisi mewah yang menawarkan pengalaman berlayar eksklusif di Komodo Island. Dilengkapi fasilitas premium dan pelayanan profesional.,https://indonesiajuara.asia/wp-content/uploads/2022/10/ijt-ebp-horizontal.webp,https://indonesiajuara.asia/sewa-kapal-labuan-bajo/deluxe/nk-jaya-ii/,indonesiajuara.asia,"NK Jaya II IJ_DELUXE 3D2N 2 - 10 Guests ac, dining area, snorkeling, labuan bajo, bar, sun deck, komodo, cabin, padar, pink beach, trekking, bathroom, jacuzzi, diving, kelor, kanawa, open trip","NK Jaya II IJ_DELUXE Rp 54.000.000 komodo, padar, pink beach, labuan bajo, kanawa, kelor ac, dining area, snorkeling, labuan bajo, bar, sun deck, komodo, cabin, padar, pink beach, trekking, bathroom, jacuzzi, diving, kelor, kanawa, open trip NK Jaya II adalah kapal phinisi mewah yang menawarkan pengalaman berlayar eksklusif di Komodo Island. Dilengkapi fasilitas premium dan pelayanan profesional.",nk jaya ii ijdeluxe komodo padar pink beach labu bajo kanawa kelor ac ning area snorkeling labu bajo bar sun deck komodo cabin padar pink beach trekking bathroom jacuzzi diving kelor kanawa open trip nk jaya ii mewah tawar alam layar eksklusif komodo island lengkap fasilitas premium layan profesional
Sewa Kapal Maheswari,Sewa Maheswari,IJ_DELUXE,IDR 66.000.000,66000000,3D2N,1 Guests,"komodo, padar, pink beach, labuan bajo, kanawa, kelor","bar, ac, bathroom, cabin, dining area","snorkeling, diving, trekking, open trip","ac, dining area, snorkeling, labuan bajo, bar, komodo, cabin, padar, pink beach, bathroom, trekking, diving, kelor, kanawa, open trip",Sewa Maheswari adalah kapal phinisi mewah yang menawarkan pengalaman berlayar eksklusif di Komodo Island. Dilengkapi fasilitas premium dan pelayanan profesional.,https://indonesiajuara.asia/wp-content/uploads/2022/10/ijt-ebp-horizontal.webp,https://indonesiajuara.asia/sewa-kapal-labuan-bajo/deluxe/maheswari/,indonesiajuara.asia,"Sewa Kapal Maheswari IJ_DELUXE 3D2N 1 Guests ac, dining area, snorkeling, labuan bajo, bar, komodo, cabin, padar, pink beach, bathroom, trekking, diving, kelor, kanawa, open trip","Sewa Maheswari IJ_DELUXE IDR 66.000.000 komodo, padar, pink beach, labuan bajo, kanawa, kelor ac, dining area, snorkeling, labuan bajo, bar, komodo, cabin, padar, pink beach, bathroom, trekking, diving, kelor, kanawa, open trip Sewa Maheswari adalah kapal phinisi mewah yang menawarkan pengalaman berlayar eksklusif di Komodo Island. Dilengkapi fasilitas premium dan pelayanan profesional.",sewa maheswari ijdeluxe komodo padar pink beach labu bajo kanawa kelor ac ning area snorkeling labu bajo bar komodo cabin padar pink beach bathroom trekking diving kelor kanawa open trip sewa maheswari mewah tawar alam layar eksklusif komodo island lengkap fasilitas premium layan profesional
North Blue,North Blue,IJ_DELUXE,IDR 2.650.000,2650000,3D2N,3 Guests,"komodo, padar, pink beach, labuan bajo, kanawa, kelor","bar, ac, bathroom, cabin, dining area","snorkeling, diving, trekking, open trip","ac, dining area, snorkeling, labuan bajo, bar, komodo, cabin, padar, pink beach, bathroom, trekking, diving, kelor, kanawa, open trip",North Blue adalah kapal phinisi mewah yang menawarkan pengalaman berlayar eksklusif di Komodo Island. Dilengkapi fasilitas premium dan pelayanan profesional.,https://indonesiajuara.asia/wp-content/uploads/2022/10/ijt-ebp-horizontal.webp,https://indonesiajuara.asia/sewa-kapal-labuan-bajo/deluxe/north-blue/,indonesiajuara.asia,"North Blue IJ_DELUXE 3D2N 3 Guests ac, dining area, snorkeling, labuan bajo, bar, komodo, cabin, padar, pink beach, bathroom, trekking, diving, kelor, kanawa, open trip","North Blue IJ_DELUXE IDR 2.650.000 komodo, padar, pink beach, labuan bajo, kanawa, kelor ac, dining area, snorkeling, labuan bajo, bar, komodo, cabin, padar, pink beach, bathroom, trekking, diving, kelor, kanawa, open trip North Blue adalah kapal phinisi mewah yang menawarkan pengalaman berlayar eksklusif di Komodo Island. Dilengkapi fasilitas premium dan pelayanan profesional.",north blue ijdeluxe komodo padar pink beach labu bajo kanawa kelor ac ning area snorkeling labu bajo bar komodo cabin padar pink beach bathroom trekking diving kelor kanawa open trip north blue mewah tawar alam layar eksklusif komodo island lengkap fasilitas premium layan profesional
Floresta,Floresta,IJ_DELUXE,IDR 45.000.000,45000000,3D2N,2 Guests,"komodo, padar, pink beach, labuan bajo, kanawa, kelor","sun deck, bar, ac, bathroom, cabin, dining area","snorkeling, diving, trekking, open trip","ac, dining area, snorkeling, labuan bajo, bar, sun deck, komodo, cabin, padar, pink beach, bathroom, trekking, diving, kelor, kanawa, open trip",Floresta adalah kapal phinisi mewah yang menawarkan pengalaman berlayar eksklusif di Komodo Island. Dilengkapi fasilitas premium dan pelayanan profesional.,https://indonesiajuara.asia/wp-content/uploads/2022/10/ijt-ebp-horizontal.webp,https://indonesiajuara.asia/sewa-kapal-labuan-bajo/deluxe/floresta/,indonesiajuara.asia,"Floresta IJ_DELUXE 3D2N 2 Guests ac, dining area, snorkeling, labuan bajo, bar, sun deck, komodo, cabin, padar, pink beach, bathroom, trekking, diving, kelor, kanawa, open trip","Floresta IJ_DELUXE IDR 45.000.000 komodo, padar, pink beach, labuan bajo, kanawa, kelor ac, dining area, snorkeling, labuan bajo, bar, sun deck, komodo, cabin, padar, pink beach, bathroom, trekking, diving, kelor, kanawa, open trip Floresta adalah kapal phinisi mewah yang menawarkan pengalaman berlayar eksklusif di Komodo Island. Dilengkapi fasilitas premium dan pelayanan profesional.",floresta ijdeluxe komodo padar pink beach labu bajo kanawa kelor ac ning area snorkeling labu bajo bar sun deck komodo cabin padar pink beach bathroom trekking diving kelor kanawa open trip floresta mewah tawar alam layar eksklusif komodo island lengkap fasilitas premium layan profesional
Diara La Oceano,Diara La Oceano,IJ_DELUXE,IDR 3.000.000,3000000,3D2N,2 Guests,"komodo, padar, pink beach, labuan bajo, kanawa, kelor","bar, ac, bathroom, cabin, dining area","snorkeling, diving, trekking, open trip","ac, dining area, snorkeling, labuan bajo, bar, komodo, cabin, padar, pink beach, bathroom, trekking, diving, kelor, kanawa, open trip",Diara La Oceano adalah kapal phinisi mewah yang menawarkan pengalaman berlayar eksklusif di Komodo Island. Dilengkapi fasilitas premium dan pelayanan profesional.,https://indonesiajuara.asia/wp-content/uploads/2022/10/ijt-ebp-horizontal.webp,https://indonesiajuara.asia/sewa-kapal-labuan-bajo/deluxe/diara-la-oceano/,indonesiajuara.asia,"Diara La Oceano IJ_DELUXE 3D2N 2 Guests ac, dining area, snorkeling, labuan bajo, bar, komodo, cabin, padar, pink beach, bathroom, trekking, diving, kelor, kanawa, open trip","Diara La Oceano IJ_DELUXE IDR 3.000.000 komodo, padar, pink beach, labuan bajo, kanawa, kelor ac, dining area, snorkeling, labuan bajo, bar, komodo, cabin, padar, pink beach, bathroom, trekking, diving, kelor, kanawa, open trip Diara La Oceano adalah kapal phinisi mewah yang menawarkan pengalaman berlayar eksklusif di Komodo Island. Dilengkapi fasilitas premium dan pelayanan profesional.",ara la oceano ijdeluxe komodo padar pink beach labu bajo kanawa kelor ac ning area snorkeling labu bajo bar komodo cabin padar pink beach bathroom trekking diving kelor kanawa open trip ara la oceano mewah tawar alam layar eksklusif komodo island lengkap fasilitas premium layan profesional
3 Island,3 Island,IJ_DELUXE,IDR 58.000.000,58000000,3D2N,4 Guests,"komodo, padar, pink beach, labuan bajo, kanawa, kelor","bar, ac, bathroom, cabin","snorkeling, diving, trekking, open trip","ac, snorkeling, labuan bajo, bar, komodo, cabin, padar, pink beach, bathroom, trekking, diving, kelor, kanawa, open trip",3 Island adalah kapal phinisi mewah yang menawarkan pengalaman berlayar eksklusif di Komodo Island. Dilengkapi fasilitas premium dan pelayanan profesional.,https://indonesiajuara.asia/wp-content/uploads/2022/10/ijt-ebp-horizontal.webp,https://indonesiajuara.asia/sewa-kapal-labuan-bajo/deluxe/3-island/,indonesiajuara.asia,"3 Island IJ_DELUXE 3D2N 4 Guests ac, snorkeling, labuan bajo, bar, komodo, cabin, padar, pink beach, bathroom, trekking, diving, kelor, kanawa, open trip","3 Island IJ_DELUXE IDR 58.000.000 komodo, padar, pink beach, labuan bajo, kanawa, kelor ac, snorkeling, labuan bajo, bar, komodo, cabin, padar, pink beach, bathroom, trekking, diving, kelor, kanawa, open trip 3 Island adalah kapal phinisi mewah yang menawarkan pengalaman berlayar eksklusif di Komodo Island. Dilengkapi fasilitas premium dan pelayanan profesional.",island ijdeluxe komodo padar pink beach labu bajo kanawa kelor ac snorkeling labu bajo bar komodo cabin padar pink beach bathroom trekking diving kelor kanawa open trip island mewah tawar alam layar eksklusif komodo island lengkap fasilitas premium layan profesional
NK Jaya 1,NK Jaya 1,IJ_DELUXE,Rp 58.000.000,58000000,3D2N,2 - 10 Guests,"komodo, padar, pink beach, labuan bajo, kanawa, kelor","sun deck, jacuzzi, bar, ac, bathroom, cabin, dining area","snorkeling, diving, trekking, open trip","ac, dining area, snorkeling, labuan bajo, bar, sun deck, komodo, cabin, padar, pink beach, trekking, bathroom, jacuzzi, diving, kelor, kanawa, open trip",NK Jaya 1 adalah kapal phinisi mewah yang menawarkan pengalaman berlayar eksklusif di Komodo Island. Dilengkapi fasilitas premium dan pelayanan profesional.,https://indonesiajuara.asia/wp-content/uploads/2022/10/ijt-ebp-horizontal.webp,https://indonesiajuara.asia/sewa-kapal-labuan-bajo/deluxe/nk-jaya-1/,indonesiajuara.asia,"NK Jaya 1 IJ_DELUXE 3D2N 2 - 10 Guests ac, dining area, snorkeling, labuan bajo, bar, sun deck, komodo, cabin, padar, pink beach, trekking, bathroom, jacuzzi, diving, kelor, kanawa, open trip","NK Jaya 1 IJ_DELUXE Rp 58.000.000 komodo, padar, pink beach, labuan bajo, kanawa, kelor ac, dining area, snorkeling, labuan bajo, bar, sun deck, komodo, cabin, padar, pink beach, trekking, bathroom, jacuzzi, diving, kelor, kanawa, open trip NK Jaya 1 adalah kapal phinisi mewah yang menawarkan pengalaman berlayar eksklusif di Komodo Island. Dilengkapi fasilitas premium dan pelayanan profesional.",nk jaya ijdeluxe komodo padar pink beach labu bajo kanawa kelor ac ning area snorkeling labu bajo bar sun deck komodo cabin padar pink beach trekking bathroom jacuzzi diving kelor kanawa open trip nk jaya mewah tawar alam layar eksklusif komodo island lengkap fasilitas premium layan profesional
My Way,My Way,IJ_DELUXE,Rp 48.500.000,48500000,3D2N,3 Guests,"komodo, padar, pink beach, labuan bajo, kanawa, kelor","bar, ac, bathroom, cabin, dining area","snorkeling, diving, trekking, open trip","ac, dining area, snorkeling, labuan bajo, bar, komodo, cabin, padar, pink beach, bathroom, trekking, diving, kelor, kanawa, open trip",My Way adalah kapal phinisi mewah yang menawarkan pengalaman berlayar eksklusif di Komodo Island. Dilengkapi fasilitas premium dan pelayanan profesional.,https://indonesiajuara.asia/wp-content/uploads/2022/10/ijt-ebp-horizontal.webp,https://indonesiajuara.asia/sewa-kapal-labuan-bajo/deluxe/my-way/,indonesiajuara.asia,"My Way IJ_DELUXE 3D2N 3 Guests ac, dining area, snorkeling, labuan bajo, bar, komodo, cabin, padar, pink beach, bathroom, trekking, diving, kelor, kanawa, open trip","My Way IJ_DELUXE Rp 48.500.000 komodo, padar, pink beach, labuan bajo, kanawa, kelor ac, dining area, snorkeling, labuan bajo, bar, komodo, cabin, padar, pink beach, bathroom, trekking, diving, kelor, kanawa, open trip My Way adalah kapal phinisi mewah yang menawarkan pengalaman berlayar eksklusif di Komodo Island. Dilengkapi fasilitas premium dan pelayanan profesional.",my way ijdeluxe komodo padar pink beach labu bajo kanawa kelor ac ning area snorkeling labu bajo bar komodo cabin padar pink beach bathroom trekking diving kelor kanawa open trip my way mewah tawar alam layar eksklusif komodo island lengkap fasilitas premium layan profesional
